order_id,order_date,ship_date,expected_delivery_date,delivery_date,shipping_method,payment_method,shipping_cost
OD1,2017-11-08,2017-11-08,2017-11-08,2017-11-08,Same Day,Debit Card,120
OD2,2017-11-08,2017-11-09,2017-11-11,2017-11-11,Express,Debit Card,90
OD3,2017-06-12,2017-06-14,2017-06-16,2017-06-17,Express,Cash,80
OD4,2016-10-11,2016-10-11,2016-10-11,2016-10-11,Same Day,Debit Card,120
OD6,2015-06-09,2015-06-09,2015-06-11,2015-06-10,Express,UPI,80
OD7,2015-06-09,2015-06-09,2015-06-14,2015-06-13,Standard,Debit Card,40
OD9,2015-06-09,2015-06-10,2015-06-15,2015-06-14,Standard,UPI,50
OD10,2015-06-09,2015-06-09,2015-06-09,2015-06-09,Same Day,UPI,120
OD11,2015-06-09,2015-06-09,2015-06-09,2015-06-09,Same Day,UPI,150
OD12,2015-06-09,2015-06-10,2015-06-12,2015-06-12,Express,UPI,90
OD14,2017-12-05,2017-12-05,2017-12-07,2017-12-06,Express,Debit Card,80
OD15,2016-11-22,2016-11-22,2016-11-22,2016-11-22,Same Day,UPI,100
OD16,2016-11-22,2016-11-22,2016-11-22,2016-11-22,Same Day,Cash,150
OD17,2015-11-11,2015-11-12,2015-11-17,2015-11-17,Standard,Debit Card,50
OD18,2015-05-13,2015-05-13,2015-05-15,2015-05-15,Express,UPI,70
OD19,2015-08-27,2015-08-28,2015-09-02,2015-09-02,Standard,Cash,50
OD20,2015-08-27,2015-08-27,2015-09-01,2015-09-01,Standard,Credit Card,40
OD21,2015-08-27,2015-08-28,2015-08-30,2015-08-29,Express,Debit Card,70
OD22,2017-12-09,2017-12-09,2017-12-09,2017-12-09,Same Day,UPI,100
OD23,2017-12-09,2017-12-10,2017-12-12,2017-12-12,Express,UPI,70
OD24,2018-07-16,2018-07-18,2018-07-23,2018-07-23,Standard,Cash,40
OD25,2016-09-25,2016-09-27,2016-09-29,2016-09-29,Express,UPI,80
OD26,2017-01-16,2017-01-17,2017-01-19,2017-01-20,Express,Debit Card,70
OD27,2017-01-16,2017-01-16,2017-01-16,2017-01-16,Same Day,UPI,120
OD28,2016-09-17,2016-09-17,2016-09-17,2016-09-17,Same Day,UPI,100
OD29,2016-09-17,2016-09-17,2016-09-17,2016-09-17,Same Day,Credit Card,100
OD30,2016-09-17,2016-09-17,2016-09-17,2016-09-17,Same Day,UPI,120
OD31,2016-09-17,2016-09-18,2016-09-23,2016-09-23,Standard,Cash,50
OD32,2016-09-17,2016-09-19,2016-09-21,2016-09-21,Express,Cash,70
OD33,2016-09-17,2016-09-17,2016-09-17,2016-09-17,Same Day,Cash,150
OD34,2016-09-17,2016-09-17,2016-09-17,2016-09-17,Same Day,Credit Card,150
OD35,2018-10-19,2018-10-19,2018-10-19,2018-10-19,Same Day,Cash,150
OD36,2017-12-08,2017-12-08,2017-12-08,2017-12-08,Same Day,Cash,100
OD37,2017-12-08,2017-12-08,2017-12-08,2017-12-08,Same Day,Cash,150
OD38,2016-12-27,2016-12-27,2016-12-27,2016-12-27,Same Day,Debit Card,120
OD39,2016-12-27,2016-12-27,2016-12-27,2016-12-27,Same Day,Cash,100
OD40,2016-12-27,2016-12-27,2016-12-27,2016-12-27,Same Day,Debit Card,100
OD41,2016-12-27,2016-12-27,2016-12-29,2016-12-29,Express,UPI,70
OD42,2018-09-10,2018-09-10,2018-09-10,2018-09-10,Same Day,Credit Card,120
OD43,2017-07-17,2017-07-17,2017-07-17,2017-07-17,Same Day,Cash,120
OD44,2018-09-19,2018-09-20,2018-09-25,2018-09-25,Standard,UPI,30
OD45,2017-03-11,2017-03-11,2017-03-11,2017-03-11,Same Day,Credit Card,120
OD46,2017-03-11,2017-03-11,2017-03-13,2017-03-12,Express,Cash,90
OD47,2015-10-20,2015-10-21,2015-10-26,2015-10-25,Standard,Credit Card,30
OD48,2017-06-20,2017-06-21,2017-06-26,2017-06-29,Standard,Debit Card,30
OD49,2017-06-20,2017-06-20,2017-06-20,2017-06-20,Same Day,Credit Card,100
OD50,2016-04-18,2016-04-20,2016-04-25,2016-04-24,Standard,UPI,30
OD51,2016-04-18,2016-04-18,2016-04-20,2016-04-20,Express,Credit Card,80
OD52,2016-04-18,2016-04-18,2016-04-20,2016-04-19,Express,Debit Card,90
OD53,2016-04-18,2016-04-18,2016-04-18,2016-04-18,Same Day,Debit Card,120
OD54,2017-12-11,2017-12-11,2017-12-11,2017-12-11,Same Day,UPI,100
OD55,2017-12-11,2017-12-11,2017-12-13,2017-12-13,Express,UPI,70
OD56,2017-06-17,2017-06-17,2017-06-19,2017-06-19,Express,Debit Card,70
OD57,2017-06-17,2017-06-19,2017-06-21,2017-06-24,Express,Cash,70
OD58,2017-06-17,2017-06-17,2017-06-17,2017-06-17,Same Day,Debit Card,120
OD59,2017-06-17,2017-06-17,2017-06-17,2017-06-17,Same Day,UPI,120
OD60,2017-06-17,2017-06-19,2017-06-24,2017-06-24,Standard,Debit Card,40
OD61,2017-06-17,2017-06-17,2017-06-17,2017-06-17,Same Day,Debit Card,100
OD62,2017-06-17,2017-06-17,2017-06-17,2017-06-17,Same Day,UPI,150
OD63,2016-11-24,2016-11-24,2016-11-26,2016-11-25,Express,UPI,90
OD65,2016-11-24,2016-11-26,2016-11-28,2016-12-01,Express,Cash,70
OD66,2016-11-24,2016-11-25,2016-11-27,2016-11-27,Express,UPI,80
OD67,2016-04-30,2016-04-30,2016-04-30,2016-04-30,Same Day,Debit Card,150
OD68,2015-12-05,2015-12-05,2015-12-05,2015-12-05,Same Day,Credit Card,100
OD69,2015-12-05,2015-12-07,2015-12-12,2015-12-12,Standard,Cash,40
OD70,2017-06-04,2017-06-05,2017-06-10,2017-06-10,Standard,Debit Card,50
OD72,2018-09-14,2018-09-14,2018-09-14,2018-09-14,Same Day,Credit Card,120
OD73,2016-04-26,2016-04-28,2016-05-03,2016-05-03,Standard,Credit Card,50
OD74,2016-04-26,2016-04-28,2016-04-30,2016-04-30,Express,UPI,80
OD75,2016-04-26,2016-04-28,2016-05-03,2016-05-06,Standard,Credit Card,30
OD76,2018-12-09,2018-12-11,2018-12-13,2018-12-13,Express,Debit Card,90
OD77,2018-12-09,2018-12-11,2018-12-16,2018-12-16,Standard,Cash,50
OD78,2018-12-09,2018-12-10,2018-12-15,2018-12-15,Standard,UPI,40
OD79,2015-11-26,2015-11-26,2015-11-26,2015-11-26,Same Day,Cash,150
OD80,2017-06-12,2017-06-12,2017-06-12,2017-06-12,Same Day,Cash,150
OD81,2017-06-12,2017-06-14,2017-06-19,2017-06-19,Standard,Cash,40
OD82,2015-10-12,2015-10-14,2015-10-16,2015-10-16,Express,Debit Card,90
OD84,2016-09-03,2016-09-03,2016-09-08,2016-09-08,Standard,Debit Card,40
OD85,2018-11-13,2018-11-13,2018-11-18,2018-11-19,Standard,Credit Card,50
OD86,2018-05-28,2018-05-28,2018-05-28,2018-05-28,Same Day,Credit Card,100
OD87,2018-10-26,2018-10-28,2018-11-02,2018-11-02,Standard,Debit Card,30
OD88,2018-10-26,2018-10-27,2018-10-29,2018-10-28,Express,UPI,90
OD89,2017-04-05,2017-04-05,2017-04-05,2017-04-05,Same Day,Debit Card,100
OD90,2017-09-17,2017-09-19,2017-09-24,2017-09-24,Standard,Credit Card,50
OD91,2017-09-17,2017-09-17,2017-09-17,2017-09-17,Same Day,UPI,100
OD92,2017-09-17,2017-09-17,2017-09-17,2017-09-17,Same Day,Debit Card,150
OD93,2016-01-31,2016-01-31,2016-01-31,2016-01-31,Same Day,Debit Card,100
OD94,2016-01-31,2016-01-31,2016-01-31,2016-01-31,Same Day,Debit Card,150
OD95,2016-01-31,2016-01-31,2016-02-05,2016-02-05,Standard,Debit Card,50
OD96,2018-11-06,2018-11-06,2018-11-06,2018-11-06,Same Day,Credit Card,100
OD97,2018-11-09,2018-11-09,2018-11-09,2018-11-09,Same Day,Cash,150
OD98,2018-06-17,2018-06-17,2018-06-17,2018-06-17,Same Day,Credit Card,150
OD99,2017-09-06,2017-09-06,2017-09-06,2017-09-06,Same Day,UPI,100
OD100,2017-08-29,2017-08-31,2017-09-02,2017-09-02,Express,Cash,80
OD101,2017-08-29,2017-08-30,2017-09-01,2017-09-01,Express,UPI,80
OD102,2017-08-29,2017-08-31,2017-09-02,2017-09-03,Express,Debit Card,70
OD103,2017-12-01,2017-12-02,2017-12-04,2017-12-04,Express,Credit Card,70
OD104,2016-11-13,2016-11-13,2016-11-15,2016-11-15,Express,Cash,90
OD105,2016-11-13,2016-11-15,2016-11-20,2016-11-20,Standard,Cash,30
OD106,2016-11-13,2016-11-13,2016-11-18,2016-11-18,Standard,Cash,50
OD107,2018-11-23,2018-11-23,2018-11-23,2018-11-23,Same Day,Cash,100
OD108,2018-11-23,2018-11-24,2018-11-26,2018-11-27,Express,Credit Card,80
OD109,2018-11-23,2018-11-23,2018-11-28,2018-11-28,Standard,Credit Card,30
OD111,2018-12-25,2018-12-27,2018-12-29,2018-12-30,Express,Cash,90
OD112,2017-11-03,2017-11-03,2017-11-03,2017-11-03,Same Day,UPI,100
OD113,2017-11-03,2017-11-03,2017-11-03,2017-11-03,Same Day,UPI,150
OD114,2015-08-25,2015-08-25,2015-08-30,2015-09-02,Standard,Cash,40
OD115,2015-08-25,2015-08-27,2015-08-29,2015-08-28,Express,Debit Card,70
OD116,2015-08-25,2015-08-25,2015-08-27,2015-08-27,Express,UPI,70
OD117,2015-08-25,2015-08-27,2015-09-01,2015-08-31,Standard,Cash,40
OD118,2016-03-02,2016-03-03,2016-03-05,2016-03-04,Express,UPI,70
OD119,2016-04-05,2016-04-05,2016-04-05,2016-04-05,Same Day,Cash,120
OD120,2017-06-12,2017-06-13,2017-06-15,2017-06-16,Express,Cash,80
OD121,2017-06-12,2017-06-12,2017-06-12,2017-06-12,Same Day,Cash,120
OD122,2017-06-12,2017-06-12,2017-06-12,2017-06-12,Same Day,Credit Card,150
OD123,2017-06-12,2017-06-12,2017-06-17,2017-06-16,Standard,Cash,50
OD124,2017-06-12,2017-06-14,2017-06-19,2017-06-18,Standard,Credit Card,40
OD125,2015-12-26,2015-12-27,2015-12-29,2015-12-30,Express,UPI,70
OD126,2015-09-20,2015-09-20,2015-09-25,2015-09-26,Standard,Cash,30
OD127,2018-11-05,2018-11-07,2018-11-09,2018-11-09,Express,Credit Card,80
OD128,2018-11-05,2018-11-05,2018-11-05,2018-11-05,Same Day,Debit Card,100
OD129,2017-11-06,2017-11-07,2017-11-09,2017-11-09,Express,Credit Card,80
OD130,2017-11-06,2017-11-08,2017-11-13,2017-11-13,Standard,Debit Card,30
OD131,2018-02-02,2018-02-04,2018-02-09,2018-02-10,Standard,Cash,40
OD132,2018-02-02,2018-02-02,2018-02-04,2018-02-07,Express,Debit Card,70
OD133,2018-02-02,2018-02-02,2018-02-04,2018-02-04,Express,UPI,90
OD134,2017-10-13,2017-10-13,2017-10-13,2017-10-13,Same Day,Credit Card,150
OD135,2017-10-13,2017-10-13,2017-10-13,2017-10-13,Same Day,Credit Card,150
OD136,2017-10-13,2017-10-14,2017-10-16,2017-10-16,Express,Cash,80
OD137,2017-10-13,2017-10-14,2017-10-19,2017-10-19,Standard,Cash,50
OD138,2017-10-13,2017-10-15,2017-10-20,2017-10-20,Standard,Debit Card,30
OD139,2017-10-13,2017-10-15,2017-10-17,2017-10-18,Express,Credit Card,90
OD140,2017-10-13,2017-10-13,2017-10-15,2017-10-15,Express,Cash,80
OD141,2017-09-05,2017-09-05,2017-09-10,2017-09-10,Standard,Cash,30
OD142,2018-09-18,2018-09-19,2018-09-21,2018-09-21,Express,Credit Card,70
OD143,2018-09-18,2018-09-18,2018-09-23,2018-09-23,Standard,Debit Card,30
OD145,2018-12-22,2018-12-24,2018-12-26,2018-12-26,Express,Debit Card,70
OD146,2016-09-07,2016-09-07,2016-09-12,2016-09-12,Standard,Credit Card,30
OD147,2015-10-22,2015-10-24,2015-10-29,2015-10-28,Standard,Cash,40
OD149,2017-12-05,2017-12-06,2017-12-11,2017-12-11,Standard,Credit Card,40
OD150,2017-12-05,2017-12-05,2017-12-05,2017-12-05,Same Day,Debit Card,150
OD151,2017-12-05,2017-12-05,2017-12-05,2017-12-05,Same Day,UPI,150
OD152,2017-03-13,2017-03-13,2017-03-18,2017-03-17,Standard,Debit Card,30
OD153,2017-03-13,2017-03-15,2017-03-20,2017-03-20,Standard,Credit Card,40
OD154,2016-05-31,2016-05-31,2016-05-31,2016-05-31,Same Day,UPI,150
OD155,2016-05-31,2016-05-31,2016-06-05,2016-06-06,Standard,Debit Card,50
OD156,2016-05-31,2016-05-31,2016-06-02,2016-06-02,Express,Cash,90
OD157,2016-05-28,2016-05-28,2016-05-30,2016-06-01,Express,UPI,70
OD158,2015-03-01,2015-03-01,2015-03-01,2015-03-01,Same Day,Cash,120
OD159,2017-11-20,2017-11-20,2017-11-20,2017-11-20,Same Day,Cash,100
OD160,2017-11-20,2017-11-20,2017-11-20,2017-11-20,Same Day,UPI,150
OD161,2017-05-11,2017-05-11,2017-05-11,2017-05-11,Same Day,Credit Card,120
OD162,2016-12-28,2016-12-28,2016-12-28,2016-12-28,Same Day,UPI,100
OD163,2017-11-16,2017-11-18,2017-11-20,2017-11-20,Express,UPI,90
OD164,2017-11-07,2017-11-08,2017-11-10,2017-11-10,Express,UPI,90
OD165,2015-09-08,2015-09-08,2015-09-08,2015-09-08,Same Day,Cash,100
OD166,2015-09-08,2015-09-08,2015-09-13,2015-09-13,Standard,Debit Card,40
OD167,2015-09-08,2015-09-09,2015-09-14,2015-09-14,Standard,UPI,50
OD168,2015-09-08,2015-09-09,2015-09-14,2015-09-14,Standard,Cash,30
OD169,2015-09-08,2015-09-09,2015-09-14,2015-09-14,Standard,Credit Card,30
OD171,2015-09-08,2015-09-08,2015-09-08,2015-09-08,Same Day,Cash,120
OD172,2015-08-05,2015-08-05,2015-08-05,2015-08-05,Same Day,Credit Card,120
OD173,2015-08-05,2015-08-06,2015-08-08,2015-08-08,Express,Credit Card,80
OD174,2015-08-05,2015-08-06,2015-08-08,2015-08-08,Express,Debit Card,80
OD175,2015-09-14,2015-09-15,2015-09-20,2015-09-20,Standard,Credit Card,30
OD176,2015-09-14,2015-09-16,2015-09-18,2015-09-18,Express,Cash,80
OD177,2018-04-21,2018-04-21,2018-04-26,2018-04-25,Standard,Credit Card,30
OD178,2016-11-21,2016-11-21,2016-11-21,2016-11-21,Same Day,Debit Card,120
OD179,2016-11-21,2016-11-23,2016-11-28,2016-11-28,Standard,Credit Card,50
OD180,2016-12-15,2016-12-15,2016-12-15,2016-12-15,Same Day,Credit Card,100
OD181,2015-12-05,2015-12-05,2015-12-05,2015-12-05,Same Day,Debit Card,150
OD182,2015-12-05,2015-12-05,2015-12-05,2015-12-05,Same Day,Credit Card,100
OD183,2015-11-19,2015-11-20,2015-11-22,2015-11-23,Express,UPI,80
OD184,2015-11-19,2015-11-19,2015-11-19,2015-11-19,Same Day,Cash,120
OD185,2015-11-19,2015-11-19,2015-11-19,2015-11-19,Same Day,Debit Card,120
OD186,2017-11-28,2017-11-28,2017-12-03,2017-12-04,Standard,Debit Card,40
OD187,2015-08-26,2015-08-28,2015-09-02,2015-09-02,Standard,UPI,50
OD188,2017-07-16,2017-07-17,2017-07-19,2017-07-20,Express,Credit Card,70
OD189,2017-07-16,2017-07-18,2017-07-20,2017-07-20,Express,UPI,80
OD190,2016-10-12,2016-10-12,2016-10-12,2016-10-12,Same Day,Cash,120
OD191,2016-10-12,2016-10-14,2016-10-19,2016-10-21,Standard,Credit Card,50
OD192,2016-10-12,2016-10-13,2016-10-18,2016-10-19,Standard,Credit Card,40
OD193,2016-10-12,2016-10-13,2016-10-18,2016-10-18,Standard,UPI,50
OD194,2016-10-12,2016-10-12,2016-10-12,2016-10-12,Same Day,Credit Card,120
OD195,2016-10-31,2016-10-31,2016-10-31,2016-10-31,Same Day,Cash,150
OD196,2015-03-21,2015-03-21,2015-03-26,2015-03-26,Standard,Credit Card,50
OD197,2015-03-21,2015-03-21,2015-03-21,2015-03-21,Same Day,UPI,120
OD198,2018-11-06,2018-11-07,2018-11-12,2018-11-11,Standard,UPI,30
OD200,2018-07-06,2018-07-06,2018-07-08,2018-07-08,Express,UPI,90
OD201,2018-06-24,2018-06-24,2018-06-26,2018-06-26,Express,Debit Card,70
OD202,2015-08-03,2015-08-03,2015-08-03,2015-08-03,Same Day,UPI,100
OD203,2015-08-03,2015-08-03,2015-08-08,2015-08-07,Standard,UPI,40
OD204,2018-12-17,2018-12-17,2018-12-22,2018-12-22,Standard,Cash,40
OD205,2018-06-03,2018-06-04,2018-06-09,2018-06-09,Standard,Debit Card,40
OD206,2018-12-09,2018-12-10,2018-12-12,2018-12-12,Express,Cash,70
OD207,2018-12-01,2018-12-01,2018-12-01,2018-12-01,Same Day,UPI,120
OD208,2018-12-01,2018-12-01,2018-12-01,2018-12-01,Same Day,Cash,120
OD209,2018-12-01,2018-12-01,2018-12-06,2018-12-08,Standard,Credit Card,40
OD210,2018-12-01,2018-12-01,2018-12-01,2018-12-01,Same Day,UPI,100
OD211,2018-12-01,2018-12-01,2018-12-01,2018-12-01,Same Day,Credit Card,150
OD212,2016-02-09,2016-02-11,2016-02-16,2016-02-17,Standard,UPI,40
OD213,2016-01-02,2016-01-02,2016-01-07,2016-01-10,Standard,UPI,30
OD214,2016-01-02,2016-01-04,2016-01-06,2016-01-07,Express,Credit Card,90
OD215,2016-01-02,2016-01-03,2016-01-05,2016-01-05,Express,Cash,90
OD216,2016-01-02,2016-01-03,2016-01-08,2016-01-08,Standard,UPI,40
OD217,2016-01-02,2016-01-02,2016-01-02,2016-01-02,Same Day,Credit Card,120
OD218,2017-10-28,2017-10-28,2017-10-28,2017-10-28,Same Day,Debit Card,120
OD219,2017-10-28,2017-10-28,2017-11-02,2017-11-04,Standard,UPI,40
OD220,2016-12-24,2016-12-26,2016-12-28,2016-12-28,Express,Cash,80
OD221,2016-12-24,2016-12-24,2016-12-24,2016-12-24,Same Day,Cash,100
OD222,2016-12-24,2016-12-25,2016-12-30,2017-01-01,Standard,Credit Card,50
OD223,2016-12-24,2016-12-26,2016-12-31,2017-01-01,Standard,Debit Card,40
OD224,2016-12-24,2016-12-26,2016-12-28,2016-12-27,Express,Credit Card,70
OD225,2016-12-24,2016-12-26,2016-12-31,2017-01-01,Standard,Credit Card,40
OD226,2016-08-09,2016-08-09,2016-08-11,2016-08-11,Express,Cash,80
OD227,2016-08-09,2016-08-09,2016-08-14,2016-08-14,Standard,UPI,40
OD229,2016-02-28,2016-03-01,2016-03-03,2016-03-03,Express,Debit Card,80
OD230,2016-02-28,2016-02-28,2016-03-04,2016-03-04,Standard,Debit Card,40
OD231,2015-09-13,2015-09-13,2015-09-13,2015-09-13,Same Day,UPI,120
OD232,2018-04-07,2018-04-07,2018-04-09,2018-04-08,Express,Debit Card,90
OD233,2018-04-07,2018-04-07,2018-04-09,2018-04-09,Express,Credit Card,70
OD234,2018-04-07,2018-04-07,2018-04-12,2018-04-12,Standard,Debit Card,40
OD235,2018-04-07,2018-04-09,2018-04-14,2018-04-15,Standard,Debit Card,30
OD237,2018-11-12,2018-11-12,2018-11-12,2018-11-12,Same Day,Cash,150
OD238,2017-06-04,2017-06-04,2017-06-06,2017-06-06,Express,Debit Card,70
OD239,2017-06-04,2017-06-04,2017-06-04,2017-06-04,Same Day,Cash,150
OD240,2017-06-04,2017-06-04,2017-06-04,2017-06-04,Same Day,Debit Card,120
OD241,2017-06-04,2017-06-04,2017-06-04,2017-06-04,Same Day,Cash,150
OD242,2017-06-04,2017-06-04,2017-06-04,2017-06-04,Same Day,Cash,120
OD243,2017-06-04,2017-06-04,2017-06-04,2017-06-04,Same Day,Credit Card,120
OD244,2017-06-04,2017-06-06,2017-06-11,2017-06-10,Standard,UPI,30
OD245,2015-06-01,2015-06-02,2015-06-07,2015-06-09,Standard,Debit Card,30
OD246,2015-06-01,2015-06-02,2015-06-07,2015-06-06,Standard,Cash,40
OD247,2015-06-01,2015-06-03,2015-06-08,2015-06-08,Standard,Debit Card,30
OD248,2015-06-01,2015-06-01,2015-06-01,2015-06-01,Same Day,Debit Card,150
OD249,2015-06-01,2015-06-01,2015-06-06,2015-06-06,Standard,Cash,40
OD250,2017-12-10,2017-12-12,2017-12-14,2017-12-14,Express,Debit Card,90
OD251,2017-09-11,2017-09-12,2017-09-14,2017-09-13,Express,Debit Card,70
OD252,2017-09-11,2017-09-12,2017-09-14,2017-09-14,Express,UPI,90
OD253,2017-12-10,2017-12-10,2017-12-12,2017-12-12,Express,UPI,70
OD254,2017-12-10,2017-12-12,2017-12-17,2017-12-18,Standard,Credit Card,30
OD255,2016-11-28,2016-11-28,2016-12-03,2016-12-03,Standard,UPI,30
OD256,2016-11-28,2016-11-28,2016-11-28,2016-11-28,Same Day,Debit Card,120
OD257,2016-11-28,2016-11-30,2016-12-05,2016-12-05,Standard,UPI,50
OD258,2016-11-28,2016-11-28,2016-11-28,2016-11-28,Same Day,Debit Card,120
OD259,2018-12-01,2018-12-03,2018-12-08,2018-12-09,Standard,Credit Card,50
OD260,2018-12-01,2018-12-01,2018-12-03,2018-12-03,Express,UPI,80
OD261,2018-12-01,2018-12-01,2018-12-01,2018-12-01,Same Day,Debit Card,150
OD262,2018-06-08,2018-06-08,2018-06-08,2018-06-08,Same Day,Cash,100
OD263,2015-09-19,2015-09-21,2015-09-26,2015-09-27,Standard,Cash,40
OD264,2015-09-19,2015-09-21,2015-09-26,2015-09-26,Standard,Debit Card,50
OD265,2017-06-06,2017-06-06,2017-06-11,2017-06-10,Standard,UPI,40
OD266,2016-11-10,2016-11-10,2016-11-15,2016-11-15,Standard,Cash,30
OD267,2018-06-16,2018-06-16,2018-06-16,2018-06-16,Same Day,UPI,150
OD268,2017-01-22,2017-01-22,2017-01-24,2017-01-24,Express,Cash,90
OD269,2018-12-09,2018-12-11,2018-12-13,2018-12-14,Express,Cash,70
OD270,2018-12-09,2018-12-09,2018-12-09,2018-12-09,Same Day,Credit Card,120
OD271,2018-12-28,2018-12-28,2019-01-02,2019-01-02,Standard,Debit Card,50
OD272,2016-07-30,2016-07-30,2016-07-30,2016-07-30,Same Day,Debit Card,150
OD273,2016-07-30,2016-08-01,2016-08-03,2016-08-03,Express,UPI,90
OD274,2016-07-30,2016-07-30,2016-08-04,2016-08-06,Standard,Cash,30
OD275,2018-09-16,2018-09-18,2018-09-23,2018-09-26,Standard,Debit Card,30
OD276,2018-09-16,2018-09-16,2018-09-21,2018-09-21,Standard,Debit Card,30
OD278,2018-10-13,2018-10-13,2018-10-13,2018-10-13,Same Day,Cash,120
OD279,2018-10-13,2018-10-13,2018-10-13,2018-10-13,Same Day,UPI,120
OD280,2018-10-13,2018-10-15,2018-10-20,2018-10-20,Standard,UPI,30
OD281,2016-09-26,2016-09-26,2016-09-26,2016-09-26,Same Day,Debit Card,120
OD283,2016-11-02,2016-11-04,2016-11-06,2016-11-06,Express,Debit Card,80
OD284,2016-09-26,2016-09-26,2016-09-28,2016-10-01,Express,Credit Card,80
OD285,2016-09-26,2016-09-26,2016-09-28,2016-09-28,Express,UPI,90
OD286,2016-09-26,2016-09-26,2016-09-26,2016-09-26,Same Day,UPI,100
OD287,2017-12-18,2017-12-18,2017-12-20,2017-12-21,Express,UPI,70
OD288,2017-12-18,2017-12-20,2017-12-22,2017-12-22,Express,Debit Card,80
OD289,2017-12-18,2017-12-19,2017-12-21,2017-12-21,Express,Credit Card,80
OD290,2017-11-20,2017-11-20,2017-11-20,2017-11-20,Same Day,UPI,100
OD291,2017-11-20,2017-11-20,2017-11-22,2017-11-23,Express,Debit Card,70
OD292,2017-11-20,2017-11-20,2017-11-25,2017-11-24,Standard,Credit Card,40
OD294,2015-12-26,2015-12-27,2015-12-29,2015-12-31,Express,Credit Card,80
OD295,2015-12-26,2015-12-27,2015-12-29,2015-12-29,Express,Cash,80
OD296,2015-12-26,2015-12-26,2015-12-31,2015-12-31,Standard,Debit Card,30
OD297,2015-12-26,2015-12-27,2015-12-29,2015-12-30,Express,Credit Card,90
OD298,2015-12-26,2015-12-26,2015-12-26,2015-12-26,Same Day,UPI,150
OD299,2017-10-28,2017-10-28,2017-10-28,2017-10-28,Same Day,Credit Card,150
OD300,2017-10-28,2017-10-30,2017-11-04,2017-11-04,Standard,UPI,50
OD301,2017-10-28,2017-10-28,2017-11-02,2017-11-02,Standard,Credit Card,50
OD302,2017-10-28,2017-10-28,2017-10-28,2017-10-28,Same Day,Cash,150
OD303,2017-10-28,2017-10-28,2017-10-28,2017-10-28,Same Day,Debit Card,120
OD304,2018-11-19,2018-11-19,2018-11-19,2018-11-19,Same Day,UPI,150
OD305,2016-05-04,2016-05-05,2016-05-10,2016-05-10,Standard,Debit Card,30
OD306,2015-12-30,2015-12-30,2016-01-04,2016-01-04,Standard,UPI,40
OD307,2015-06-01,2015-06-01,2015-06-01,2015-06-01,Same Day,Cash,150
OD308,2015-06-01,2015-06-02,2015-06-07,2015-06-07,Standard,UPI,40
OD309,2018-04-15,2018-04-15,2018-04-15,2018-04-15,Same Day,Credit Card,150
OD310,2017-09-12,2017-09-12,2017-09-12,2017-09-12,Same Day,UPI,150
OD311,2017-09-12,2017-09-14,2017-09-16,2017-09-16,Express,Cash,70
OD312,2017-09-12,2017-09-12,2017-09-12,2017-09-12,Same Day,Credit Card,100
OD313,2017-09-12,2017-09-14,2017-09-16,2017-09-16,Express,UPI,90
OD315,2015-08-09,2015-08-09,2015-08-11,2015-08-14,Express,UPI,70
OD316,2015-08-09,2015-08-09,2015-08-14,2015-08-15,Standard,UPI,50
OD317,2015-12-28,2015-12-30,2016-01-01,2016-01-01,Express,UPI,70
OD318,2015-11-04,2015-11-05,2015-11-10,2015-11-10,Standard,Debit Card,30
OD319,2015-11-04,2015-11-04,2015-11-06,2015-11-06,Express,Cash,80
OD320,2015-11-04,2015-11-04,2015-11-04,2015-11-04,Same Day,Debit Card,100
OD321,2015-11-04,2015-11-04,2015-11-09,2015-11-10,Standard,Debit Card,40
OD322,2015-11-04,2015-11-05,2015-11-07,2015-11-07,Express,Cash,90
OD323,2015-09-19,2015-09-19,2015-09-24,2015-09-24,Standard,UPI,30
OD324,2017-04-23,2017-04-23,2017-04-25,2017-04-25,Express,Debit Card,80
OD326,2018-11-03,2018-11-05,2018-11-07,2018-11-08,Express,Cash,70
OD327,2017-08-30,2017-08-30,2017-09-01,2017-09-01,Express,Cash,70
OD328,2017-08-30,2017-09-01,2017-09-06,2017-09-07,Standard,UPI,50
OD329,2017-08-30,2017-08-30,2017-08-30,2017-08-30,Same Day,Credit Card,120
OD330,2017-08-30,2017-08-31,2017-09-02,2017-09-02,Express,Credit Card,80
OD331,2017-08-30,2017-08-30,2017-08-30,2017-08-30,Same Day,Credit Card,120
OD332,2017-04-25,2017-04-26,2017-05-01,2017-05-01,Standard,UPI,50
OD333,2017-04-25,2017-04-26,2017-05-01,2017-05-03,Standard,Cash,30
OD334,2017-04-25,2017-04-27,2017-04-29,2017-04-29,Express,Debit Card,70
OD335,2016-09-01,2016-09-01,2016-09-01,2016-09-01,Same Day,Cash,150
OD336,2016-09-01,2016-09-03,2016-09-05,2016-09-06,Express,Debit Card,80
OD337,2016-09-01,2016-09-03,2016-09-05,2016-09-05,Express,UPI,90
OD338,2015-07-12,2015-07-14,2015-07-16,2015-07-16,Express,Credit Card,70
OD339,2015-07-12,2015-07-12,2015-07-12,2015-07-12,Same Day,Credit Card,100
OD340,2016-06-22,2016-06-22,2016-06-22,2016-06-22,Same Day,Credit Card,150
OD341,2015-04-13,2015-04-13,2015-04-15,2015-04-15,Express,UPI,90
OD342,2015-04-13,2015-04-13,2015-04-13,2015-04-13,Same Day,Cash,120
OD343,2015-04-13,2015-04-14,2015-04-16,2015-04-19,Express,Cash,90
OD345,2016-12-20,2016-12-21,2016-12-23,2016-12-23,Express,Debit Card,90
OD346,2018-06-15,2018-06-15,2018-06-15,2018-06-15,Same Day,Cash,100
OD347,2018-07-08,2018-07-08,2018-07-10,2018-07-10,Express,UPI,70
OD348,2018-07-08,2018-07-08,2018-07-10,2018-07-10,Express,Debit Card,70
OD349,2018-07-08,2018-07-08,2018-07-13,2018-07-14,Standard,Cash,30
OD350,2017-09-01,2017-09-03,2017-09-05,2017-09-04,Express,Credit Card,80
OD351,2017-09-01,2017-09-01,2017-09-03,2017-09-04,Express,UPI,90
OD352,2017-09-01,2017-09-03,2017-09-08,2017-09-07,Standard,UPI,30
OD353,2017-09-01,2017-09-01,2017-09-01,2017-09-01,Same Day,Credit Card,100
OD354,2017-09-01,2017-09-01,2017-09-01,2017-09-01,Same Day,Cash,150
OD355,2017-04-08,2017-04-09,2017-04-11,2017-04-13,Express,UPI,90
OD356,2017-04-08,2017-04-08,2017-04-08,2017-04-08,Same Day,UPI,100
OD357,2017-04-08,2017-04-09,2017-04-14,2017-04-13,Standard,Cash,30
OD358,2017-04-08,2017-04-09,2017-04-14,2017-04-15,Standard,Debit Card,50
OD359,2017-04-23,2017-04-25,2017-04-30,2017-04-30,Standard,Credit Card,40
OD360,2018-03-08,2018-03-08,2018-03-08,2018-03-08,Same Day,Cash,120
OD361,2018-03-08,2018-03-10,2018-03-15,2018-03-15,Standard,UPI,40
OD363,2018-09-25,2018-09-26,2018-09-28,2018-09-29,Express,Debit Card,90
OD364,2018-09-25,2018-09-25,2018-09-25,2018-09-25,Same Day,Debit Card,100
OD366,2015-09-24,2015-09-24,2015-09-26,2015-09-26,Express,UPI,80
OD367,2017-10-21,2017-10-22,2017-10-27,2017-10-28,Standard,UPI,50
OD368,2017-10-21,2017-10-21,2017-10-23,2017-10-23,Express,Debit Card,90
OD369,2017-10-21,2017-10-21,2017-10-21,2017-10-21,Same Day,Cash,150
OD370,2017-10-21,2017-10-22,2017-10-24,2017-10-24,Express,Cash,80
OD371,2018-05-29,2018-05-29,2018-05-29,2018-05-29,Same Day,UPI,150
OD372,2018-05-29,2018-05-30,2018-06-04,2018-06-04,Standard,UPI,30
OD373,2015-07-23,2015-07-23,2015-07-25,2015-07-26,Express,Debit Card,90
OD374,2015-07-23,2015-07-25,2015-07-30,2015-07-31,Standard,Debit Card,40
OD375,2015-07-23,2015-07-23,2015-07-23,2015-07-23,Same Day,UPI,120
OD376,2015-07-23,2015-07-23,2015-07-23,2015-07-23,Same Day,Debit Card,100
OD377,2017-09-28,2017-09-28,2017-09-28,2017-09-28,Same Day,UPI,120
OD378,2018-08-27,2018-08-29,2018-08-31,2018-08-31,Express,Credit Card,80
OD379,2016-04-28,2016-04-28,2016-04-30,2016-04-30,Express,Credit Card,80
OD380,2016-04-28,2016-04-28,2016-04-28,2016-04-28,Same Day,Debit Card,150
OD381,2016-04-28,2016-04-28,2016-04-28,2016-04-28,Same Day,UPI,100
OD382,2017-10-28,2017-10-29,2017-11-03,2017-11-04,Standard,Cash,50
OD383,2017-10-28,2017-10-29,2017-10-31,2017-10-31,Express,Debit Card,80
OD385,2016-11-27,2016-11-27,2016-11-27,2016-11-27,Same Day,UPI,120
OD386,2016-11-27,2016-11-27,2016-12-02,2016-12-02,Standard,Debit Card,50
OD387,2016-12-03,2016-12-03,2016-12-03,2016-12-03,Same Day,Cash,120
OD388,2016-12-03,2016-12-03,2016-12-03,2016-12-03,Same Day,Cash,150
OD391,2018-12-11,2018-12-12,2018-12-17,2018-12-20,Standard,UPI,50
OD392,2015-09-21,2015-09-21,2015-09-26,2015-09-25,Standard,UPI,30
OD393,2015-09-21,2015-09-21,2015-09-26,2015-09-29,Standard,Credit Card,50
OD394,2015-06-07,2015-06-07,2015-06-09,2015-06-09,Express,UPI,70
OD395,2018-06-30,2018-06-30,2018-07-05,2018-07-05,Standard,UPI,40
OD396,2018-10-17,2018-10-17,2018-10-17,2018-10-17,Same Day,Debit Card,150
OD397,2018-10-17,2018-10-17,2018-10-17,2018-10-17,Same Day,UPI,150
OD398,2016-10-31,2016-10-31,2016-10-31,2016-10-31,Same Day,Cash,120
OD399,2017-09-08,2017-09-08,2017-09-08,2017-09-08,Same Day,UPI,120
OD400,2017-09-08,2017-09-08,2017-09-08,2017-09-08,Same Day,UPI,120
OD401,2017-09-08,2017-09-08,2017-09-13,2017-09-12,Standard,Cash,40
OD402,2017-09-08,2017-09-08,2017-09-08,2017-09-08,Same Day,Debit Card,100
OD403,2015-12-24,2015-12-24,2015-12-24,2015-12-24,Same Day,UPI,120
OD404,2015-04-16,2015-04-16,2015-04-16,2015-04-16,Same Day,Cash,150
OD405,2018-12-24,2018-12-25,2018-12-30,2018-12-30,Standard,UPI,40
OD407,2018-12-08,2018-12-08,2018-12-08,2018-12-08,Same Day,Debit Card,100
OD408,2018-12-08,2018-12-08,2018-12-10,2018-12-11,Express,Debit Card,80
OD409,2018-12-08,2018-12-08,2018-12-08,2018-12-08,Same Day,Cash,120
OD410,2018-12-08,2018-12-08,2018-12-08,2018-12-08,Same Day,UPI,100
OD411,2018-12-08,2018-12-08,2018-12-08,2018-12-08,Same Day,Cash,100
OD412,2018-12-08,2018-12-08,2018-12-08,2018-12-08,Same Day,Cash,100
OD413,2018-12-08,2018-12-08,2018-12-08,2018-12-08,Same Day,Debit Card,100
OD414,2018-12-08,2018-12-08,2018-12-08,2018-12-08,Same Day,UPI,120
OD415,2018-11-03,2018-11-03,2018-11-08,2018-11-07,Standard,Debit Card,50
OD416,2018-11-03,2018-11-03,2018-11-08,2018-11-08,Standard,Cash,30
OD417,2018-06-24,2018-06-26,2018-07-01,2018-07-01,Standard,Debit Card,40
OD418,2017-04-14,2017-04-14,2017-04-14,2017-04-14,Same Day,Cash,100
OD420,2018-03-04,2018-03-04,2018-03-06,2018-03-08,Express,Credit Card,90
OD421,2018-03-04,2018-03-04,2018-03-04,2018-03-04,Same Day,UPI,100
OD422,2015-06-22,2015-06-22,2015-06-22,2015-06-22,Same Day,UPI,150
OD423,2018-10-19,2018-10-21,2018-10-23,2018-10-25,Express,Credit Card,90
OD424,2018-10-19,2018-10-19,2018-10-19,2018-10-19,Same Day,Debit Card,150
OD425,2018-08-21,2018-08-23,2018-08-28,2018-08-29,Standard,Debit Card,30
OD426,2018-11-23,2018-11-23,2018-11-28,2018-11-28,Standard,Debit Card,30
OD427,2018-11-23,2018-11-23,2018-11-23,2018-11-23,Same Day,Debit Card,150
OD428,2015-09-12,2015-09-13,2015-09-15,2015-09-14,Express,UPI,70
OD430,2017-04-15,2017-04-15,2017-04-15,2017-04-15,Same Day,Credit Card,120
OD431,2017-04-15,2017-04-17,2017-04-19,2017-04-21,Express,UPI,80
OD432,2017-04-15,2017-04-16,2017-04-21,2017-04-21,Standard,Debit Card,50
OD433,2017-04-15,2017-04-15,2017-04-20,2017-04-20,Standard,Credit Card,50
OD434,2017-06-06,2017-06-06,2017-06-06,2017-06-06,Same Day,Debit Card,150
OD435,2015-12-19,2015-12-21,2015-12-23,2015-12-23,Express,Debit Card,80
OD436,2015-12-19,2015-12-20,2015-12-25,2015-12-28,Standard,UPI,40
OD437,2017-06-12,2017-06-14,2017-06-19,2017-06-19,Standard,Credit Card,30
OD438,2017-06-12,2017-06-12,2017-06-12,2017-06-12,Same Day,Cash,150
OD439,2018-09-15,2018-09-15,2018-09-15,2018-09-15,Same Day,UPI,100
OD440,2018-01-20,2018-01-22,2018-01-24,2018-01-23,Express,Credit Card,80
OD441,2017-09-05,2017-09-05,2017-09-10,2017-09-10,Standard,Cash,40
OD442,2017-09-05,2017-09-06,2017-09-11,2017-09-14,Standard,Cash,30
OD443,2017-09-05,2017-09-05,2017-09-05,2017-09-05,Same Day,Credit Card,150
OD444,2017-09-05,2017-09-05,2017-09-07,2017-09-07,Express,Credit Card,90
OD445,2017-09-05,2017-09-07,2017-09-09,2017-09-08,Express,Cash,70
OD446,2017-09-05,2017-09-06,2017-09-08,2017-09-08,Express,UPI,80
OD447,2018-03-20,2018-03-20,2018-03-20,2018-03-20,Same Day,Debit Card,120
OD448,2017-04-01,2017-04-03,2017-04-08,2017-04-08,Standard,Debit Card,50
OD449,2017-04-01,2017-04-01,2017-04-06,2017-04-06,Standard,Credit Card,30
OD450,2017-04-01,2017-04-01,2017-04-01,2017-04-01,Same Day,Credit Card,150
OD451,2017-04-01,2017-04-03,2017-04-08,2017-04-08,Standard,UPI,30
OD452,2017-04-01,2017-04-02,2017-04-04,2017-04-05,Express,Credit Card,80
OD453,2017-04-01,2017-04-03,2017-04-05,2017-04-07,Express,Debit Card,80
OD454,2018-10-20,2018-10-20,2018-10-20,2018-10-20,Same Day,Cash,120
OD455,2018-10-20,2018-10-21,2018-10-23,2018-10-24,Express,Cash,70
OD456,2017-12-13,2017-12-13,2017-12-13,2017-12-13,Same Day,Debit Card,100
OD457,2015-02-12,2015-02-14,2015-02-19,2015-02-18,Standard,Credit Card,50
OD458,2017-09-26,2017-09-26,2017-09-28,2017-10-01,Express,UPI,90
OD459,2017-09-26,2017-09-26,2017-09-26,2017-09-26,Same Day,Debit Card,120
OD460,2016-12-15,2016-12-17,2016-12-19,2016-12-19,Express,Cash,80
OD461,2016-12-15,2016-12-17,2016-12-22,2016-12-22,Standard,Cash,50
OD462,2016-12-15,2016-12-17,2016-12-19,2016-12-19,Express,Credit Card,70
OD463,2017-04-22,2017-04-22,2017-04-22,2017-04-22,Same Day,Cash,150
OD464,2017-04-22,2017-04-22,2017-04-24,2017-04-24,Express,Debit Card,70
OD465,2017-04-22,2017-04-23,2017-04-28,2017-04-29,Standard,Credit Card,30
OD466,2017-04-22,2017-04-23,2017-04-25,2017-04-25,Express,Credit Card,70
OD467,2017-04-22,2017-04-24,2017-04-26,2017-04-26,Express,Cash,80
OD468,2016-01-17,2016-01-18,2016-01-20,2016-01-20,Express,Debit Card,70
OD469,2018-03-31,2018-03-31,2018-03-31,2018-03-31,Same Day,UPI,100
OD470,2017-12-16,2017-12-18,2017-12-20,2017-12-20,Express,Cash,80
OD471,2016-12-20,2016-12-20,2016-12-20,2016-12-20,Same Day,UPI,100
OD472,2015-11-09,2015-11-09,2015-11-11,2015-11-11,Express,Credit Card,80
OD473,2015-11-09,2015-11-09,2015-11-11,2015-11-10,Express,Debit Card,80
OD474,2015-11-09,2015-11-09,2015-11-11,2015-11-10,Express,UPI,70
OD475,2015-11-09,2015-11-11,2015-11-16,2015-11-16,Standard,Debit Card,40
OD476,2015-11-09,2015-11-10,2015-11-15,2015-11-14,Standard,Credit Card,30
OD477,2015-11-09,2015-11-10,2015-11-12,2015-11-12,Express,Credit Card,80
OD479,2017-10-27,2017-10-29,2017-11-03,2017-11-04,Standard,Cash,40
OD480,2017-06-26,2017-06-26,2017-06-26,2017-06-26,Same Day,UPI,100
OD481,2017-06-26,2017-06-27,2017-07-02,2017-07-03,Standard,Cash,40
OD482,2015-10-06,2015-10-06,2015-10-06,2015-10-06,Same Day,Debit Card,100
OD483,2015-07-22,2015-07-23,2015-07-28,2015-07-27,Standard,UPI,40
OD484,2015-07-22,2015-07-22,2015-07-22,2015-07-22,Same Day,Credit Card,100
OD485,2018-06-10,2018-06-12,2018-06-17,2018-06-17,Standard,UPI,50
OD486,2018-06-10,2018-06-10,2018-06-12,2018-06-12,Express,UPI,90
OD487,2018-06-10,2018-06-10,2018-06-10,2018-06-10,Same Day,Debit Card,120
OD488,2015-10-29,2015-10-31,2015-11-02,2015-11-03,Express,UPI,70
OD489,2015-06-09,2015-06-09,2015-06-14,2015-06-15,Standard,Debit Card,30
OD490,2015-06-09,2015-06-11,2015-06-13,2015-06-12,Express,Debit Card,70
OD491,2015-06-09,2015-06-09,2015-06-09,2015-06-09,Same Day,Credit Card,120
OD492,2015-09-14,2015-09-14,2015-09-14,2015-09-14,Same Day,Cash,120
OD493,2015-09-14,2015-09-15,2015-09-17,2015-09-17,Express,Cash,80
OD494,2017-05-09,2017-05-11,2017-05-16,2017-05-16,Standard,Debit Card,30
OD495,2017-03-18,2017-03-18,2017-03-20,2017-03-22,Express,Debit Card,90
OD496,2016-12-27,2016-12-27,2016-12-29,2016-12-29,Express,Cash,90
OD497,2017-07-25,2017-07-25,2017-07-25,2017-07-25,Same Day,Debit Card,100
OD498,2017-07-25,2017-07-25,2017-07-25,2017-07-25,Same Day,Debit Card,100
OD499,2017-07-25,2017-07-25,2017-07-30,2017-07-30,Standard,Credit Card,30
OD500,2017-07-25,2017-07-26,2017-07-31,2017-07-30,Standard,Debit Card,30
OD501,2017-05-30,2017-05-31,2017-06-05,2017-06-05,Standard,Credit Card,50
OD502,2017-05-30,2017-05-30,2017-05-30,2017-05-30,Same Day,Debit Card,100
OD503,2017-05-30,2017-05-31,2017-06-02,2017-06-02,Express,UPI,90
OD504,2017-05-30,2017-05-31,2017-06-05,2017-06-04,Standard,Credit Card,40
OD505,2017-05-30,2017-06-01,2017-06-03,2017-06-03,Express,Credit Card,70
OD506,2018-11-12,2018-11-12,2018-11-17,2018-11-16,Standard,Credit Card,30
OD507,2016-03-16,2016-03-17,2016-03-19,2016-03-19,Express,Cash,80
OD508,2016-03-16,2016-03-17,2016-03-22,2016-03-24,Standard,Credit Card,40
OD509,2016-03-16,2016-03-16,2016-03-18,2016-03-17,Express,Cash,90
OD511,2018-11-26,2018-11-26,2018-11-26,2018-11-26,Same Day,Debit Card,120
OD512,2018-11-26,2018-11-28,2018-11-30,2018-12-01,Express,Credit Card,70
OD513,2017-10-20,2017-10-20,2017-10-20,2017-10-20,Same Day,Credit Card,100
OD514,2018-12-21,2018-12-21,2018-12-21,2018-12-21,Same Day,UPI,100
OD515,2018-12-21,2018-12-21,2018-12-26,2018-12-26,Standard,Cash,30
OD516,2018-01-22,2018-01-22,2018-01-22,2018-01-22,Same Day,Debit Card,100
OD517,2018-01-22,2018-01-22,2018-01-22,2018-01-22,Same Day,UPI,100
OD518,2018-01-22,2018-01-24,2018-01-29,2018-01-29,Standard,Credit Card,50
OD519,2018-01-22,2018-01-22,2018-01-24,2018-01-24,Express,Debit Card,70
OD520,2016-03-22,2016-03-22,2016-03-27,2016-03-27,Standard,Credit Card,50
OD521,2016-03-22,2016-03-23,2016-03-25,2016-03-25,Express,Cash,80
OD522,2016-03-22,2016-03-23,2016-03-28,2016-03-28,Standard,Cash,30
OD523,2018-01-23,2018-01-23,2018-01-23,2018-01-23,Same Day,Credit Card,150
OD524,2017-05-21,2017-05-22,2017-05-27,2017-05-26,Standard,Cash,50
OD525,2017-05-21,2017-05-23,2017-05-28,2017-05-29,Standard,UPI,50
OD526,2016-12-26,2016-12-26,2016-12-26,2016-12-26,Same Day,Cash,100
OD528,2018-10-21,2018-10-23,2018-10-25,2018-10-25,Express,UPI,80
OD529,2016-09-03,2016-09-03,2016-09-03,2016-09-03,Same Day,Credit Card,100
OD530,2016-09-03,2016-09-03,2016-09-08,2016-09-08,Standard,Debit Card,50
OD531,2016-09-03,2016-09-03,2016-09-03,2016-09-03,Same Day,Cash,150
OD532,2016-11-07,2016-11-09,2016-11-11,2016-11-12,Express,Credit Card,80
OD533,2018-09-07,2018-09-08,2018-09-13,2018-09-14,Standard,Cash,30
OD534,2017-05-29,2017-05-29,2017-06-03,2017-06-03,Standard,Credit Card,30
OD535,2017-05-29,2017-05-29,2017-05-29,2017-05-29,Same Day,Debit Card,120
OD536,2017-07-10,2017-07-11,2017-07-16,2017-07-18,Standard,Cash,50
OD537,2018-09-03,2018-09-03,2018-09-08,2018-09-08,Standard,Cash,50
OD538,2016-12-03,2016-12-05,2016-12-07,2016-12-07,Express,Credit Card,80
OD539,2016-12-07,2016-12-09,2016-12-14,2016-12-16,Standard,Credit Card,50
OD540,2016-12-07,2016-12-08,2016-12-13,2016-12-15,Standard,Credit Card,40
OD541,2015-02-01,2015-02-03,2015-02-08,2015-02-09,Standard,Credit Card,30
OD542,2017-07-14,2017-07-14,2017-07-14,2017-07-14,Same Day,Credit Card,100
OD543,2016-12-18,2016-12-18,2016-12-20,2016-12-20,Express,Cash,90
OD544,2015-05-11,2015-05-11,2015-05-11,2015-05-11,Same Day,UPI,150
OD546,2015-05-11,2015-05-13,2015-05-15,2015-05-15,Express,Debit Card,80
OD547,2018-11-19,2018-11-20,2018-11-25,2018-11-25,Standard,UPI,30
OD548,2018-11-19,2018-11-19,2018-11-21,2018-11-22,Express,UPI,80
OD549,2016-11-15,2016-11-16,2016-11-21,2016-11-20,Standard,Debit Card,40
OD550,2016-11-15,2016-11-15,2016-11-20,2016-11-20,Standard,UPI,50
OD551,2016-11-15,2016-11-17,2016-11-22,2016-11-22,Standard,Credit Card,30
OD552,2017-04-15,2017-04-16,2017-04-21,2017-04-21,Standard,Debit Card,30
OD553,2018-09-11,2018-09-11,2018-09-16,2018-09-16,Standard,UPI,50
OD554,2018-11-24,2018-11-24,2018-11-26,2018-11-27,Express,Debit Card,90
OD555,2018-06-29,2018-07-01,2018-07-06,2018-07-05,Standard,UPI,30
OD556,2015-03-03,2015-03-03,2015-03-08,2015-03-09,Standard,Cash,30
OD557,2017-06-10,2017-06-10,2017-06-15,2017-06-15,Standard,Cash,30
OD558,2017-06-10,2017-06-12,2017-06-17,2017-06-18,Standard,Credit Card,50
OD559,2017-06-10,2017-06-10,2017-06-15,2017-06-14,Standard,UPI,30
OD560,2018-11-20,2018-11-21,2018-11-23,2018-11-23,Express,Debit Card,70
OD561,2018-11-20,2018-11-20,2018-11-20,2018-11-20,Same Day,Credit Card,150
OD562,2015-09-14,2015-09-14,2015-09-14,2015-09-14,Same Day,Cash,100
OD563,2015-09-14,2015-09-14,2015-09-19,2015-09-19,Standard,Cash,50
OD564,2016-12-07,2016-12-07,2016-12-09,2016-12-08,Express,Debit Card,70
OD565,2016-12-07,2016-12-08,2016-12-13,2016-12-13,Standard,Credit Card,50
OD566,2018-12-07,2018-12-07,2018-12-09,2018-12-11,Express,UPI,90
OD567,2018-10-01,2018-10-01,2018-10-01,2018-10-01,Same Day,Cash,120
OD568,2018-10-01,2018-10-01,2018-10-06,2018-10-06,Standard,Credit Card,40
OD569,2018-10-01,2018-10-03,2018-10-08,2018-10-08,Standard,Credit Card,30
OD570,2018-10-01,2018-10-03,2018-10-08,2018-10-08,Standard,UPI,50
OD571,2018-12-28,2018-12-30,2019-01-01,2019-01-01,Express,UPI,70
OD572,2018-12-28,2018-12-28,2018-12-28,2018-12-28,Same Day,Credit Card,150
OD574,2018-12-28,2018-12-29,2018-12-31,2019-01-02,Express,Credit Card,80
OD576,2016-09-18,2016-09-18,2016-09-18,2016-09-18,Same Day,Credit Card,120
OD577,2016-09-18,2016-09-18,2016-09-18,2016-09-18,Same Day,Cash,100
OD578,2016-09-18,2016-09-20,2016-09-25,2016-09-24,Standard,Debit Card,40
OD579,2018-07-20,2018-07-22,2018-07-24,2018-07-25,Express,UPI,70
OD580,2018-07-20,2018-07-22,2018-07-27,2018-07-27,Standard,Credit Card,30
OD581,2016-09-10,2016-09-11,2016-09-16,2016-09-19,Standard,Debit Card,40
OD582,2018-12-01,2018-12-02,2018-12-04,2018-12-04,Express,UPI,90
OD583,2018-12-01,2018-12-03,2018-12-05,2018-12-06,Express,Credit Card,70
OD584,2018-12-01,2018-12-01,2018-12-01,2018-12-01,Same Day,Debit Card,120
OD585,2018-12-01,2018-12-03,2018-12-05,2018-12-05,Express,UPI,90
OD587,2016-07-03,2016-07-03,2016-07-03,2016-07-03,Same Day,Debit Card,120
OD588,2016-07-03,2016-07-05,2016-07-10,2016-07-11,Standard,Debit Card,50
OD589,2017-03-20,2017-03-20,2017-03-25,2017-03-25,Standard,Debit Card,30
OD590,2017-03-20,2017-03-22,2017-03-24,2017-03-24,Express,Debit Card,70
OD591,2017-03-20,2017-03-21,2017-03-26,2017-03-26,Standard,Debit Card,40
OD592,2017-03-20,2017-03-20,2017-03-22,2017-03-23,Express,UPI,70
OD593,2015-01-09,2015-01-09,2015-01-14,2015-01-13,Standard,Debit Card,30
OD594,2015-01-09,2015-01-09,2015-01-09,2015-01-09,Same Day,Debit Card,120
OD595,2015-08-08,2015-08-08,2015-08-08,2015-08-08,Same Day,Cash,150
OD596,2015-08-08,2015-08-09,2015-08-11,2015-08-10,Express,Cash,90
OD597,2015-08-08,2015-08-08,2015-08-08,2015-08-08,Same Day,Cash,120
OD598,2015-08-08,2015-08-08,2015-08-08,2015-08-08,Same Day,Debit Card,100
OD599,2017-07-14,2017-07-15,2017-07-20,2017-07-19,Standard,Debit Card,30
OD600,2017-07-16,2017-07-18,2017-07-23,2017-07-24,Standard,UPI,30
OD601,2017-07-16,2017-07-17,2017-07-22,2017-07-23,Standard,Credit Card,40
OD602,2017-07-16,2017-07-18,2017-07-20,2017-07-20,Express,Cash,80
OD603,2015-03-15,2015-03-15,2015-03-20,2015-03-19,Standard,Cash,50
OD604,2015-03-15,2015-03-17,2015-03-22,2015-03-22,Standard,UPI,40
OD605,2015-03-15,2015-03-15,2015-03-15,2015-03-15,Same Day,UPI,150
OD606,2015-03-15,2015-03-15,2015-03-15,2015-03-15,Same Day,Credit Card,150
OD607,2015-03-15,2015-03-15,2015-03-15,2015-03-15,Same Day,Credit Card,150
OD608,2015-05-23,2015-05-24,2015-05-29,2015-05-31,Standard,Credit Card,30
OD609,2015-05-23,2015-05-23,2015-05-23,2015-05-23,Same Day,UPI,100
OD610,2015-05-23,2015-05-23,2015-05-23,2015-05-23,Same Day,Debit Card,120
OD611,2017-04-28,2017-04-28,2017-04-28,2017-04-28,Same Day,Cash,100
OD612,2017-04-28,2017-04-28,2017-04-30,2017-05-01,Express,Cash,90
OD613,2017-09-11,2017-09-12,2017-09-14,2017-09-14,Express,UPI,80
OD614,2017-09-11,2017-09-11,2017-09-16,2017-09-17,Standard,UPI,30
OD615,2018-11-14,2018-11-14,2018-11-16,2018-11-15,Express,Credit Card,90
OD616,2018-11-14,2018-11-14,2018-11-16,2018-11-16,Express,Debit Card,90
OD617,2018-08-18,2018-08-18,2018-08-23,2018-08-23,Standard,Cash,40
OD618,2018-08-18,2018-08-20,2018-08-25,2018-08-25,Standard,Cash,30
OD619,2018-08-18,2018-08-18,2018-08-20,2018-08-23,Express,Cash,90
OD620,2018-08-18,2018-08-18,2018-08-20,2018-08-19,Express,Cash,80
OD621,2018-08-18,2018-08-19,2018-08-24,2018-08-25,Standard,UPI,50
OD622,2015-12-26,2015-12-27,2016-01-01,2016-01-02,Standard,Credit Card,30
OD623,2016-11-29,2016-11-29,2016-11-29,2016-11-29,Same Day,Cash,120
OD624,2016-11-29,2016-12-01,2016-12-03,2016-12-03,Express,Debit Card,70
OD625,2016-11-29,2016-11-29,2016-11-29,2016-11-29,Same Day,UPI,120
OD626,2016-11-29,2016-11-29,2016-11-29,2016-11-29,Same Day,Cash,120
OD627,2018-09-15,2018-09-15,2018-09-20,2018-09-20,Standard,Cash,50
OD628,2018-05-19,2018-05-21,2018-05-26,2018-05-26,Standard,Debit Card,50
OD629,2018-12-17,2018-12-17,2018-12-17,2018-12-17,Same Day,Debit Card,150
OD630,2018-12-17,2018-12-19,2018-12-24,2018-12-24,Standard,Credit Card,40
OD631,2017-12-11,2017-12-12,2017-12-17,2017-12-17,Standard,UPI,30
OD632,2017-12-11,2017-12-11,2017-12-11,2017-12-11,Same Day,UPI,100
OD633,2017-12-11,2017-12-13,2017-12-18,2017-12-18,Standard,Debit Card,50
OD634,2018-09-24,2018-09-24,2018-09-24,2018-09-24,Same Day,UPI,100
OD635,2018-09-24,2018-09-24,2018-09-29,2018-09-30,Standard,Credit Card,50
OD636,2016-10-04,2016-10-05,2016-10-10,2016-10-09,Standard,Credit Card,30
OD637,2017-08-15,2017-08-15,2017-08-17,2017-08-16,Express,Credit Card,80
OD638,2017-08-15,2017-08-15,2017-08-20,2017-08-20,Standard,UPI,40
OD639,2017-05-20,2017-05-21,2017-05-23,2017-05-24,Express,UPI,90
OD640,2017-05-20,2017-05-20,2017-05-25,2017-05-28,Standard,UPI,30
OD642,2018-07-30,2018-07-31,2018-08-02,2018-08-02,Express,Debit Card,80
OD643,2018-07-30,2018-08-01,2018-08-03,2018-08-04,Express,Credit Card,80
OD644,2018-06-10,2018-06-12,2018-06-17,2018-06-17,Standard,UPI,40
OD645,2018-07-21,2018-07-21,2018-07-21,2018-07-21,Same Day,Cash,150
OD646,2018-12-30,2018-12-30,2018-12-30,2018-12-30,Same Day,Cash,150
OD647,2017-04-01,2017-04-03,2017-04-08,2017-04-09,Standard,Cash,30
OD648,2017-04-01,2017-04-02,2017-04-07,2017-04-07,Standard,UPI,30
OD649,2017-12-11,2017-12-12,2017-12-17,2017-12-19,Standard,Cash,40
OD650,2017-12-11,2017-12-12,2017-12-14,2017-12-14,Express,UPI,70
OD651,2017-12-11,2017-12-11,2017-12-16,2017-12-17,Standard,UPI,40
OD652,2017-10-23,2017-10-24,2017-10-29,2017-10-29,Standard,Credit Card,40
OD653,2018-06-19,2018-06-19,2018-06-19,2018-06-19,Same Day,UPI,100
OD654,2018-06-19,2018-06-19,2018-06-19,2018-06-19,Same Day,UPI,100
OD655,2017-08-22,2017-08-23,2017-08-25,2017-08-24,Express,Debit Card,80
OD656,2017-08-22,2017-08-24,2017-08-29,2017-08-29,Standard,Cash,50
OD657,2017-08-22,2017-08-22,2017-08-24,2017-08-26,Express,Credit Card,80
OD658,2017-09-19,2017-09-19,2017-09-21,2017-09-20,Express,Cash,90
OD659,2017-09-19,2017-09-20,2017-09-22,2017-09-22,Express,Debit Card,70
OD660,2016-08-24,2016-08-24,2016-08-29,2016-08-29,Standard,Cash,40
OD661,2016-08-24,2016-08-24,2016-08-24,2016-08-24,Same Day,UPI,120
OD662,2016-08-24,2016-08-24,2016-08-24,2016-08-24,Same Day,Debit Card,150
OD663,2016-08-24,2016-08-24,2016-08-26,2016-08-27,Express,Cash,80
OD664,2017-03-26,2017-03-27,2017-03-29,2017-03-29,Express,Credit Card,80
OD665,2017-11-04,2017-11-05,2017-11-07,2017-11-07,Express,Debit Card,90
OD666,2018-06-08,2018-06-09,2018-06-11,2018-06-13,Express,UPI,70
OD668,2018-06-08,2018-06-08,2018-06-08,2018-06-08,Same Day,Debit Card,100
OD669,2015-12-24,2015-12-24,2015-12-24,2015-12-24,Same Day,Debit Card,120
OD670,2018-06-09,2018-06-09,2018-06-09,2018-06-09,Same Day,Credit Card,100
OD671,2018-06-09,2018-06-10,2018-06-15,2018-06-17,Standard,UPI,40
OD672,2018-06-09,2018-06-11,2018-06-16,2018-06-16,Standard,Cash,40
OD673,2018-06-15,2018-06-17,2018-06-22,2018-06-22,Standard,Cash,30
OD674,2018-12-05,2018-12-07,2018-12-12,2018-12-15,Standard,UPI,50
OD675,2018-12-05,2018-12-05,2018-12-05,2018-12-05,Same Day,Debit Card,150
OD676,2018-12-05,2018-12-05,2018-12-07,2018-12-07,Express,Debit Card,90
OD677,2018-03-18,2018-03-18,2018-03-18,2018-03-18,Same Day,Cash,120
OD678,2018-03-18,2018-03-18,2018-03-20,2018-03-20,Express,Credit Card,90
OD680,2018-03-18,2018-03-20,2018-03-25,2018-03-25,Standard,UPI,40
OD682,2017-11-19,2017-11-20,2017-11-22,2017-11-22,Express,UPI,90
OD684,2018-11-04,2018-11-04,2018-11-06,2018-11-08,Express,UPI,80
OD685,2018-11-04,2018-11-04,2018-11-06,2018-11-06,Express,Debit Card,90
OD686,2015-07-05,2015-07-06,2015-07-08,2015-07-08,Express,UPI,90
OD687,2015-07-05,2015-07-07,2015-07-09,2015-07-09,Express,Cash,70
OD689,2018-12-25,2018-12-25,2018-12-30,2018-12-30,Standard,UPI,30
OD690,2015-06-21,2015-06-23,2015-06-25,2015-06-26,Express,Cash,90
OD691,2015-06-21,2015-06-23,2015-06-25,2015-06-25,Express,Cash,90
OD692,2015-06-21,2015-06-22,2015-06-24,2015-06-24,Express,UPI,90
OD693,2016-03-28,2016-03-28,2016-03-30,2016-03-30,Express,UPI,70
OD694,2016-03-28,2016-03-29,2016-03-31,2016-03-31,Express,UPI,70
OD695,2016-05-14,2016-05-14,2016-05-16,2016-05-16,Express,Credit Card,90
OD696,2016-05-14,2016-05-15,2016-05-17,2016-05-18,Express,UPI,90
OD697,2016-05-14,2016-05-14,2016-05-19,2016-05-21,Standard,UPI,30
OD698,2016-05-14,2016-05-14,2016-05-19,2016-05-19,Standard,Credit Card,50
OD699,2016-05-14,2016-05-14,2016-05-14,2016-05-14,Same Day,Credit Card,120
OD700,2016-05-14,2016-05-16,2016-05-21,2016-05-24,Standard,Debit Card,50
OD701,2016-05-14,2016-05-14,2016-05-16,2016-05-16,Express,UPI,70
OD702,2018-09-02,2018-09-02,2018-09-02,2018-09-02,Same Day,UPI,100
OD703,2017-11-04,2017-11-04,2017-11-04,2017-11-04,Same Day,UPI,150
OD704,2016-04-09,2016-04-10,2016-04-15,2016-04-17,Standard,Debit Card,40
OD706,2015-09-12,2015-09-12,2015-09-17,2015-09-18,Standard,Debit Card,50
OD707,2015-09-12,2015-09-14,2015-09-19,2015-09-19,Standard,UPI,50
OD708,2015-12-02,2015-12-04,2015-12-06,2015-12-06,Express,Credit Card,70
OD709,2015-12-02,2015-12-02,2015-12-07,2015-12-06,Standard,Cash,50
OD711,2015-04-05,2015-04-05,2015-04-05,2015-04-05,Same Day,Debit Card,100
OD712,2018-09-03,2018-09-03,2018-09-03,2018-09-03,Same Day,Cash,150
OD713,2018-05-19,2018-05-19,2018-05-21,2018-05-22,Express,Debit Card,80
OD714,2018-05-19,2018-05-19,2018-05-19,2018-05-19,Same Day,Credit Card,100
OD715,2018-05-19,2018-05-21,2018-05-26,2018-05-28,Standard,Credit Card,30
OD716,2015-07-01,2015-07-01,2015-07-01,2015-07-01,Same Day,Debit Card,150
OD717,2015-01-11,2015-01-12,2015-01-14,2015-01-14,Express,Credit Card,70
OD718,2018-09-24,2018-09-26,2018-10-01,2018-09-30,Standard,Cash,30
OD719,2015-06-02,2015-06-04,2015-06-06,2015-06-05,Express,Debit Card,80
OD720,2015-06-02,2015-06-02,2015-06-04,2015-06-03,Express,UPI,80
OD721,2017-02-13,2017-02-14,2017-02-19,2017-02-18,Standard,Cash,40
OD722,2017-12-15,2017-12-16,2017-12-21,2017-12-24,Standard,Cash,30
OD723,2017-12-15,2017-12-15,2017-12-15,2017-12-15,Same Day,UPI,120
OD724,2015-10-07,2015-10-09,2015-10-11,2015-10-13,Express,Debit Card,70
OD725,2017-07-07,2017-07-07,2017-07-09,2017-07-11,Express,Cash,70
OD726,2018-09-16,2018-09-17,2018-09-19,2018-09-19,Express,Cash,70
OD727,2018-09-16,2018-09-16,2018-09-16,2018-09-16,Same Day,Credit Card,100
OD728,2017-12-03,2017-12-05,2017-12-10,2017-12-09,Standard,Cash,50
OD729,2017-12-03,2017-12-03,2017-12-03,2017-12-03,Same Day,Debit Card,100
OD730,2017-12-03,2017-12-03,2017-12-05,2017-12-07,Express,Cash,80
OD731,2017-12-03,2017-12-03,2017-12-08,2017-12-07,Standard,Debit Card,40
OD732,2017-12-03,2017-12-04,2017-12-06,2017-12-06,Express,Cash,80
OD733,2018-01-21,2018-01-21,2018-01-21,2018-01-21,Same Day,Credit Card,120
OD734,2018-01-21,2018-01-21,2018-01-21,2018-01-21,Same Day,UPI,120
OD735,2018-01-21,2018-01-21,2018-01-21,2018-01-21,Same Day,UPI,100
OD737,2018-01-21,2018-01-21,2018-01-23,2018-01-23,Express,Credit Card,80
OD738,2018-01-21,2018-01-23,2018-01-28,2018-01-29,Standard,Credit Card,30
OD739,2015-09-08,2015-09-10,2015-09-15,2015-09-15,Standard,UPI,40
OD740,2015-01-04,2015-01-04,2015-01-04,2015-01-04,Same Day,Credit Card,120
OD741,2015-01-04,2015-01-04,2015-01-04,2015-01-04,Same Day,Cash,150
OD742,2015-01-04,2015-01-05,2015-01-07,2015-01-07,Express,Credit Card,80
OD743,2017-08-27,2017-08-27,2017-08-27,2017-08-27,Same Day,Cash,120
OD744,2017-08-27,2017-08-27,2017-09-01,2017-09-04,Standard,Credit Card,50
OD745,2017-08-27,2017-08-28,2017-08-30,2017-08-30,Express,Credit Card,80
OD746,2017-08-27,2017-08-27,2017-09-01,2017-09-01,Standard,Credit Card,40
OD747,2015-05-27,2015-05-28,2015-06-02,2015-06-02,Standard,Debit Card,50
OD748,2015-05-27,2015-05-28,2015-05-30,2015-05-29,Express,Credit Card,70
OD749,2017-03-20,2017-03-21,2017-03-26,2017-03-26,Standard,Credit Card,30
OD750,2018-10-02,2018-10-04,2018-10-06,2018-10-07,Express,Debit Card,90
OD751,2018-10-02,2018-10-03,2018-10-08,2018-10-08,Standard,Debit Card,50
OD752,2018-10-02,2018-10-02,2018-10-07,2018-10-07,Standard,Cash,50
OD753,2018-10-02,2018-10-02,2018-10-02,2018-10-02,Same Day,UPI,150
OD754,2017-04-07,2017-04-08,2017-04-10,2017-04-11,Express,Debit Card,70
OD755,2016-12-07,2016-12-08,2016-12-13,2016-12-13,Standard,Credit Card,40
OD756,2017-09-18,2017-09-18,2017-09-23,2017-09-23,Standard,Credit Card,50
OD757,2015-12-29,2015-12-29,2015-12-31,2015-12-31,Express,Credit Card,70
OD758,2015-12-29,2015-12-29,2015-12-29,2015-12-29,Same Day,Cash,120
OD759,2018-07-23,2018-07-23,2018-07-25,2018-07-26,Express,UPI,70
OD760,2018-09-18,2018-09-18,2018-09-18,2018-09-18,Same Day,Cash,120
OD761,2016-08-31,2016-08-31,2016-08-31,2016-08-31,Same Day,Cash,100
OD762,2018-11-03,2018-11-03,2018-11-05,2018-11-06,Express,UPI,90
OD763,2016-02-08,2016-02-09,2016-02-11,2016-02-11,Express,Credit Card,80
OD764,2015-01-13,2015-01-15,2015-01-20,2015-01-21,Standard,UPI,50
OD765,2015-01-13,2015-01-14,2015-01-19,2015-01-19,Standard,UPI,40
OD766,2015-01-13,2015-01-13,2015-01-13,2015-01-13,Same Day,Cash,120
OD767,2015-01-13,2015-01-13,2015-01-13,2015-01-13,Same Day,Cash,100
OD768,2015-01-13,2015-01-13,2015-01-18,2015-01-19,Standard,Debit Card,30
OD770,2017-05-19,2017-05-21,2017-05-23,2017-05-24,Express,Debit Card,70
OD771,2018-01-30,2018-01-30,2018-02-04,2018-02-05,Standard,Credit Card,50
OD772,2018-01-30,2018-02-01,2018-02-06,2018-02-08,Standard,Credit Card,30
OD773,2018-01-30,2018-01-30,2018-02-04,2018-02-06,Standard,Cash,40
OD774,2018-01-30,2018-02-01,2018-02-03,2018-02-03,Express,UPI,80
OD775,2018-01-30,2018-01-30,2018-01-30,2018-01-30,Same Day,Debit Card,100
OD776,2018-01-30,2018-01-30,2018-01-30,2018-01-30,Same Day,UPI,100
OD777,2015-06-29,2015-06-30,2015-07-05,2015-07-07,Standard,UPI,50
OD778,2016-08-21,2016-08-23,2016-08-25,2016-08-24,Express,Debit Card,90
OD779,2016-08-21,2016-08-23,2016-08-25,2016-08-25,Express,Credit Card,80
OD780,2016-08-21,2016-08-21,2016-08-21,2016-08-21,Same Day,UPI,100
OD781,2016-08-21,2016-08-22,2016-08-27,2016-08-28,Standard,Cash,40
OD782,2016-10-03,2016-10-03,2016-10-03,2016-10-03,Same Day,Debit Card,150
OD783,2016-10-03,2016-10-03,2016-10-03,2016-10-03,Same Day,Debit Card,150
OD784,2016-10-03,2016-10-03,2016-10-08,2016-10-11,Standard,Cash,30
OD785,2016-10-03,2016-10-05,2016-10-10,2016-10-10,Standard,UPI,30
OD786,2016-05-23,2016-05-23,2016-05-25,2016-05-25,Express,Credit Card,80
OD787,2018-03-17,2018-03-17,2018-03-17,2018-03-17,Same Day,UPI,150
OD788,2016-12-12,2016-12-14,2016-12-19,2016-12-18,Standard,Debit Card,30
OD789,2016-06-26,2016-06-27,2016-06-29,2016-07-02,Express,Debit Card,80
OD790,2016-06-26,2016-06-26,2016-07-01,2016-07-01,Standard,Debit Card,50
OD791,2016-06-26,2016-06-28,2016-06-30,2016-06-30,Express,Debit Card,80
OD792,2016-06-26,2016-06-28,2016-07-03,2016-07-02,Standard,Cash,40
OD793,2017-05-20,2017-05-21,2017-05-26,2017-05-25,Standard,UPI,40
OD794,2015-09-20,2015-09-20,2015-09-22,2015-09-24,Express,Cash,80
OD795,2015-09-20,2015-09-20,2015-09-22,2015-09-22,Express,UPI,90
OD796,2018-09-21,2018-09-21,2018-09-23,2018-09-23,Express,Credit Card,70
OD797,2016-12-24,2016-12-26,2016-12-31,2016-12-31,Standard,UPI,30
OD798,2016-12-24,2016-12-24,2016-12-26,2016-12-26,Express,Credit Card,90
OD799,2016-12-24,2016-12-24,2016-12-24,2016-12-24,Same Day,UPI,150
OD800,2016-11-27,2016-11-27,2016-11-29,2016-11-29,Express,Debit Card,70
OD801,2018-02-20,2018-02-20,2018-02-25,2018-02-24,Standard,Cash,50
OD802,2018-02-20,2018-02-20,2018-02-22,2018-02-21,Express,Cash,80
OD804,2017-03-12,2017-03-14,2017-03-19,2017-03-19,Standard,UPI,40
OD805,2018-04-22,2018-04-22,2018-04-24,2018-04-24,Express,Credit Card,80
OD806,2015-11-01,2015-11-01,2015-11-06,2015-11-07,Standard,Credit Card,50
OD807,2015-11-01,2015-11-03,2015-11-05,2015-11-05,Express,Cash,70
OD808,2016-02-03,2016-02-05,2016-02-10,2016-02-12,Standard,UPI,50
OD809,2016-02-03,2016-02-05,2016-02-07,2016-02-07,Express,Credit Card,90
OD810,2015-10-13,2015-10-13,2015-10-18,2015-10-18,Standard,UPI,30
OD811,2015-10-13,2015-10-15,2015-10-20,2015-10-20,Standard,Credit Card,30
OD812,2015-10-13,2015-10-14,2015-10-19,2015-10-21,Standard,Debit Card,50
OD813,2015-10-13,2015-10-15,2015-10-20,2015-10-20,Standard,UPI,50
OD814,2018-05-14,2018-05-15,2018-05-20,2018-05-22,Standard,UPI,30
OD815,2018-05-14,2018-05-14,2018-05-19,2018-05-19,Standard,Credit Card,30
OD816,2016-03-20,2016-03-20,2016-03-20,2016-03-20,Same Day,Debit Card,100
OD817,2017-09-15,2017-09-15,2017-09-20,2017-09-20,Standard,Credit Card,40
OD818,2015-06-28,2015-06-30,2015-07-02,2015-07-02,Express,Credit Card,90
OD819,2015-06-28,2015-06-29,2015-07-01,2015-07-01,Express,Cash,80
OD820,2015-06-28,2015-06-30,2015-07-02,2015-07-02,Express,UPI,70
OD821,2015-06-28,2015-06-30,2015-07-02,2015-07-02,Express,Cash,70
OD822,2015-06-28,2015-06-28,2015-06-30,2015-06-30,Express,Debit Card,80
OD823,2018-06-20,2018-06-20,2018-06-22,2018-06-22,Express,UPI,80
OD824,2018-06-20,2018-06-22,2018-06-27,2018-06-26,Standard,UPI,50
OD825,2015-05-09,2015-05-10,2015-05-15,2015-05-17,Standard,UPI,50
OD826,2015-05-09,2015-05-10,2015-05-15,2015-05-17,Standard,Credit Card,40
OD827,2018-08-21,2018-08-23,2018-08-25,2018-08-25,Express,Credit Card,80
OD828,2018-08-21,2018-08-21,2018-08-26,2018-08-26,Standard,Credit Card,50
OD829,2018-08-21,2018-08-22,2018-08-27,2018-08-28,Standard,Credit Card,40
OD830,2018-06-16,2018-06-16,2018-06-21,2018-06-21,Standard,Debit Card,40
OD831,2018-06-16,2018-06-16,2018-06-16,2018-06-16,Same Day,Debit Card,150
OD832,2018-06-16,2018-06-18,2018-06-20,2018-06-20,Express,Debit Card,80
OD833,2018-06-16,2018-06-17,2018-06-19,2018-06-18,Express,Credit Card,70
OD834,2017-07-23,2017-07-23,2017-07-25,2017-07-25,Express,Cash,70
OD835,2017-07-23,2017-07-24,2017-07-26,2017-07-25,Express,Credit Card,90
OD837,2015-09-08,2015-09-08,2015-09-13,2015-09-13,Standard,Credit Card,40
OD838,2018-11-04,2018-11-04,2018-11-04,2018-11-04,Same Day,Debit Card,100
OD839,2017-03-07,2017-03-07,2017-03-07,2017-03-07,Same Day,Credit Card,100
OD840,2016-11-20,2016-11-20,2016-11-20,2016-11-20,Same Day,Debit Card,120
OD841,2016-11-20,2016-11-20,2016-11-20,2016-11-20,Same Day,Cash,120
OD842,2016-11-20,2016-11-20,2016-11-25,2016-11-25,Standard,Credit Card,30
OD843,2017-11-07,2017-11-07,2017-11-07,2017-11-07,Same Day,UPI,120
OD844,2017-11-07,2017-11-07,2017-11-09,2017-11-11,Express,Credit Card,90
OD845,2017-11-07,2017-11-07,2017-11-09,2017-11-09,Express,Credit Card,90
OD846,2017-11-07,2017-11-09,2017-11-14,2017-11-15,Standard,Credit Card,30
OD847,2016-10-13,2016-10-15,2016-10-17,2016-10-17,Express,Credit Card,70
OD848,2016-10-13,2016-10-15,2016-10-17,2016-10-19,Express,UPI,90
OD849,2018-01-01,2018-01-02,2018-01-07,2018-01-08,Standard,UPI,30
OD850,2015-02-07,2015-02-09,2015-02-14,2015-02-14,Standard,Credit Card,50
OD851,2017-06-20,2017-06-20,2017-06-20,2017-06-20,Same Day,Credit Card,120
OD852,2017-06-20,2017-06-21,2017-06-23,2017-06-23,Express,UPI,80
OD853,2017-05-28,2017-05-30,2017-06-04,2017-06-03,Standard,UPI,30
OD854,2017-02-19,2017-02-21,2017-02-26,2017-02-28,Standard,Debit Card,50
OD855,2017-02-19,2017-02-19,2017-02-19,2017-02-19,Same Day,Credit Card,100
OD857,2015-08-03,2015-08-03,2015-08-03,2015-08-03,Same Day,Credit Card,100
OD858,2015-08-03,2015-08-03,2015-08-05,2015-08-05,Express,Cash,80
OD859,2018-04-10,2018-04-10,2018-04-10,2018-04-10,Same Day,UPI,100
OD860,2018-04-10,2018-04-10,2018-04-15,2018-04-15,Standard,Cash,40
OD861,2015-06-09,2015-06-09,2015-06-09,2015-06-09,Same Day,Cash,120
OD862,2015-06-09,2015-06-09,2015-06-09,2015-06-09,Same Day,UPI,150
OD863,2017-01-05,2017-01-05,2017-01-07,2017-01-06,Express,Cash,90
OD864,2017-01-05,2017-01-07,2017-01-12,2017-01-11,Standard,UPI,30
OD865,2017-01-05,2017-01-07,2017-01-12,2017-01-12,Standard,Debit Card,40
OD866,2015-01-10,2015-01-10,2015-01-10,2015-01-10,Same Day,Credit Card,150
OD867,2015-01-10,2015-01-11,2015-01-16,2015-01-16,Standard,Debit Card,30
OD868,2017-09-29,2017-09-29,2017-10-04,2017-10-04,Standard,Cash,50
OD869,2015-04-06,2015-04-06,2015-04-11,2015-04-11,Standard,UPI,30
OD870,2017-09-03,2017-09-03,2017-09-03,2017-09-03,Same Day,UPI,120
OD871,2017-09-03,2017-09-03,2017-09-08,2017-09-08,Standard,UPI,30
OD872,2016-10-19,2016-10-21,2016-10-26,2016-10-26,Standard,UPI,50
OD873,2015-12-10,2015-12-10,2015-12-10,2015-12-10,Same Day,Cash,120
OD874,2015-12-10,2015-12-12,2015-12-17,2015-12-16,Standard,Debit Card,50
OD875,2018-08-25,2018-08-25,2018-08-25,2018-08-25,Same Day,Debit Card,100
OD876,2017-01-17,2017-01-17,2017-01-17,2017-01-17,Same Day,Debit Card,120
OD877,2017-01-17,2017-01-18,2017-01-20,2017-01-20,Express,Cash,90
OD879,2015-09-17,2015-09-18,2015-09-20,2015-09-20,Express,UPI,80
OD880,2018-11-30,2018-11-30,2018-11-30,2018-11-30,Same Day,Cash,120
OD881,2018-11-30,2018-12-01,2018-12-03,2018-12-02,Express,Credit Card,80
OD882,2016-10-09,2016-10-11,2016-10-16,2016-10-16,Standard,Credit Card,30
OD883,2018-12-23,2018-12-23,2018-12-23,2018-12-23,Same Day,UPI,100
OD884,2017-10-22,2017-10-22,2017-10-24,2017-10-24,Express,UPI,80
OD885,2015-04-29,2015-04-29,2015-05-04,2015-05-04,Standard,Debit Card,40
OD886,2016-04-25,2016-04-25,2016-04-25,2016-04-25,Same Day,UPI,150
OD887,2018-06-26,2018-06-26,2018-07-01,2018-07-01,Standard,Credit Card,50
OD888,2018-10-14,2018-10-14,2018-10-14,2018-10-14,Same Day,Credit Card,120
OD889,2015-12-09,2015-12-09,2015-12-09,2015-12-09,Same Day,Debit Card,120
OD890,2018-06-20,2018-06-20,2018-06-20,2018-06-20,Same Day,Credit Card,120
OD891,2018-06-20,2018-06-22,2018-06-27,2018-06-27,Standard,UPI,50
OD892,2018-06-26,2018-06-26,2018-06-26,2018-06-26,Same Day,Debit Card,150
OD893,2018-06-26,2018-06-26,2018-06-26,2018-06-26,Same Day,Credit Card,100
OD894,2018-06-26,2018-06-26,2018-06-26,2018-06-26,Same Day,Credit Card,150
OD895,2017-11-10,2017-11-10,2017-11-10,2017-11-10,Same Day,Credit Card,150
OD896,2017-11-10,2017-11-10,2017-11-10,2017-11-10,Same Day,UPI,100
OD898,2015-09-09,2015-09-09,2015-09-14,2015-09-16,Standard,Debit Card,30
OD899,2018-10-29,2018-10-31,2018-11-05,2018-11-04,Standard,UPI,40
OD900,2017-04-10,2017-04-12,2017-04-17,2017-04-18,Standard,Cash,30
OD901,2018-11-11,2018-11-11,2018-11-11,2018-11-11,Same Day,UPI,120
OD902,2018-11-11,2018-11-11,2018-11-16,2018-11-16,Standard,Cash,30
OD903,2018-09-15,2018-09-15,2018-09-15,2018-09-15,Same Day,Cash,120
OD904,2017-04-08,2017-04-10,2017-04-12,2017-04-12,Express,Cash,70
OD905,2017-04-08,2017-04-08,2017-04-10,2017-04-10,Express,UPI,70
OD906,2017-04-08,2017-04-08,2017-04-08,2017-04-08,Same Day,Debit Card,100
OD907,2018-12-30,2018-12-31,2019-01-02,2019-01-02,Express,Credit Card,70
OD908,2018-12-30,2019-01-01,2019-01-06,2019-01-06,Standard,Debit Card,30
OD909,2018-12-30,2018-12-30,2018-12-30,2018-12-30,Same Day,Cash,150
OD910,2018-09-02,2018-09-02,2018-09-02,2018-09-02,Same Day,Cash,100
OD911,2018-09-02,2018-09-02,2018-09-07,2018-09-09,Standard,Credit Card,40
OD912,2018-09-02,2018-09-02,2018-09-02,2018-09-02,Same Day,Cash,120
OD913,2016-05-31,2016-06-02,2016-06-07,2016-06-08,Standard,UPI,30
OD916,2015-06-15,2015-06-17,2015-06-22,2015-06-23,Standard,Credit Card,40
OD917,2015-06-15,2015-06-15,2015-06-15,2015-06-15,Same Day,Debit Card,100
OD918,2015-06-15,2015-06-16,2015-06-18,2015-06-18,Express,Cash,90
OD920,2017-03-05,2017-03-05,2017-03-10,2017-03-11,Standard,Credit Card,30
OD921,2015-12-05,2015-12-06,2015-12-11,2015-12-11,Standard,Credit Card,30
OD922,2016-04-11,2016-04-12,2016-04-17,2016-04-19,Standard,Credit Card,40
OD923,2016-04-11,2016-04-11,2016-04-11,2016-04-11,Same Day,Credit Card,100
OD924,2016-04-11,2016-04-12,2016-04-17,2016-04-16,Standard,Debit Card,50
OD925,2017-09-15,2017-09-15,2017-09-15,2017-09-15,Same Day,Credit Card,120
OD926,2015-09-13,2015-09-13,2015-09-13,2015-09-13,Same Day,Cash,150
OD927,2015-09-13,2015-09-13,2015-09-13,2015-09-13,Same Day,Cash,150
OD928,2016-10-05,2016-10-06,2016-10-08,2016-10-08,Express,Cash,80
OD929,2016-10-05,2016-10-06,2016-10-08,2016-10-08,Express,Cash,70
OD930,2018-04-14,2018-04-16,2018-04-21,2018-04-22,Standard,Credit Card,50
OD931,2018-04-14,2018-04-14,2018-04-19,2018-04-19,Standard,Cash,40
OD932,2018-04-14,2018-04-15,2018-04-20,2018-04-20,Standard,Cash,50
OD933,2018-09-02,2018-09-02,2018-09-04,2018-09-04,Express,Cash,70
OD934,2017-06-20,2017-06-21,2017-06-26,2017-06-26,Standard,Credit Card,40
OD935,2017-06-20,2017-06-21,2017-06-23,2017-06-24,Express,Debit Card,70
OD936,2017-06-20,2017-06-20,2017-06-25,2017-06-26,Standard,Debit Card,50
OD937,2017-06-20,2017-06-20,2017-06-20,2017-06-20,Same Day,UPI,150
OD938,2018-11-05,2018-11-05,2018-11-05,2018-11-05,Same Day,Cash,150
OD939,2016-12-13,2016-12-13,2016-12-15,2016-12-15,Express,UPI,90
OD940,2016-12-13,2016-12-14,2016-12-19,2016-12-20,Standard,Debit Card,30
OD941,2017-06-19,2017-06-19,2017-06-21,2017-06-23,Express,Credit Card,80
OD942,2017-12-13,2017-12-14,2017-12-19,2017-12-19,Standard,Cash,30
OD943,2017-12-13,2017-12-13,2017-12-18,2017-12-18,Standard,Debit Card,40
OD944,2016-05-29,2016-05-29,2016-05-29,2016-05-29,Same Day,Cash,100
OD945,2016-05-29,2016-05-29,2016-05-29,2016-05-29,Same Day,Debit Card,100
OD946,2016-05-29,2016-05-29,2016-06-03,2016-06-02,Standard,Debit Card,40
OD947,2016-07-26,2016-07-27,2016-08-01,2016-08-01,Standard,Debit Card,40
OD948,2018-11-28,2018-11-30,2018-12-05,2018-12-05,Standard,Cash,50
OD949,2018-11-28,2018-11-28,2018-12-03,2018-12-03,Standard,Debit Card,40
OD950,2018-11-28,2018-11-28,2018-11-28,2018-11-28,Same Day,Credit Card,100
OD951,2018-11-28,2018-11-30,2018-12-02,2018-12-02,Express,Credit Card,90
OD952,2018-11-28,2018-11-30,2018-12-02,2018-12-02,Express,Credit Card,80
OD953,2018-04-03,2018-04-03,2018-04-03,2018-04-03,Same Day,Cash,100
OD954,2018-12-28,2018-12-29,2018-12-31,2019-01-01,Express,UPI,80
OD955,2018-12-28,2018-12-28,2019-01-02,2019-01-04,Standard,Debit Card,40
OD956,2018-11-30,2018-11-30,2018-11-30,2018-11-30,Same Day,Debit Card,100
OD957,2018-05-15,2018-05-17,2018-05-19,2018-05-20,Express,Debit Card,70
OD958,2018-05-15,2018-05-17,2018-05-22,2018-05-22,Standard,UPI,30
OD959,2018-05-15,2018-05-16,2018-05-21,2018-05-22,Standard,Credit Card,40
OD960,2016-09-22,2016-09-22,2016-09-22,2016-09-22,Same Day,UPI,120
OD961,2018-11-14,2018-11-14,2018-11-19,2018-11-19,Standard,UPI,40
OD962,2016-11-27,2016-11-28,2016-12-03,2016-12-03,Standard,Cash,30
OD963,2017-09-01,2017-09-02,2017-09-07,2017-09-07,Standard,UPI,50
OD964,2015-09-22,2015-09-24,2015-09-29,2015-09-29,Standard,Credit Card,30
OD965,2018-04-09,2018-04-09,2018-04-09,2018-04-09,Same Day,Credit Card,120
OD966,2018-04-09,2018-04-09,2018-04-09,2018-04-09,Same Day,Debit Card,100
OD968,2018-04-09,2018-04-11,2018-04-13,2018-04-14,Express,UPI,80
OD969,2018-04-09,2018-04-09,2018-04-09,2018-04-09,Same Day,Cash,100
OD970,2018-04-09,2018-04-09,2018-04-09,2018-04-09,Same Day,UPI,150
OD971,2015-01-16,2015-01-16,2015-01-16,2015-01-16,Same Day,Credit Card,150
OD972,2015-01-16,2015-01-17,2015-01-19,2015-01-19,Express,Credit Card,70
OD973,2015-01-16,2015-01-17,2015-01-19,2015-01-20,Express,Debit Card,70
OD974,2015-01-16,2015-01-17,2015-01-22,2015-01-23,Standard,Credit Card,30
OD975,2018-10-05,2018-10-07,2018-10-12,2018-10-12,Standard,UPI,30
OD976,2018-10-05,2018-10-05,2018-10-05,2018-10-05,Same Day,Credit Card,120
OD977,2018-07-09,2018-07-11,2018-07-13,2018-07-13,Express,Cash,70
OD978,2018-01-07,2018-01-09,2018-01-11,2018-01-11,Express,Credit Card,70
OD979,2017-05-30,2017-05-31,2017-06-02,2017-06-01,Express,Cash,80
OD980,2016-12-09,2016-12-10,2016-12-15,2016-12-15,Standard,Debit Card,40
OD981,2017-10-03,2017-10-05,2017-10-10,2017-10-12,Standard,Credit Card,50
OD982,2015-11-11,2015-11-11,2015-11-11,2015-11-11,Same Day,Credit Card,100
OD983,2015-11-11,2015-11-11,2015-11-13,2015-11-13,Express,Credit Card,80
OD985,2018-09-29,2018-09-29,2018-10-01,2018-10-01,Express,Debit Card,70
OD986,2018-09-29,2018-09-29,2018-09-29,2018-09-29,Same Day,Cash,100
OD987,2018-09-29,2018-10-01,2018-10-06,2018-10-05,Standard,UPI,50
OD988,2016-03-10,2016-03-10,2016-03-12,2016-03-12,Express,Debit Card,70
OD990,2018-05-21,2018-05-21,2018-05-21,2018-05-21,Same Day,Credit Card,120
OD991,2016-03-29,2016-03-31,2016-04-05,2016-04-06,Standard,Credit Card,50
OD992,2017-09-09,2017-09-09,2017-09-09,2017-09-09,Same Day,Cash,150
OD993,2017-08-26,2017-08-27,2017-09-01,2017-08-31,Standard,UPI,30
OD994,2017-08-26,2017-08-26,2017-08-26,2017-08-26,Same Day,Cash,100
OD995,2015-05-21,2015-05-22,2015-05-27,2015-05-27,Standard,UPI,30
OD996,2015-05-21,2015-05-21,2015-05-21,2015-05-21,Same Day,UPI,120
OD997,2016-10-28,2016-10-28,2016-11-02,2016-11-02,Standard,Credit Card,40
OD998,2016-10-28,2016-10-30,2016-11-01,2016-11-01,Express,Credit Card,90
OD999,2016-10-28,2016-10-28,2016-11-02,2016-11-02,Standard,Credit Card,30
OD1000,2016-10-28,2016-10-28,2016-10-28,2016-10-28,Same Day,Cash,100
OD1001,2017-11-10,2017-11-10,2017-11-10,2017-11-10,Same Day,Debit Card,120
OD1003,2016-08-07,2016-08-07,2016-08-07,2016-08-07,Same Day,Credit Card,100
OD1004,2017-10-01,2017-10-03,2017-10-05,2017-10-04,Express,Debit Card,80
OD1005,2017-10-29,2017-10-29,2017-10-29,2017-10-29,Same Day,Cash,100
OD1006,2018-12-22,2018-12-24,2018-12-29,2018-12-29,Standard,UPI,50
OD1007,2015-05-12,2015-05-12,2015-05-12,2015-05-12,Same Day,Cash,150
OD1008,2015-12-01,2015-12-03,2015-12-08,2015-12-08,Standard,UPI,40
OD1009,2018-08-03,2018-08-03,2018-08-05,2018-08-06,Express,Credit Card,70
OD1010,2018-09-24,2018-09-24,2018-09-26,2018-09-27,Express,Credit Card,70
OD1011,2018-11-19,2018-11-20,2018-11-22,2018-11-23,Express,Cash,90
OD1012,2015-05-05,2015-05-06,2015-05-11,2015-05-12,Standard,UPI,40
OD1013,2018-06-29,2018-06-30,2018-07-05,2018-07-05,Standard,Cash,40
OD1014,2015-09-20,2015-09-20,2015-09-20,2015-09-20,Same Day,UPI,150
OD1015,2015-12-15,2015-12-16,2015-12-21,2015-12-22,Standard,Debit Card,50
OD1016,2018-05-14,2018-05-16,2018-05-21,2018-05-21,Standard,UPI,50
OD1017,2018-10-24,2018-10-24,2018-10-24,2018-10-24,Same Day,Debit Card,150
OD1018,2015-11-18,2015-11-19,2015-11-21,2015-11-21,Express,Cash,70
OD1019,2017-08-28,2017-08-29,2017-08-31,2017-08-31,Express,Debit Card,90
OD1020,2018-06-29,2018-07-01,2018-07-03,2018-07-05,Express,Debit Card,70
OD1021,2017-03-14,2017-03-14,2017-03-16,2017-03-16,Express,UPI,80
OD1022,2015-11-18,2015-11-18,2015-11-18,2015-11-18,Same Day,UPI,150
OD1023,2018-04-26,2018-04-26,2018-05-01,2018-05-03,Standard,UPI,30
OD1024,2015-11-18,2015-11-18,2015-11-18,2015-11-18,Same Day,Debit Card,100
OD1025,2016-09-27,2016-09-29,2016-10-04,2016-10-06,Standard,UPI,40
OD1026,2017-05-17,2017-05-17,2017-05-19,2017-05-19,Express,Debit Card,90
OD1027,2018-10-13,2018-10-13,2018-10-15,2018-10-15,Express,Credit Card,90
OD1030,2016-06-25,2016-06-25,2016-06-25,2016-06-25,Same Day,Cash,150
OD1031,2017-10-17,2017-10-17,2017-10-22,2017-10-23,Standard,Credit Card,40
OD1032,2018-07-03,2018-07-05,2018-07-07,2018-07-07,Express,UPI,80
OD1033,2015-09-02,2015-09-04,2015-09-06,2015-09-05,Express,Debit Card,90
OD1034,2015-12-01,2015-12-01,2015-12-01,2015-12-01,Same Day,Cash,100
OD1035,2018-12-05,2018-12-07,2018-12-12,2018-12-12,Standard,UPI,40
OD1036,2016-08-09,2016-08-10,2016-08-12,2016-08-12,Express,Credit Card,70
OD1037,2015-12-01,2015-12-02,2015-12-07,2015-12-07,Standard,Cash,50
OD1038,2017-12-04,2017-12-04,2017-12-04,2017-12-04,Same Day,UPI,120
OD1040,2017-05-17,2017-05-18,2017-05-20,2017-05-20,Express,Debit Card,70
OD1041,2017-03-09,2017-03-11,2017-03-16,2017-03-18,Standard,Debit Card,40
OD1042,2015-09-10,2015-09-10,2015-09-10,2015-09-10,Same Day,Credit Card,150
OD1043,2017-02-14,2017-02-14,2017-02-14,2017-02-14,Same Day,Credit Card,100
OD1044,2018-04-21,2018-04-22,2018-04-24,2018-04-24,Express,Credit Card,80
OD1045,2015-10-14,2015-10-15,2015-10-17,2015-10-17,Express,Debit Card,80
OD1046,2015-07-08,2015-07-10,2015-07-12,2015-07-13,Express,Debit Card,90
OD1047,2016-06-29,2016-06-29,2016-07-01,2016-06-30,Express,Debit Card,70
OD1048,2017-11-14,2017-11-14,2017-11-14,2017-11-14,Same Day,Cash,150
OD1049,2015-09-20,2015-09-20,2015-09-20,2015-09-20,Same Day,Debit Card,100
OD1050,2015-10-04,2015-10-04,2015-10-06,2015-10-06,Express,Credit Card,90
OD1051,2018-03-26,2018-03-28,2018-03-30,2018-03-30,Express,Debit Card,80
OD1052,2015-09-20,2015-09-20,2015-09-22,2015-09-23,Express,Cash,80
OD1053,2018-11-20,2018-11-21,2018-11-23,2018-11-23,Express,Debit Card,80
OD1054,2018-02-11,2018-02-11,2018-02-11,2018-02-11,Same Day,Cash,120
OD1055,2017-05-03,2017-05-05,2017-05-10,2017-05-11,Standard,Cash,40
OD1056,2018-12-10,2018-12-12,2018-12-17,2018-12-17,Standard,UPI,50
OD1057,2017-09-18,2017-09-18,2017-09-18,2017-09-18,Same Day,Cash,150
OD1058,2018-04-17,2018-04-17,2018-04-17,2018-04-17,Same Day,Credit Card,100
OD1059,2018-09-16,2018-09-16,2018-09-18,2018-09-20,Express,Credit Card,70
OD1060,2018-12-01,2018-12-01,2018-12-01,2018-12-01,Same Day,Cash,150
OD1061,2018-12-10,2018-12-10,2018-12-10,2018-12-10,Same Day,Cash,100
OD1062,2016-07-11,2016-07-13,2016-07-18,2016-07-18,Standard,Debit Card,50
OD1063,2016-12-15,2016-12-16,2016-12-21,2016-12-21,Standard,UPI,30
OD1064,2016-07-11,2016-07-11,2016-07-11,2016-07-11,Same Day,UPI,120
OD1065,2018-09-14,2018-09-14,2018-09-19,2018-09-19,Standard,Cash,50
OD1066,2018-11-23,2018-11-23,2018-11-23,2018-11-23,Same Day,Debit Card,100
OD1067,2017-12-30,2017-12-30,2018-01-01,2018-01-01,Express,Debit Card,90
OD1068,2017-09-18,2017-09-18,2017-09-23,2017-09-23,Standard,Credit Card,50
OD1069,2015-10-15,2015-10-17,2015-10-19,2015-10-19,Express,Credit Card,80
OD1070,2018-09-14,2018-09-14,2018-09-14,2018-09-14,Same Day,Debit Card,120
OD1071,2017-02-14,2017-02-15,2017-02-20,2017-02-20,Standard,UPI,50
OD1072,2018-11-30,2018-12-02,2018-12-04,2018-12-04,Express,UPI,80
OD1073,2016-07-11,2016-07-11,2016-07-16,2016-07-15,Standard,Credit Card,40
OD1075,2016-08-09,2016-08-10,2016-08-12,2016-08-12,Express,UPI,70
OD1076,2018-07-07,2018-07-08,2018-07-13,2018-07-16,Standard,Cash,40
OD1077,2017-07-28,2017-07-28,2017-07-28,2017-07-28,Same Day,UPI,150
OD1078,2018-05-30,2018-05-31,2018-06-05,2018-06-06,Standard,UPI,50
OD1079,2018-12-02,2018-12-04,2018-12-06,2018-12-06,Express,Credit Card,80
OD1080,2015-04-07,2015-04-07,2015-04-07,2015-04-07,Same Day,Debit Card,120
OD1081,2017-11-05,2017-11-07,2017-11-12,2017-11-13,Standard,Credit Card,50
OD1082,2018-02-06,2018-02-07,2018-02-09,2018-02-09,Express,UPI,80
OD1083,2017-12-05,2017-12-06,2017-12-08,2017-12-10,Express,Credit Card,80
OD1084,2018-05-30,2018-05-30,2018-05-30,2018-05-30,Same Day,Debit Card,120
OD1085,2017-10-22,2017-10-22,2017-10-22,2017-10-22,Same Day,Cash,120
OD1086,2018-10-13,2018-10-14,2018-10-16,2018-10-16,Express,Debit Card,90
OD1087,2017-04-08,2017-04-10,2017-04-15,2017-04-14,Standard,Credit Card,30
OD1088,2017-11-05,2017-11-05,2017-11-05,2017-11-05,Same Day,Cash,150
OD1089,2016-04-16,2016-04-17,2016-04-22,2016-04-21,Standard,Credit Card,40
OD1090,2017-12-09,2017-12-09,2017-12-09,2017-12-09,Same Day,Cash,150
OD1091,2016-04-16,2016-04-18,2016-04-23,2016-04-23,Standard,Debit Card,30
OD1092,2016-11-21,2016-11-21,2016-11-21,2016-11-21,Same Day,UPI,150
OD1093,2015-09-05,2015-09-06,2015-09-11,2015-09-12,Standard,Credit Card,40
OD1094,2016-11-30,2016-11-30,2016-12-02,2016-12-02,Express,Debit Card,70
OD1095,2018-05-01,2018-05-01,2018-05-06,2018-05-07,Standard,Cash,50
OD1096,2018-12-10,2018-12-11,2018-12-13,2018-12-12,Express,Credit Card,80
OD1097,2018-12-25,2018-12-25,2018-12-30,2018-12-30,Standard,Debit Card,30
OD1098,2018-11-11,2018-11-13,2018-11-15,2018-11-14,Express,UPI,90
OD1099,2017-05-01,2017-05-01,2017-05-03,2017-05-04,Express,Credit Card,70
OD1100,2018-09-29,2018-09-29,2018-10-04,2018-10-04,Standard,UPI,30
OD1101,2016-03-13,2016-03-15,2016-03-20,2016-03-21,Standard,Debit Card,30
OD1102,2018-10-30,2018-10-30,2018-10-30,2018-10-30,Same Day,UPI,100
OD1103,2018-12-08,2018-12-08,2018-12-08,2018-12-08,Same Day,Credit Card,120
OD1104,2018-09-12,2018-09-14,2018-09-16,2018-09-17,Express,Credit Card,80
OD1105,2018-10-14,2018-10-14,2018-10-16,2018-10-15,Express,UPI,80
OD1106,2018-09-07,2018-09-08,2018-09-10,2018-09-09,Express,UPI,90
OD1107,2018-11-16,2018-11-17,2018-11-19,2018-11-19,Express,Debit Card,80
OD1108,2015-11-15,2015-11-16,2015-11-21,2015-11-22,Standard,Credit Card,50
OD1109,2015-07-20,2015-07-20,2015-07-20,2015-07-20,Same Day,Cash,120
OD1110,2018-04-21,2018-04-23,2018-04-28,2018-05-01,Standard,UPI,30
OD1111,2018-08-12,2018-08-13,2018-08-15,2018-08-15,Express,Cash,90
OD1112,2018-08-21,2018-08-22,2018-08-24,2018-08-23,Express,Cash,70
OD1113,2015-11-24,2015-11-24,2015-11-24,2015-11-24,Same Day,Debit Card,100
OD1114,2018-05-27,2018-05-29,2018-05-31,2018-05-31,Express,Debit Card,80
OD1116,2017-07-04,2017-07-04,2017-07-04,2017-07-04,Same Day,UPI,150
OD1117,2017-12-03,2017-12-03,2017-12-03,2017-12-03,Same Day,Debit Card,100
OD1118,2018-07-31,2018-08-01,2018-08-03,2018-08-03,Express,Credit Card,70
OD1119,2017-11-04,2017-11-05,2017-11-10,2017-11-10,Standard,UPI,30
OD1120,2017-06-17,2017-06-19,2017-06-21,2017-06-21,Express,UPI,90
OD1121,2015-01-31,2015-02-01,2015-02-03,2015-02-06,Express,Debit Card,80
OD1122,2017-07-04,2017-07-06,2017-07-08,2017-07-08,Express,Cash,70
OD1123,2018-09-29,2018-10-01,2018-10-03,2018-10-02,Express,Debit Card,70
OD1124,2015-03-07,2015-03-09,2015-03-14,2015-03-15,Standard,Debit Card,30
OD1125,2016-10-02,2016-10-02,2016-10-04,2016-10-03,Express,UPI,80
OD1126,2018-08-22,2018-08-24,2018-08-29,2018-08-30,Standard,UPI,30
OD1127,2015-11-23,2015-11-23,2015-11-23,2015-11-23,Same Day,UPI,120
OD1128,2017-11-03,2017-11-04,2017-11-09,2017-11-08,Standard,Credit Card,50
OD1129,2015-10-11,2015-10-11,2015-10-11,2015-10-11,Same Day,Credit Card,150
OD1130,2017-06-20,2017-06-22,2017-06-24,2017-06-26,Express,Debit Card,70
OD1131,2018-10-30,2018-11-01,2018-11-03,2018-11-03,Express,Credit Card,90
OD1132,2015-12-20,2015-12-20,2015-12-20,2015-12-20,Same Day,Credit Card,120
OD1133,2015-12-20,2015-12-20,2015-12-22,2015-12-24,Express,Debit Card,70
OD1134,2017-04-12,2017-04-12,2017-04-12,2017-04-12,Same Day,UPI,100
OD1135,2018-04-23,2018-04-24,2018-04-26,2018-04-26,Express,UPI,70
OD1136,2017-06-17,2017-06-18,2017-06-23,2017-06-24,Standard,Debit Card,50
OD1137,2017-05-05,2017-05-07,2017-05-12,2017-05-12,Standard,Cash,30
OD1138,2018-08-21,2018-08-21,2018-08-21,2018-08-21,Same Day,UPI,150
OD1139,2017-10-01,2017-10-01,2017-10-06,2017-10-06,Standard,Debit Card,40
OD1140,2018-10-01,2018-10-01,2018-10-01,2018-10-01,Same Day,Cash,100
OD1141,2017-06-17,2017-06-18,2017-06-20,2017-06-21,Express,UPI,90
OD1142,2015-11-23,2015-11-23,2015-11-23,2015-11-23,Same Day,Credit Card,120
OD1144,2018-06-16,2018-06-16,2018-06-16,2018-06-16,Same Day,UPI,120
OD1145,2018-10-30,2018-10-30,2018-10-30,2018-10-30,Same Day,Debit Card,100
OD1146,2018-05-05,2018-05-05,2018-05-05,2018-05-05,Same Day,Debit Card,100
OD1147,2015-01-19,2015-01-19,2015-01-19,2015-01-19,Same Day,Debit Card,120
OD1148,2016-12-17,2016-12-18,2016-12-23,2016-12-23,Standard,Debit Card,50
OD1149,2016-10-15,2016-10-15,2016-10-15,2016-10-15,Same Day,UPI,120
OD1150,2018-10-22,2018-10-22,2018-10-22,2018-10-22,Same Day,Credit Card,150
OD1151,2016-12-17,2016-12-17,2016-12-17,2016-12-17,Same Day,UPI,100
OD1152,2016-12-17,2016-12-17,2016-12-22,2016-12-23,Standard,Debit Card,30
OD1153,2017-12-10,2017-12-10,2017-12-10,2017-12-10,Same Day,Debit Card,100
OD1154,2018-09-07,2018-09-08,2018-09-13,2018-09-15,Standard,Credit Card,30
OD1155,2018-09-01,2018-09-01,2018-09-06,2018-09-06,Standard,UPI,40
OD1156,2016-12-17,2016-12-17,2016-12-17,2016-12-17,Same Day,UPI,120
OD1157,2018-12-11,2018-12-13,2018-12-15,2018-12-16,Express,Debit Card,90
OD1158,2018-10-30,2018-10-31,2018-11-02,2018-11-03,Express,UPI,80
OD1159,2016-10-15,2016-10-17,2016-10-19,2016-10-19,Express,Cash,90
OD1160,2017-05-26,2017-05-26,2017-05-31,2017-06-02,Standard,Credit Card,50
OD1161,2018-12-11,2018-12-12,2018-12-17,2018-12-17,Standard,UPI,50
OD1162,2018-10-30,2018-11-01,2018-11-03,2018-11-02,Express,UPI,90
OD1163,2016-08-25,2016-08-25,2016-08-27,2016-08-26,Express,Credit Card,80
OD1164,2018-12-14,2018-12-14,2018-12-14,2018-12-14,Same Day,Credit Card,150
OD1165,2016-12-01,2016-12-01,2016-12-03,2016-12-03,Express,Debit Card,80
OD1166,2016-08-25,2016-08-25,2016-08-27,2016-08-29,Express,Cash,70
OD1167,2015-02-18,2015-02-19,2015-02-21,2015-02-21,Express,Cash,90
OD1168,2018-12-14,2018-12-15,2018-12-17,2018-12-16,Express,Credit Card,80
OD1169,2016-10-15,2016-10-15,2016-10-15,2016-10-15,Same Day,Cash,150
OD1170,2016-11-13,2016-11-13,2016-11-15,2016-11-15,Express,UPI,80
OD1171,2015-05-04,2015-05-06,2015-05-11,2015-05-12,Standard,Credit Card,50
OD1172,2018-05-25,2018-05-27,2018-06-01,2018-06-02,Standard,UPI,50
OD1173,2017-06-04,2017-06-04,2017-06-04,2017-06-04,Same Day,UPI,120
OD1174,2017-03-17,2017-03-18,2017-03-23,2017-03-24,Standard,Cash,30
OD1175,2016-09-25,2016-09-25,2016-09-27,2016-09-27,Express,Debit Card,90
OD1177,2017-06-04,2017-06-04,2017-06-04,2017-06-04,Same Day,Debit Card,100
OD1178,2017-05-14,2017-05-15,2017-05-20,2017-05-21,Standard,Cash,30
OD1179,2018-03-16,2018-03-18,2018-03-20,2018-03-21,Express,Credit Card,70
OD1180,2016-12-06,2016-12-06,2016-12-06,2016-12-06,Same Day,Credit Card,100
OD1181,2017-01-15,2017-01-15,2017-01-15,2017-01-15,Same Day,Cash,120
OD1182,2018-10-12,2018-10-12,2018-10-12,2018-10-12,Same Day,Credit Card,150
OD1183,2016-09-07,2016-09-09,2016-09-14,2016-09-15,Standard,Credit Card,50
OD1184,2018-06-30,2018-07-02,2018-07-07,2018-07-07,Standard,Cash,30
OD1185,2016-07-31,2016-08-02,2016-08-07,2016-08-06,Standard,Credit Card,30
OD1187,2015-11-05,2015-11-06,2015-11-11,2015-11-10,Standard,Debit Card,50
OD1188,2018-07-06,2018-07-06,2018-07-06,2018-07-06,Same Day,UPI,100
OD1189,2017-10-28,2017-10-28,2017-10-28,2017-10-28,Same Day,Cash,120
OD1190,2017-10-28,2017-10-30,2017-11-01,2017-11-01,Express,Credit Card,80
OD1191,2017-10-28,2017-10-28,2017-10-28,2017-10-28,Same Day,Cash,150
OD1192,2018-10-20,2018-10-20,2018-10-22,2018-10-21,Express,Cash,70
OD1193,2015-07-28,2015-07-28,2015-07-28,2015-07-28,Same Day,Cash,100
OD1194,2015-03-31,2015-04-02,2015-04-04,2015-04-04,Express,Cash,70
OD1195,2016-08-13,2016-08-13,2016-08-18,2016-08-18,Standard,UPI,30
OD1196,2017-09-04,2017-09-04,2017-09-04,2017-09-04,Same Day,Debit Card,120
OD1197,2015-09-13,2015-09-13,2015-09-13,2015-09-13,Same Day,Debit Card,150
OD1198,2017-10-22,2017-10-22,2017-10-22,2017-10-22,Same Day,Debit Card,120
OD1199,2018-09-11,2018-09-12,2018-09-17,2018-09-18,Standard,Debit Card,40
OD1200,2018-09-24,2018-09-26,2018-10-01,2018-10-01,Standard,Debit Card,30
OD1201,2016-10-31,2016-10-31,2016-11-02,2016-11-02,Express,Credit Card,80
OD1202,2016-08-08,2016-08-08,2016-08-08,2016-08-08,Same Day,UPI,120
OD1203,2017-09-08,2017-09-09,2017-09-14,2017-09-14,Standard,Credit Card,40
OD1204,2018-09-11,2018-09-11,2018-09-11,2018-09-11,Same Day,UPI,150
OD1205,2018-11-24,2018-11-24,2018-11-24,2018-11-24,Same Day,Debit Card,100
OD1206,2018-11-24,2018-11-24,2018-11-24,2018-11-24,Same Day,UPI,100
OD1207,2017-04-14,2017-04-14,2017-04-14,2017-04-14,Same Day,Debit Card,150
OD1208,2016-10-31,2016-11-01,2016-11-03,2016-11-03,Express,Credit Card,70
OD1209,2017-12-11,2017-12-13,2017-12-15,2017-12-18,Express,Credit Card,70
OD1210,2017-03-22,2017-03-22,2017-03-22,2017-03-22,Same Day,Debit Card,120
OD1211,2017-12-11,2017-12-12,2017-12-17,2017-12-17,Standard,Cash,50
OD1212,2015-02-11,2015-02-11,2015-02-11,2015-02-11,Same Day,Debit Card,120
OD1213,2017-11-18,2017-11-19,2017-11-24,2017-11-24,Standard,Credit Card,50
OD1214,2018-01-16,2018-01-18,2018-01-20,2018-01-20,Express,Cash,80
OD1215,2018-01-29,2018-01-29,2018-01-29,2018-01-29,Same Day,Cash,150
OD1216,2015-02-11,2015-02-11,2015-02-13,2015-02-13,Express,UPI,80
OD1218,2015-09-07,2015-09-09,2015-09-11,2015-09-13,Express,Debit Card,80
OD1219,2017-10-20,2017-10-20,2017-10-22,2017-10-22,Express,Debit Card,70
OD1220,2016-05-26,2016-05-28,2016-05-30,2016-05-30,Express,UPI,90
OD1221,2015-08-20,2015-08-21,2015-08-23,2015-08-24,Express,Credit Card,90
OD1222,2015-05-21,2015-05-23,2015-05-25,2015-05-25,Express,UPI,80
OD1223,2017-06-25,2017-06-25,2017-06-30,2017-07-01,Standard,Cash,40
OD1224,2017-12-01,2017-12-02,2017-12-04,2017-12-07,Express,UPI,90
OD1225,2015-04-20,2015-04-20,2015-04-25,2015-04-25,Standard,Credit Card,50
OD1226,2015-10-03,2015-10-03,2015-10-03,2015-10-03,Same Day,Debit Card,150
OD1227,2018-10-09,2018-10-09,2018-10-14,2018-10-14,Standard,Cash,30
OD1228,2016-09-13,2016-09-13,2016-09-15,2016-09-16,Express,UPI,80
OD1229,2017-12-01,2017-12-02,2017-12-07,2017-12-06,Standard,Debit Card,30
OD1230,2016-05-26,2016-05-27,2016-06-01,2016-06-01,Standard,Debit Card,30
OD1231,2018-01-02,2018-01-03,2018-01-08,2018-01-07,Standard,Debit Card,30
OD1232,2015-04-20,2015-04-20,2015-04-20,2015-04-20,Same Day,Credit Card,100
OD1233,2017-09-10,2017-09-10,2017-09-12,2017-09-12,Express,UPI,90
OD1234,2016-05-24,2016-05-24,2016-05-24,2016-05-24,Same Day,UPI,150
OD1235,2016-07-12,2016-07-13,2016-07-18,2016-07-18,Standard,UPI,50
OD1236,2018-05-30,2018-05-30,2018-06-04,2018-06-04,Standard,Credit Card,30
OD1237,2016-01-03,2016-01-04,2016-01-06,2016-01-08,Express,UPI,90
OD1238,2015-06-07,2015-06-09,2015-06-11,2015-06-10,Express,UPI,90
OD1239,2018-09-08,2018-09-08,2018-09-08,2018-09-08,Same Day,Cash,100
OD1240,2016-07-12,2016-07-12,2016-07-12,2016-07-12,Same Day,Debit Card,100
OD1241,2016-03-05,2016-03-06,2016-03-08,2016-03-08,Express,Cash,90
OD1242,2017-04-28,2017-04-28,2017-04-28,2017-04-28,Same Day,UPI,100
OD1243,2018-11-19,2018-11-19,2018-11-19,2018-11-19,Same Day,Debit Card,100
OD1245,2015-10-17,2015-10-17,2015-10-19,2015-10-18,Express,Credit Card,80
OD1246,2018-06-12,2018-06-13,2018-06-18,2018-06-18,Standard,Debit Card,40
OD1247,2015-12-06,2015-12-07,2015-12-12,2015-12-12,Standard,UPI,30
OD1248,2018-12-02,2018-12-03,2018-12-05,2018-12-05,Express,UPI,90
OD1249,2018-11-06,2018-11-06,2018-11-06,2018-11-06,Same Day,Cash,120
OD1250,2018-06-04,2018-06-05,2018-06-10,2018-06-10,Standard,Cash,50
OD1251,2015-12-16,2015-12-16,2015-12-18,2015-12-18,Express,Debit Card,90
OD1252,2016-07-18,2016-07-18,2016-07-18,2016-07-18,Same Day,UPI,150
OD1253,2018-09-22,2018-09-22,2018-09-24,2018-09-24,Express,UPI,80
OD1255,2017-06-28,2017-06-29,2017-07-04,2017-07-04,Standard,Cash,50
OD1256,2017-09-03,2017-09-05,2017-09-07,2017-09-07,Express,UPI,90
OD1257,2018-03-31,2018-04-02,2018-04-04,2018-04-07,Express,Cash,70
OD1258,2018-12-08,2018-12-10,2018-12-12,2018-12-13,Express,Cash,70
OD1259,2015-10-31,2015-11-01,2015-11-06,2015-11-08,Standard,Credit Card,30
OD1260,2015-11-25,2015-11-25,2015-11-25,2015-11-25,Same Day,UPI,120
OD1261,2017-09-03,2017-09-04,2017-09-09,2017-09-09,Standard,Cash,40
OD1262,2018-09-15,2018-09-16,2018-09-18,2018-09-17,Express,Credit Card,80
OD1263,2016-11-07,2016-11-08,2016-11-10,2016-11-10,Express,Cash,90
OD1264,2018-06-24,2018-06-24,2018-06-26,2018-06-26,Express,UPI,70
OD1265,2018-03-06,2018-03-07,2018-03-09,2018-03-09,Express,Cash,90
OD1266,2016-08-24,2016-08-25,2016-08-30,2016-08-31,Standard,UPI,30
OD1268,2017-12-01,2017-12-01,2017-12-06,2017-12-06,Standard,Debit Card,50
OD1269,2015-09-29,2015-10-01,2015-10-06,2015-10-06,Standard,Credit Card,40
OD1270,2017-03-19,2017-03-21,2017-03-23,2017-03-23,Express,UPI,70
OD1271,2015-10-31,2015-11-01,2015-11-06,2015-11-06,Standard,Debit Card,50
OD1272,2017-12-01,2017-12-01,2017-12-01,2017-12-01,Same Day,Cash,120
OD1273,2018-05-12,2018-05-12,2018-05-12,2018-05-12,Same Day,Cash,120
OD1274,2018-09-01,2018-09-01,2018-09-01,2018-09-01,Same Day,Credit Card,120
OD1275,2018-11-26,2018-11-26,2018-11-28,2018-11-28,Express,Credit Card,90
OD1276,2018-11-05,2018-11-05,2018-11-05,2018-11-05,Same Day,Cash,120
OD1277,2018-06-24,2018-06-24,2018-06-29,2018-06-29,Standard,Credit Card,50
OD1278,2018-11-05,2018-11-05,2018-11-05,2018-11-05,Same Day,Debit Card,150
OD1279,2016-12-05,2016-12-06,2016-12-11,2016-12-11,Standard,Debit Card,40
OD1280,2016-11-01,2016-11-03,2016-11-05,2016-11-05,Express,Debit Card,80
OD1281,2018-07-15,2018-07-15,2018-07-15,2018-07-15,Same Day,Cash,150
OD1282,2015-09-12,2015-09-12,2015-09-14,2015-09-14,Express,Credit Card,70
OD1283,2016-12-04,2016-12-04,2016-12-06,2016-12-05,Express,UPI,90
OD1284,2016-07-13,2016-07-14,2016-07-19,2016-07-19,Standard,Credit Card,30
OD1285,2018-06-25,2018-06-25,2018-06-30,2018-06-29,Standard,Credit Card,30
OD1286,2015-12-01,2015-12-03,2015-12-08,2015-12-08,Standard,UPI,50
OD1287,2018-03-27,2018-03-29,2018-03-31,2018-03-31,Express,UPI,80
OD1288,2017-08-01,2017-08-01,2017-08-01,2017-08-01,Same Day,Cash,120
OD1289,2018-01-19,2018-01-20,2018-01-22,2018-01-22,Express,UPI,70
OD1290,2017-09-06,2017-09-08,2017-09-10,2017-09-10,Express,Debit Card,90
OD1291,2015-05-18,2015-05-19,2015-05-21,2015-05-21,Express,Cash,90
OD1292,2015-12-27,2015-12-29,2015-12-31,2016-01-03,Express,Cash,70
OD1293,2017-11-14,2017-11-14,2017-11-14,2017-11-14,Same Day,Credit Card,120
OD1294,2015-09-09,2015-09-10,2015-09-12,2015-09-12,Express,UPI,70
OD1295,2018-07-25,2018-07-27,2018-08-01,2018-08-01,Standard,Credit Card,50
OD1296,2018-06-21,2018-06-22,2018-06-24,2018-06-27,Express,Cash,80
OD1297,2015-03-11,2015-03-11,2015-03-11,2015-03-11,Same Day,UPI,100
OD1298,2017-12-19,2017-12-21,2017-12-23,2017-12-22,Express,Cash,70
OD1299,2018-07-13,2018-07-13,2018-07-15,2018-07-15,Express,Cash,90
OD1300,2017-08-27,2017-08-27,2017-08-29,2017-08-31,Express,UPI,90
OD1301,2015-10-31,2015-11-01,2015-11-03,2015-11-04,Express,UPI,90
OD1302,2016-01-27,2016-01-28,2016-01-30,2016-01-31,Express,Cash,90
OD1303,2017-11-14,2017-11-14,2017-11-14,2017-11-14,Same Day,Credit Card,150
OD1304,2018-01-19,2018-01-19,2018-01-19,2018-01-19,Same Day,UPI,100
OD1305,2017-12-01,2017-12-02,2017-12-04,2017-12-05,Express,Credit Card,80
OD1306,2015-12-01,2015-12-01,2015-12-06,2015-12-06,Standard,Cash,50
OD1307,2018-08-17,2018-08-18,2018-08-20,2018-08-20,Express,Cash,80
OD1308,2016-10-12,2016-10-12,2016-10-12,2016-10-12,Same Day,UPI,120
OD1309,2018-07-25,2018-07-25,2018-07-27,2018-07-27,Express,Debit Card,70
OD1310,2018-11-05,2018-11-05,2018-11-05,2018-11-05,Same Day,Cash,150
OD1312,2017-03-24,2017-03-24,2017-03-24,2017-03-24,Same Day,UPI,100
OD1313,2015-05-10,2015-05-12,2015-05-14,2015-05-14,Express,UPI,90
OD1314,2018-12-29,2018-12-30,2019-01-04,2019-01-03,Standard,UPI,50
OD1315,2017-10-27,2017-10-27,2017-10-27,2017-10-27,Same Day,Debit Card,100
OD1316,2016-09-06,2016-09-07,2016-09-09,2016-09-10,Express,Debit Card,70
OD1317,2015-04-29,2015-05-01,2015-05-03,2015-05-05,Express,Credit Card,70
OD1318,2018-03-27,2018-03-27,2018-03-29,2018-03-31,Express,Debit Card,90
OD1319,2018-08-06,2018-08-07,2018-08-09,2018-08-09,Express,UPI,70
OD1320,2017-09-23,2017-09-24,2017-09-29,2017-09-29,Standard,Cash,50
OD1321,2018-12-29,2018-12-29,2018-12-31,2018-12-31,Express,Cash,70
OD1322,2018-07-10,2018-07-10,2018-07-10,2018-07-10,Same Day,Cash,150
OD1323,2016-11-08,2016-11-08,2016-11-08,2016-11-08,Same Day,UPI,150
OD1324,2017-12-23,2017-12-24,2017-12-26,2017-12-25,Express,UPI,80
OD1325,2017-11-03,2017-11-03,2017-11-03,2017-11-03,Same Day,Cash,150
OD1326,2018-12-25,2018-12-25,2018-12-25,2018-12-25,Same Day,Cash,120
OD1327,2017-11-03,2017-11-05,2017-11-07,2017-11-06,Express,UPI,90
OD1328,2018-08-06,2018-08-07,2018-08-12,2018-08-12,Standard,UPI,40
OD1329,2015-01-13,2015-01-13,2015-01-18,2015-01-17,Standard,Credit Card,50
OD1330,2016-12-25,2016-12-27,2017-01-01,2017-01-01,Standard,UPI,50
OD1331,2017-12-23,2017-12-23,2017-12-25,2017-12-27,Express,UPI,70
OD1332,2015-12-16,2015-12-16,2015-12-18,2015-12-18,Express,Cash,80
OD1333,2017-06-30,2017-06-30,2017-06-30,2017-06-30,Same Day,UPI,100
OD1335,2015-06-09,2015-06-10,2015-06-12,2015-06-12,Express,UPI,80
OD1336,2018-12-29,2018-12-31,2019-01-02,2019-01-02,Express,Credit Card,90
OD1337,2015-12-19,2015-12-19,2015-12-24,2015-12-23,Standard,Credit Card,30
OD1338,2015-12-23,2015-12-24,2015-12-29,2015-12-29,Standard,Credit Card,40
OD1339,2017-08-15,2017-08-15,2017-08-15,2017-08-15,Same Day,Debit Card,150
OD1340,2018-08-23,2018-08-23,2018-08-23,2018-08-23,Same Day,Credit Card,120
OD1341,2018-11-06,2018-11-06,2018-11-06,2018-11-06,Same Day,UPI,150
OD1342,2018-07-27,2018-07-27,2018-07-29,2018-07-30,Express,Debit Card,70
OD1343,2015-01-21,2015-01-21,2015-01-21,2015-01-21,Same Day,Credit Card,120
OD1344,2018-10-28,2018-10-30,2018-11-01,2018-11-01,Express,Debit Card,90
OD1345,2015-08-08,2015-08-08,2015-08-10,2015-08-10,Express,Credit Card,80
OD1346,2018-07-27,2018-07-27,2018-07-27,2018-07-27,Same Day,UPI,120
OD1347,2016-01-28,2016-01-28,2016-01-28,2016-01-28,Same Day,Debit Card,120
OD1348,2015-08-29,2015-08-29,2015-08-29,2015-08-29,Same Day,Debit Card,150
OD1349,2017-01-30,2017-01-30,2017-01-30,2017-01-30,Same Day,Credit Card,150
OD1351,2015-03-24,2015-03-25,2015-03-27,2015-03-29,Express,UPI,90
OD1352,2018-04-23,2018-04-25,2018-04-30,2018-04-30,Standard,UPI,40
OD1354,2016-03-16,2016-03-18,2016-03-23,2016-03-25,Standard,Credit Card,30
OD1355,2018-06-11,2018-06-11,2018-06-13,2018-06-13,Express,Credit Card,90
OD1356,2015-12-12,2015-12-12,2015-12-12,2015-12-12,Same Day,Cash,150
OD1357,2015-12-12,2015-12-13,2015-12-18,2015-12-18,Standard,Cash,50
OD1358,2016-03-29,2016-03-29,2016-03-29,2016-03-29,Same Day,Debit Card,150
OD1359,2018-08-03,2018-08-04,2018-08-09,2018-08-09,Standard,UPI,50
OD1360,2017-04-22,2017-04-23,2017-04-28,2017-04-28,Standard,Credit Card,50
OD1361,2018-06-17,2018-06-17,2018-06-17,2018-06-17,Same Day,Cash,100
OD1362,2017-07-17,2017-07-19,2017-07-21,2017-07-21,Express,Debit Card,80
OD1363,2018-07-27,2018-07-27,2018-07-27,2018-07-27,Same Day,Debit Card,150
OD1364,2017-05-16,2017-05-16,2017-05-16,2017-05-16,Same Day,Debit Card,100
OD1365,2017-11-11,2017-11-11,2017-11-11,2017-11-11,Same Day,UPI,100
OD1366,2016-06-09,2016-06-11,2016-06-16,2016-06-16,Standard,Credit Card,30
OD1367,2016-11-30,2016-11-30,2016-11-30,2016-11-30,Same Day,Debit Card,150
OD1368,2015-10-26,2015-10-26,2015-10-31,2015-10-31,Standard,Cash,30
OD1369,2018-12-10,2018-12-10,2018-12-15,2018-12-15,Standard,UPI,40
OD1370,2018-06-25,2018-06-27,2018-07-02,2018-07-04,Standard,Cash,40
OD1371,2016-07-25,2016-07-25,2016-07-25,2016-07-25,Same Day,Cash,100
OD1372,2018-03-30,2018-03-30,2018-04-01,2018-04-01,Express,UPI,70
OD1373,2017-01-10,2017-01-12,2017-01-17,2017-01-17,Standard,UPI,40
OD1374,2017-07-17,2017-07-17,2017-07-17,2017-07-17,Same Day,Cash,150
OD1375,2015-06-03,2015-06-03,2015-06-05,2015-06-06,Express,UPI,90
OD1376,2018-04-23,2018-04-25,2018-04-30,2018-05-01,Standard,UPI,30
OD1377,2015-07-25,2015-07-26,2015-07-28,2015-07-28,Express,UPI,90
OD1378,2017-11-10,2017-11-11,2017-11-16,2017-11-16,Standard,Credit Card,50
OD1379,2018-11-01,2018-11-02,2018-11-04,2018-11-06,Express,Debit Card,80
OD1380,2016-12-21,2016-12-23,2016-12-25,2016-12-25,Express,Credit Card,90
OD1381,2018-12-18,2018-12-18,2018-12-20,2018-12-23,Express,Debit Card,80
OD1382,2016-07-17,2016-07-18,2016-07-23,2016-07-25,Standard,UPI,40
OD1383,2018-09-03,2018-09-03,2018-09-08,2018-09-07,Standard,UPI,50
OD1384,2015-12-12,2015-12-12,2015-12-14,2015-12-16,Express,UPI,80
OD1385,2018-06-30,2018-06-30,2018-06-30,2018-06-30,Same Day,Debit Card,100
OD1386,2018-04-25,2018-04-25,2018-04-30,2018-04-30,Standard,Credit Card,40
OD1387,2015-11-24,2015-11-24,2015-11-24,2015-11-24,Same Day,UPI,100
OD1388,2016-10-23,2016-10-23,2016-10-23,2016-10-23,Same Day,Credit Card,150
OD1389,2018-12-03,2018-12-05,2018-12-10,2018-12-10,Standard,Credit Card,30
OD1390,2016-07-14,2016-07-15,2016-07-20,2016-07-21,Standard,Debit Card,50
OD1391,2015-09-26,2015-09-26,2015-09-26,2015-09-26,Same Day,Debit Card,120
OD1392,2017-01-21,2017-01-21,2017-01-21,2017-01-21,Same Day,UPI,150
OD1393,2017-11-05,2017-11-05,2017-11-05,2017-11-05,Same Day,UPI,150
OD1394,2016-07-25,2016-07-25,2016-07-27,2016-07-29,Express,UPI,80
OD1395,2016-04-13,2016-04-13,2016-04-15,2016-04-15,Express,Credit Card,90
OD1396,2017-05-05,2017-05-06,2017-05-08,2017-05-08,Express,UPI,80
OD1397,2016-10-23,2016-10-24,2016-10-29,2016-10-28,Standard,UPI,40
OD1398,2015-07-22,2015-07-22,2015-07-22,2015-07-22,Same Day,Debit Card,120
OD1399,2017-09-02,2017-09-02,2017-09-04,2017-09-05,Express,Debit Card,70
OD1400,2018-12-03,2018-12-03,2018-12-03,2018-12-03,Same Day,Credit Card,120
OD1401,2015-07-22,2015-07-22,2015-07-24,2015-07-24,Express,UPI,80
OD1402,2017-07-07,2017-07-07,2017-07-07,2017-07-07,Same Day,Debit Card,100
OD1403,2018-10-22,2018-10-22,2018-10-22,2018-10-22,Same Day,UPI,120
OD1404,2017-01-30,2017-01-30,2017-02-04,2017-02-04,Standard,Credit Card,50
OD1405,2018-09-09,2018-09-11,2018-09-13,2018-09-13,Express,Cash,90
OD1407,2018-12-03,2018-12-05,2018-12-07,2018-12-10,Express,UPI,70
OD1408,2018-03-19,2018-03-21,2018-03-23,2018-03-23,Express,Cash,70
OD1409,2015-12-12,2015-12-14,2015-12-19,2015-12-19,Standard,Credit Card,40
OD1410,2017-01-21,2017-01-21,2017-01-23,2017-01-23,Express,Cash,80
OD1411,2016-10-23,2016-10-23,2016-10-23,2016-10-23,Same Day,UPI,100
OD1412,2018-09-04,2018-09-06,2018-09-11,2018-09-11,Standard,Debit Card,50
OD1413,2015-12-12,2015-12-13,2015-12-18,2015-12-18,Standard,Credit Card,50
OD1414,2015-12-06,2015-12-06,2015-12-06,2015-12-06,Same Day,Credit Card,150
OD1415,2018-12-22,2018-12-22,2018-12-27,2018-12-28,Standard,Cash,50
OD1416,2015-11-18,2015-11-18,2015-11-18,2015-11-18,Same Day,Credit Card,120
OD1417,2017-03-19,2017-03-21,2017-03-23,2017-03-25,Express,Debit Card,80
OD1418,2016-07-14,2016-07-14,2016-07-16,2016-07-16,Express,Credit Card,70
OD1419,2016-11-20,2016-11-20,2016-11-20,2016-11-20,Same Day,Credit Card,120
OD1420,2017-12-03,2017-12-03,2017-12-03,2017-12-03,Same Day,Cash,100
OD1421,2018-03-03,2018-03-05,2018-03-10,2018-03-10,Standard,UPI,40
OD1422,2015-04-04,2015-04-06,2015-04-11,2015-04-10,Standard,Credit Card,30
OD1423,2018-08-10,2018-08-10,2018-08-10,2018-08-10,Same Day,UPI,100
OD1424,2017-12-03,2017-12-03,2017-12-03,2017-12-03,Same Day,Credit Card,150
OD1425,2018-12-22,2018-12-23,2018-12-25,2018-12-25,Express,Cash,90
OD1426,2016-03-08,2016-03-10,2016-03-15,2016-03-14,Standard,Cash,50
OD1427,2017-11-30,2017-12-02,2017-12-07,2017-12-08,Standard,Cash,50
OD1428,2016-10-09,2016-10-11,2016-10-13,2016-10-13,Express,Debit Card,70
OD1430,2018-09-25,2018-09-25,2018-09-25,2018-09-25,Same Day,UPI,120
OD1432,2017-12-08,2017-12-09,2017-12-11,2017-12-13,Express,Debit Card,90
OD1433,2017-09-24,2017-09-24,2017-09-26,2017-09-26,Express,Credit Card,80
OD1434,2018-05-29,2018-05-29,2018-05-29,2018-05-29,Same Day,UPI,100
OD1435,2017-12-01,2017-12-03,2017-12-05,2017-12-05,Express,UPI,70
OD1436,2017-07-31,2017-07-31,2017-08-05,2017-08-05,Standard,Debit Card,40
OD1437,2015-01-20,2015-01-22,2015-01-27,2015-01-27,Standard,Credit Card,50
OD1438,2015-01-20,2015-01-22,2015-01-24,2015-01-24,Express,Credit Card,90
OD1439,2016-05-08,2016-05-08,2016-05-08,2016-05-08,Same Day,Debit Card,100
OD1440,2017-05-26,2017-05-26,2017-05-31,2017-05-31,Standard,Cash,30
OD1441,2018-12-08,2018-12-08,2018-12-08,2018-12-08,Same Day,Cash,100
OD1442,2017-04-03,2017-04-03,2017-04-03,2017-04-03,Same Day,Credit Card,100
OD1443,2015-03-28,2015-03-29,2015-03-31,2015-04-02,Express,Debit Card,70
OD1444,2017-08-26,2017-08-26,2017-08-28,2017-08-28,Express,Credit Card,70
OD1445,2016-11-17,2016-11-18,2016-11-23,2016-11-22,Standard,UPI,30
OD1446,2017-12-29,2017-12-29,2017-12-31,2017-12-31,Express,Debit Card,80
OD1447,2018-06-26,2018-06-27,2018-07-02,2018-07-02,Standard,Debit Card,30
OD1449,2018-03-21,2018-03-23,2018-03-25,2018-03-26,Express,Cash,70
OD1450,2017-12-29,2017-12-29,2017-12-29,2017-12-29,Same Day,Cash,100
OD1451,2016-03-08,2016-03-08,2016-03-13,2016-03-15,Standard,Credit Card,50
OD1452,2017-12-08,2017-12-09,2017-12-11,2017-12-11,Express,Cash,90
OD1454,2016-03-08,2016-03-09,2016-03-11,2016-03-11,Express,Cash,80
OD1455,2016-11-09,2016-11-09,2016-11-14,2016-11-14,Standard,UPI,40
OD1456,2015-06-16,2015-06-17,2015-06-22,2015-06-22,Standard,Credit Card,30
OD1457,2016-05-31,2016-06-02,2016-06-04,2016-06-04,Express,Cash,90
OD1458,2017-09-13,2017-09-13,2017-09-13,2017-09-13,Same Day,UPI,120
OD1459,2016-01-19,2016-01-20,2016-01-25,2016-01-26,Standard,Credit Card,30
OD1460,2016-07-02,2016-07-02,2016-07-07,2016-07-07,Standard,Cash,30
OD1461,2015-05-26,2015-05-26,2015-05-26,2015-05-26,Same Day,Debit Card,100
OD1462,2018-11-18,2018-11-18,2018-11-18,2018-11-18,Same Day,UPI,100
OD1463,2018-05-22,2018-05-24,2018-05-29,2018-05-30,Standard,Credit Card,40
OD1464,2015-11-16,2015-11-16,2015-11-16,2015-11-16,Same Day,UPI,100
OD1465,2016-09-07,2016-09-07,2016-09-09,2016-09-09,Express,Debit Card,90
OD1466,2016-06-16,2016-06-16,2016-06-16,2016-06-16,Same Day,Debit Card,120
OD1467,2016-04-26,2016-04-26,2016-05-01,2016-04-30,Standard,Debit Card,40
OD1468,2018-03-27,2018-03-29,2018-03-31,2018-03-31,Express,Credit Card,90
OD1469,2016-03-23,2016-03-23,2016-03-25,2016-03-26,Express,Credit Card,70
OD1470,2016-05-07,2016-05-07,2016-05-09,2016-05-10,Express,Debit Card,80
OD1471,2016-04-13,2016-04-15,2016-04-20,2016-04-20,Standard,Debit Card,30
OD1472,2015-08-05,2015-08-05,2015-08-10,2015-08-10,Standard,Debit Card,30
OD1474,2018-10-10,2018-10-10,2018-10-12,2018-10-11,Express,UPI,80
OD1475,2016-04-25,2016-04-27,2016-04-29,2016-04-29,Express,Cash,80
OD1476,2018-04-20,2018-04-21,2018-04-23,2018-04-25,Express,Credit Card,70
OD1477,2017-05-31,2017-06-02,2017-06-04,2017-06-04,Express,Cash,80
OD1478,2018-02-16,2018-02-18,2018-02-20,2018-02-21,Express,Debit Card,70
OD1479,2018-11-19,2018-11-21,2018-11-26,2018-11-25,Standard,Debit Card,30
OD1480,2018-12-01,2018-12-01,2018-12-01,2018-12-01,Same Day,Cash,150
OD1481,2018-03-27,2018-03-29,2018-04-03,2018-04-03,Standard,Cash,30
OD1483,2015-03-01,2015-03-02,2015-03-07,2015-03-07,Standard,Credit Card,40
OD1484,2015-03-29,2015-03-29,2015-03-29,2015-03-29,Same Day,UPI,150
OD1485,2017-03-03,2017-03-03,2017-03-03,2017-03-03,Same Day,Credit Card,100
OD1486,2017-09-03,2017-09-04,2017-09-06,2017-09-06,Express,Debit Card,90
OD1487,2016-07-20,2016-07-20,2016-07-20,2016-07-20,Same Day,Cash,150
OD1488,2015-11-11,2015-11-13,2015-11-15,2015-11-14,Express,Debit Card,70
OD1489,2018-07-22,2018-07-22,2018-07-27,2018-07-27,Standard,Debit Card,30
OD1490,2017-05-02,2017-05-03,2017-05-05,2017-05-04,Express,UPI,80
OD1491,2017-04-08,2017-04-08,2017-04-10,2017-04-10,Express,UPI,80
OD1492,2015-11-07,2015-11-08,2015-11-13,2015-11-13,Standard,UPI,30
OD1493,2018-01-01,2018-01-01,2018-01-01,2018-01-01,Same Day,Credit Card,150
OD1494,2016-01-19,2016-01-19,2016-01-19,2016-01-19,Same Day,Credit Card,120
OD1495,2018-03-10,2018-03-11,2018-03-16,2018-03-16,Standard,UPI,50
OD1497,2018-07-21,2018-07-23,2018-07-25,2018-07-24,Express,Credit Card,90
OD1498,2018-12-14,2018-12-14,2018-12-16,2018-12-17,Express,UPI,90
OD1499,2016-07-20,2016-07-22,2016-07-27,2016-07-26,Standard,Debit Card,40
OD1500,2017-03-21,2017-03-21,2017-03-26,2017-03-26,Standard,Credit Card,30
OD1501,2015-09-08,2015-09-09,2015-09-11,2015-09-11,Express,Cash,90
OD1502,2018-11-25,2018-11-26,2018-12-01,2018-12-02,Standard,Debit Card,30
OD1503,2018-09-11,2018-09-11,2018-09-11,2018-09-11,Same Day,Debit Card,100
OD1504,2017-03-13,2017-03-15,2017-03-20,2017-03-21,Standard,Debit Card,50
OD1505,2016-07-02,2016-07-02,2016-07-02,2016-07-02,Same Day,Cash,150
OD1506,2015-03-01,2015-03-03,2015-03-05,2015-03-05,Express,Debit Card,80
OD1507,2017-11-05,2017-11-05,2017-11-10,2017-11-10,Standard,Debit Card,50
OD1508,2018-11-17,2018-11-19,2018-11-24,2018-11-26,Standard,UPI,30
OD1510,2018-10-19,2018-10-19,2018-10-21,2018-10-24,Express,UPI,80
OD1511,2015-06-20,2015-06-22,2015-06-24,2015-06-27,Express,UPI,80
OD1512,2018-03-27,2018-03-27,2018-03-29,2018-03-30,Express,Credit Card,70
OD1513,2017-11-05,2017-11-06,2017-11-11,2017-11-12,Standard,Credit Card,30
OD1514,2018-01-30,2018-01-30,2018-01-30,2018-01-30,Same Day,Cash,100
OD1515,2018-10-19,2018-10-19,2018-10-21,2018-10-20,Express,Debit Card,70
OD1516,2017-03-06,2017-03-06,2017-03-08,2017-03-08,Express,UPI,90
OD1518,2017-01-30,2017-01-30,2017-02-04,2017-02-05,Standard,Cash,30
OD1519,2017-09-08,2017-09-08,2017-09-10,2017-09-12,Express,Cash,90
OD1520,2015-12-06,2015-12-06,2015-12-06,2015-12-06,Same Day,Debit Card,100
OD1521,2018-11-23,2018-11-23,2018-11-25,2018-11-25,Express,Credit Card,70
OD1522,2018-02-16,2018-02-16,2018-02-16,2018-02-16,Same Day,Cash,150
OD1523,2016-12-17,2016-12-19,2016-12-21,2016-12-20,Express,UPI,70
OD1524,2017-05-27,2017-05-27,2017-05-27,2017-05-27,Same Day,UPI,120
OD1525,2015-05-25,2015-05-27,2015-06-01,2015-06-02,Standard,UPI,30
OD1526,2015-11-11,2015-11-13,2015-11-18,2015-11-18,Standard,Credit Card,30
OD1527,2017-09-08,2017-09-09,2017-09-11,2017-09-10,Express,UPI,80
OD1528,2017-11-19,2017-11-19,2017-11-19,2017-11-19,Same Day,Debit Card,150
OD1529,2018-12-03,2018-12-03,2018-12-03,2018-12-03,Same Day,UPI,120
OD1530,2017-02-27,2017-03-01,2017-03-06,2017-03-05,Standard,Credit Card,30
OD1531,2018-02-09,2018-02-09,2018-02-09,2018-02-09,Same Day,UPI,150
OD1532,2015-12-16,2015-12-17,2015-12-19,2015-12-18,Express,Cash,80
OD1533,2015-12-06,2015-12-06,2015-12-06,2015-12-06,Same Day,Credit Card,120
OD1534,2015-12-29,2015-12-29,2015-12-29,2015-12-29,Same Day,Credit Card,120
OD1535,2017-05-27,2017-05-27,2017-05-27,2017-05-27,Same Day,Credit Card,120
OD1536,2017-05-31,2017-05-31,2017-06-05,2017-06-04,Standard,UPI,30
OD1537,2017-01-07,2017-01-07,2017-01-07,2017-01-07,Same Day,UPI,100
OD1538,2015-11-12,2015-11-12,2015-11-12,2015-11-12,Same Day,UPI,150
OD1539,2015-10-03,2015-10-03,2015-10-05,2015-10-08,Express,UPI,90
OD1540,2017-11-04,2017-11-04,2017-11-04,2017-11-04,Same Day,UPI,150
OD1541,2015-01-07,2015-01-07,2015-01-07,2015-01-07,Same Day,UPI,100
OD1542,2015-07-26,2015-07-26,2015-07-26,2015-07-26,Same Day,Cash,150
OD1543,2016-05-12,2016-05-12,2016-05-12,2016-05-12,Same Day,Cash,150
OD1544,2017-11-04,2017-11-04,2017-11-09,2017-11-12,Standard,Debit Card,40
OD1545,2018-05-29,2018-05-29,2018-05-29,2018-05-29,Same Day,UPI,120
OD1546,2016-11-28,2016-11-28,2016-11-28,2016-11-28,Same Day,Cash,120
OD1547,2018-08-26,2018-08-26,2018-08-26,2018-08-26,Same Day,UPI,120
OD1548,2017-03-06,2017-03-06,2017-03-06,2017-03-06,Same Day,Cash,120
OD1549,2018-04-20,2018-04-20,2018-04-20,2018-04-20,Same Day,UPI,150
OD1550,2018-09-03,2018-09-03,2018-09-08,2018-09-08,Standard,Cash,50
OD1552,2016-12-31,2016-12-31,2017-01-02,2017-01-02,Express,UPI,70
OD1553,2016-11-07,2016-11-07,2016-11-07,2016-11-07,Same Day,UPI,120
OD1554,2018-01-01,2018-01-03,2018-01-05,2018-01-05,Express,Debit Card,80
OD1555,2017-10-13,2017-10-13,2017-10-15,2017-10-15,Express,Credit Card,70
OD1556,2015-12-27,2015-12-29,2016-01-03,2016-01-04,Standard,Credit Card,50
OD1557,2015-03-01,2015-03-02,2015-03-04,2015-03-05,Express,Debit Card,80
OD1558,2018-12-04,2018-12-05,2018-12-10,2018-12-10,Standard,Debit Card,40
OD1559,2017-09-04,2017-09-04,2017-09-06,2017-09-08,Express,Cash,90
OD1560,2018-06-30,2018-07-01,2018-07-03,2018-07-03,Express,Debit Card,80
OD1561,2018-11-21,2018-11-22,2018-11-27,2018-11-29,Standard,UPI,40
OD1562,2018-07-27,2018-07-28,2018-07-30,2018-08-01,Express,Debit Card,70
OD1563,2017-12-01,2017-12-01,2017-12-03,2017-12-02,Express,Credit Card,90
OD1564,2017-02-16,2017-02-16,2017-02-16,2017-02-16,Same Day,Credit Card,150
OD1565,2016-07-09,2016-07-09,2016-07-09,2016-07-09,Same Day,Debit Card,120
OD1566,2018-10-12,2018-10-12,2018-10-12,2018-10-12,Same Day,Cash,100
OD1567,2018-12-17,2018-12-17,2018-12-22,2018-12-23,Standard,UPI,40
OD1568,2015-09-15,2015-09-17,2015-09-22,2015-09-22,Standard,Credit Card,40
OD1569,2017-09-02,2017-09-03,2017-09-08,2017-09-07,Standard,Credit Card,50
OD1570,2018-05-18,2018-05-18,2018-05-18,2018-05-18,Same Day,Cash,120
OD1572,2015-06-04,2015-06-05,2015-06-10,2015-06-11,Standard,Debit Card,50
OD1573,2018-12-18,2018-12-20,2018-12-25,2018-12-28,Standard,Cash,40
OD1574,2016-11-13,2016-11-15,2016-11-20,2016-11-23,Standard,Debit Card,30
OD1575,2015-09-20,2015-09-22,2015-09-24,2015-09-25,Express,Debit Card,70
OD1576,2016-04-27,2016-04-27,2016-04-29,2016-05-02,Express,UPI,80
OD1577,2018-12-04,2018-12-06,2018-12-08,2018-12-08,Express,Debit Card,80
OD1578,2018-12-04,2018-12-06,2018-12-11,2018-12-11,Standard,UPI,50
OD1579,2016-11-14,2016-11-16,2016-11-18,2016-11-19,Express,Credit Card,80
OD1580,2017-05-26,2017-05-27,2017-05-29,2017-05-29,Express,Debit Card,80
OD1581,2015-09-20,2015-09-20,2015-09-20,2015-09-20,Same Day,Credit Card,100
OD1583,2017-09-17,2017-09-17,2017-09-17,2017-09-17,Same Day,Debit Card,120
OD1584,2016-11-28,2016-11-28,2016-11-28,2016-11-28,Same Day,Debit Card,150
OD1585,2016-12-04,2016-12-04,2016-12-04,2016-12-04,Same Day,Debit Card,100
OD1586,2017-09-18,2017-09-18,2017-09-18,2017-09-18,Same Day,UPI,150
OD1587,2017-09-01,2017-09-01,2017-09-03,2017-09-04,Express,Debit Card,90
OD1588,2016-05-08,2016-05-10,2016-05-12,2016-05-13,Express,Debit Card,80
OD1589,2015-09-22,2015-09-24,2015-09-26,2015-09-27,Express,UPI,90
OD1590,2016-02-06,2016-02-07,2016-02-09,2016-02-09,Express,Cash,70
OD1591,2015-05-07,2015-05-09,2015-05-14,2015-05-14,Standard,Cash,40
OD1592,2017-11-14,2017-11-16,2017-11-18,2017-11-17,Express,Credit Card,70
OD1593,2015-08-26,2015-08-26,2015-08-26,2015-08-26,Same Day,Credit Card,150
OD1594,2016-12-06,2016-12-08,2016-12-10,2016-12-09,Express,UPI,80
OD1595,2017-05-19,2017-05-19,2017-05-19,2017-05-19,Same Day,Debit Card,120
OD1596,2018-11-17,2018-11-19,2018-11-24,2018-11-24,Standard,Credit Card,40
OD1597,2017-12-14,2017-12-16,2017-12-21,2017-12-22,Standard,UPI,30
OD1598,2018-10-12,2018-10-12,2018-10-12,2018-10-12,Same Day,Credit Card,100
OD1599,2016-11-01,2016-11-01,2016-11-01,2016-11-01,Same Day,Cash,150
OD1600,2015-11-01,2015-11-03,2015-11-05,2015-11-04,Express,Cash,90
OD1601,2015-11-02,2015-11-04,2015-11-09,2015-11-09,Standard,Debit Card,50
OD1602,2017-05-07,2017-05-07,2017-05-12,2017-05-15,Standard,Debit Card,30
OD1603,2017-03-29,2017-03-31,2017-04-05,2017-04-07,Standard,Cash,40
OD1604,2017-05-19,2017-05-19,2017-05-24,2017-05-26,Standard,UPI,40
OD1605,2017-03-08,2017-03-10,2017-03-12,2017-03-12,Express,Credit Card,70
OD1606,2016-02-06,2016-02-07,2016-02-12,2016-02-12,Standard,UPI,40
OD1607,2017-12-24,2017-12-24,2017-12-26,2017-12-26,Express,UPI,70
OD1608,2018-09-20,2018-09-21,2018-09-26,2018-09-29,Standard,Cash,40
OD1609,2016-12-04,2016-12-04,2016-12-06,2016-12-06,Express,Cash,90
OD1610,2017-09-18,2017-09-20,2017-09-25,2017-09-24,Standard,Credit Card,30
OD1611,2018-10-08,2018-10-08,2018-10-13,2018-10-16,Standard,Cash,30
OD1612,2016-11-01,2016-11-02,2016-11-04,2016-11-04,Express,Credit Card,70
OD1613,2018-03-24,2018-03-24,2018-03-29,2018-03-29,Standard,UPI,30
OD1614,2016-05-08,2016-05-08,2016-05-08,2016-05-08,Same Day,Debit Card,120
OD1615,2016-09-17,2016-09-19,2016-09-24,2016-09-26,Standard,Credit Card,50
OD1616,2018-12-24,2018-12-25,2018-12-30,2018-12-31,Standard,Debit Card,50
OD1617,2016-11-02,2016-11-03,2016-11-08,2016-11-07,Standard,Cash,50
OD1618,2017-02-16,2017-02-17,2017-02-22,2017-02-24,Standard,Cash,40
OD1620,2017-05-07,2017-05-07,2017-05-07,2017-05-07,Same Day,Debit Card,150
OD1621,2015-09-22,2015-09-22,2015-09-22,2015-09-22,Same Day,Debit Card,100
OD1622,2018-06-12,2018-06-12,2018-06-14,2018-06-14,Express,Credit Card,80
OD1623,2016-12-04,2016-12-04,2016-12-04,2016-12-04,Same Day,UPI,120
OD1624,2018-09-20,2018-09-22,2018-09-27,2018-09-27,Standard,Credit Card,30
OD1625,2017-03-31,2017-03-31,2017-04-02,2017-04-02,Express,UPI,70
OD1626,2017-04-01,2017-04-01,2017-04-03,2017-04-03,Express,UPI,90
OD1627,2015-03-25,2015-03-25,2015-03-25,2015-03-25,Same Day,Cash,150
OD1628,2017-08-21,2017-08-23,2017-08-28,2017-08-28,Standard,UPI,50
OD1629,2017-12-25,2017-12-25,2017-12-25,2017-12-25,Same Day,Debit Card,120
OD1630,2018-12-18,2018-12-18,2018-12-20,2018-12-20,Express,Debit Card,80
OD1631,2018-09-20,2018-09-20,2018-09-20,2018-09-20,Same Day,UPI,120
OD1632,2017-10-27,2017-10-28,2017-10-30,2017-10-29,Express,Cash,80
OD1633,2017-03-10,2017-03-11,2017-03-16,2017-03-16,Standard,UPI,40
OD1634,2018-02-06,2018-02-07,2018-02-09,2018-02-10,Express,Cash,90
OD1635,2016-06-29,2016-06-29,2016-07-04,2016-07-06,Standard,Credit Card,50
OD1636,2015-06-21,2015-06-21,2015-06-21,2015-06-21,Same Day,Debit Card,150
OD1637,2017-06-21,2017-06-23,2017-06-25,2017-06-24,Express,Cash,70
OD1638,2016-12-25,2016-12-26,2016-12-28,2016-12-28,Express,Cash,90
OD1639,2015-06-04,2015-06-06,2015-06-08,2015-06-08,Express,Debit Card,90
OD1640,2018-11-24,2018-11-26,2018-11-28,2018-11-28,Express,Debit Card,70
OD1641,2018-09-09,2018-09-09,2018-09-11,2018-09-13,Express,Credit Card,70
OD1642,2017-06-06,2017-06-06,2017-06-06,2017-06-06,Same Day,Debit Card,120
OD1643,2016-11-20,2016-11-22,2016-11-27,2016-11-27,Standard,Cash,30
OD1644,2018-11-20,2018-11-20,2018-11-22,2018-11-24,Express,Cash,80
OD1645,2017-07-22,2017-07-22,2017-07-27,2017-07-27,Standard,Credit Card,30
OD1646,2015-07-07,2015-07-07,2015-07-09,2015-07-09,Express,UPI,70
OD1647,2016-06-12,2016-06-12,2016-06-17,2016-06-17,Standard,Credit Card,40
OD1648,2018-10-30,2018-10-30,2018-10-30,2018-10-30,Same Day,Credit Card,100
OD1651,2018-04-14,2018-04-14,2018-04-14,2018-04-14,Same Day,Credit Card,120
OD1652,2018-10-09,2018-10-09,2018-10-09,2018-10-09,Same Day,Cash,120
OD1653,2017-11-21,2017-11-22,2017-11-24,2017-11-24,Express,Debit Card,80
OD1655,2015-12-20,2015-12-22,2015-12-24,2015-12-23,Express,UPI,70
OD1656,2015-11-18,2015-11-18,2015-11-18,2015-11-18,Same Day,UPI,100
OD1657,2018-04-10,2018-04-10,2018-04-10,2018-04-10,Same Day,Debit Card,100
OD1658,2017-09-30,2017-09-30,2017-09-30,2017-09-30,Same Day,Cash,100
OD1659,2016-09-17,2016-09-18,2016-09-23,2016-09-22,Standard,Credit Card,30
OD1661,2017-03-14,2017-03-14,2017-03-14,2017-03-14,Same Day,Credit Card,150
OD1662,2018-07-14,2018-07-14,2018-07-14,2018-07-14,Same Day,UPI,120
OD1663,2018-11-20,2018-11-20,2018-11-20,2018-11-20,Same Day,Credit Card,120
OD1664,2016-09-17,2016-09-17,2016-09-17,2016-09-17,Same Day,Credit Card,100
OD1665,2015-11-24,2015-11-25,2015-11-30,2015-12-01,Standard,Debit Card,30
OD1666,2017-09-05,2017-09-05,2017-09-05,2017-09-05,Same Day,UPI,100
OD1668,2016-11-30,2016-12-02,2016-12-07,2016-12-10,Standard,UPI,40
OD1669,2018-12-11,2018-12-11,2018-12-16,2018-12-16,Standard,UPI,30
OD1670,2018-05-08,2018-05-10,2018-05-15,2018-05-16,Standard,Debit Card,40
OD1671,2017-09-24,2017-09-24,2017-09-24,2017-09-24,Same Day,Credit Card,120
OD1672,2017-09-05,2017-09-05,2017-09-05,2017-09-05,Same Day,Debit Card,120
OD1674,2015-07-07,2015-07-07,2015-07-07,2015-07-07,Same Day,Cash,150
OD1675,2017-09-05,2017-09-05,2017-09-05,2017-09-05,Same Day,Debit Card,100
OD1676,2018-12-01,2018-12-01,2018-12-01,2018-12-01,Same Day,Credit Card,100
OD1677,2018-11-06,2018-11-06,2018-11-06,2018-11-06,Same Day,Cash,100
OD1678,2017-10-04,2017-10-05,2017-10-07,2017-10-09,Express,Credit Card,80
OD1679,2015-05-07,2015-05-09,2015-05-14,2015-05-13,Standard,UPI,30
OD1680,2017-05-22,2017-05-24,2017-05-26,2017-05-25,Express,Debit Card,90
OD1681,2017-03-11,2017-03-12,2017-03-17,2017-03-17,Standard,UPI,30
OD1683,2015-06-22,2015-06-22,2015-06-24,2015-06-25,Express,Credit Card,90
OD1684,2017-09-05,2017-09-05,2017-09-10,2017-09-10,Standard,Credit Card,30
OD1685,2018-07-15,2018-07-17,2018-07-22,2018-07-21,Standard,Cash,50
OD1686,2015-05-12,2015-05-12,2015-05-12,2015-05-12,Same Day,Debit Card,150
OD1687,2018-07-18,2018-07-19,2018-07-21,2018-07-20,Express,Cash,90
OD1688,2018-12-08,2018-12-08,2018-12-13,2018-12-13,Standard,Cash,40
OD1689,2015-06-22,2015-06-22,2015-06-22,2015-06-22,Same Day,Cash,100
OD1690,2017-10-31,2017-10-31,2017-10-31,2017-10-31,Same Day,Cash,150
OD1692,2016-05-03,2016-05-03,2016-05-03,2016-05-03,Same Day,Cash,100
OD1693,2017-11-12,2017-11-12,2017-11-12,2017-11-12,Same Day,UPI,150
OD1694,2017-11-12,2017-11-12,2017-11-12,2017-11-12,Same Day,UPI,120
OD1695,2017-10-01,2017-10-01,2017-10-01,2017-10-01,Same Day,UPI,120
OD1696,2015-12-14,2015-12-14,2015-12-14,2015-12-14,Same Day,Debit Card,150
OD1697,2016-12-26,2016-12-28,2016-12-30,2016-12-30,Express,UPI,80
OD1698,2015-04-08,2015-04-09,2015-04-14,2015-04-14,Standard,Credit Card,30
OD1699,2018-12-25,2018-12-26,2018-12-31,2018-12-31,Standard,Debit Card,40
OD1701,2018-11-07,2018-11-07,2018-11-09,2018-11-09,Express,Cash,80
OD1702,2015-08-16,2015-08-16,2015-08-18,2015-08-17,Express,UPI,90
OD1703,2017-03-01,2017-03-01,2017-03-01,2017-03-01,Same Day,Debit Card,120
OD1704,2016-11-21,2016-11-23,2016-11-28,2016-11-28,Standard,UPI,40
OD1705,2018-08-25,2018-08-26,2018-08-28,2018-08-29,Express,UPI,80
OD1707,2017-03-29,2017-03-30,2017-04-01,2017-04-01,Express,UPI,70
OD1708,2017-09-18,2017-09-18,2017-09-18,2017-09-18,Same Day,Debit Card,100
OD1709,2017-07-14,2017-07-16,2017-07-21,2017-07-21,Standard,Debit Card,50
OD1710,2018-07-03,2018-07-03,2018-07-03,2018-07-03,Same Day,Credit Card,120
OD1711,2015-06-27,2015-06-27,2015-06-27,2015-06-27,Same Day,UPI,120
OD1712,2015-07-26,2015-07-26,2015-07-26,2015-07-26,Same Day,Credit Card,100
OD1713,2016-04-21,2016-04-21,2016-04-23,2016-04-23,Express,UPI,80
OD1714,2016-06-11,2016-06-11,2016-06-11,2016-06-11,Same Day,UPI,100
OD1716,2016-11-01,2016-11-01,2016-11-06,2016-11-06,Standard,Debit Card,50
OD1717,2018-07-21,2018-07-23,2018-07-25,2018-07-25,Express,UPI,70
OD1718,2015-01-20,2015-01-20,2015-01-20,2015-01-20,Same Day,Debit Card,120
OD1719,2017-08-26,2017-08-26,2017-08-26,2017-08-26,Same Day,Debit Card,120
OD1720,2016-09-13,2016-09-13,2016-09-13,2016-09-13,Same Day,Debit Card,150
OD1721,2015-07-26,2015-07-28,2015-07-30,2015-07-31,Express,Debit Card,70
OD1724,2016-06-18,2016-06-19,2016-06-21,2016-06-21,Express,Debit Card,80
OD1725,2017-09-05,2017-09-07,2017-09-09,2017-09-11,Express,Cash,90
OD1726,2017-02-03,2017-02-03,2017-02-08,2017-02-07,Standard,Cash,30
OD1727,2018-12-24,2018-12-24,2018-12-26,2018-12-26,Express,Credit Card,70
OD1728,2016-09-21,2016-09-21,2016-09-21,2016-09-21,Same Day,Debit Card,100
OD1729,2015-01-20,2015-01-20,2015-01-22,2015-01-22,Express,Credit Card,90
OD1730,2018-01-26,2018-01-27,2018-01-29,2018-01-29,Express,Debit Card,80
OD1731,2017-02-16,2017-02-16,2017-02-18,2017-02-19,Express,Debit Card,70
OD1732,2017-04-12,2017-04-13,2017-04-18,2017-04-17,Standard,UPI,30
OD1733,2017-07-19,2017-07-19,2017-07-19,2017-07-19,Same Day,UPI,150
OD1734,2018-12-17,2018-12-19,2018-12-21,2018-12-22,Express,Debit Card,70
OD1735,2017-12-25,2017-12-25,2017-12-25,2017-12-25,Same Day,Debit Card,120
OD1736,2015-09-14,2015-09-14,2015-09-19,2015-09-18,Standard,UPI,40
OD1737,2018-07-21,2018-07-22,2018-07-24,2018-07-24,Express,Cash,90
OD1738,2018-10-26,2018-10-26,2018-10-26,2018-10-26,Same Day,Credit Card,120
OD1739,2016-09-24,2016-09-24,2016-09-24,2016-09-24,Same Day,Debit Card,120
OD1740,2015-06-01,2015-06-02,2015-06-07,2015-06-09,Standard,Credit Card,40
OD1741,2018-11-19,2018-11-20,2018-11-25,2018-11-24,Standard,Debit Card,50
OD1743,2017-12-14,2017-12-16,2017-12-18,2017-12-18,Express,Debit Card,70
OD1744,2018-12-07,2018-12-07,2018-12-07,2018-12-07,Same Day,Debit Card,150
OD1745,2015-02-11,2015-02-12,2015-02-14,2015-02-15,Express,Cash,80
OD1746,2016-09-15,2016-09-15,2016-09-15,2016-09-15,Same Day,UPI,100
OD1747,2017-07-25,2017-07-25,2017-07-25,2017-07-25,Same Day,UPI,100
OD1748,2015-08-19,2015-08-20,2015-08-22,2015-08-22,Express,Credit Card,90
OD1749,2018-05-19,2018-05-20,2018-05-25,2018-05-25,Standard,Debit Card,30
OD1750,2017-10-14,2017-10-14,2017-10-14,2017-10-14,Same Day,Debit Card,150
OD1751,2015-10-15,2015-10-16,2015-10-18,2015-10-18,Express,UPI,80
OD1752,2018-08-13,2018-08-14,2018-08-19,2018-08-20,Standard,UPI,50
OD1753,2018-06-03,2018-06-04,2018-06-09,2018-06-09,Standard,Debit Card,50
OD1754,2018-06-15,2018-06-17,2018-06-22,2018-06-22,Standard,Credit Card,40
OD1755,2018-09-04,2018-09-05,2018-09-10,2018-09-10,Standard,Cash,50
OD1756,2018-02-25,2018-02-25,2018-02-25,2018-02-25,Same Day,Credit Card,150
OD1757,2018-11-29,2018-11-30,2018-12-02,2018-12-02,Express,UPI,80
OD1758,2018-11-20,2018-11-20,2018-11-20,2018-11-20,Same Day,Credit Card,100
OD1759,2018-08-13,2018-08-15,2018-08-17,2018-08-17,Express,Debit Card,80
OD1760,2018-06-12,2018-06-13,2018-06-15,2018-06-14,Express,UPI,90
OD1761,2016-04-11,2016-04-13,2016-04-18,2016-04-20,Standard,Cash,30
OD1762,2018-07-17,2018-07-17,2018-07-22,2018-07-22,Standard,Debit Card,40
OD1763,2016-11-20,2016-11-20,2016-11-25,2016-11-25,Standard,Debit Card,30
OD1764,2018-07-16,2018-07-16,2018-07-21,2018-07-22,Standard,Credit Card,50
OD1765,2018-06-15,2018-06-15,2018-06-20,2018-06-20,Standard,UPI,50
OD1766,2015-12-20,2015-12-22,2015-12-24,2015-12-23,Express,Cash,70
OD1767,2015-03-21,2015-03-21,2015-03-21,2015-03-21,Same Day,Debit Card,100
OD1768,2017-03-08,2017-03-08,2017-03-08,2017-03-08,Same Day,Cash,100
OD1769,2016-04-11,2016-04-13,2016-04-18,2016-04-21,Standard,Cash,40
OD1770,2016-12-03,2016-12-03,2016-12-03,2016-12-03,Same Day,Debit Card,100
OD1771,2015-11-03,2015-11-05,2015-11-10,2015-11-09,Standard,Credit Card,50
OD1772,2016-08-11,2016-08-11,2016-08-11,2016-08-11,Same Day,Debit Card,120
OD1773,2018-09-09,2018-09-11,2018-09-16,2018-09-19,Standard,Debit Card,40
OD1774,2015-03-21,2015-03-23,2015-03-25,2015-03-25,Express,Cash,80
OD1775,2017-05-29,2017-05-31,2017-06-05,2017-06-04,Standard,Debit Card,30
OD1776,2017-01-22,2017-01-22,2017-01-24,2017-01-26,Express,Debit Card,90
OD1777,2015-12-14,2015-12-16,2015-12-21,2015-12-22,Standard,Debit Card,30
OD1778,2018-01-30,2018-01-30,2018-02-01,2018-02-01,Express,Credit Card,90
OD1779,2015-09-28,2015-09-30,2015-10-02,2015-10-02,Express,Debit Card,80
OD1780,2018-11-15,2018-11-16,2018-11-18,2018-11-19,Express,Cash,90
OD1781,2018-11-15,2018-11-15,2018-11-15,2018-11-15,Same Day,Credit Card,120
OD1783,2018-12-23,2018-12-23,2018-12-28,2018-12-27,Standard,UPI,40
OD1784,2018-11-25,2018-11-25,2018-11-25,2018-11-25,Same Day,Cash,150
OD1785,2018-02-25,2018-02-25,2018-02-27,2018-02-27,Express,UPI,70
OD1786,2018-05-01,2018-05-01,2018-05-01,2018-05-01,Same Day,Cash,120
OD1787,2017-07-21,2017-07-21,2017-07-21,2017-07-21,Same Day,Credit Card,150
OD1788,2018-11-29,2018-11-29,2018-11-29,2018-11-29,Same Day,Cash,150
OD1789,2017-05-05,2017-05-07,2017-05-09,2017-05-10,Express,UPI,80
OD1790,2017-01-14,2017-01-14,2017-01-14,2017-01-14,Same Day,UPI,120
OD1791,2017-01-22,2017-01-23,2017-01-25,2017-01-26,Express,Credit Card,90
OD1792,2017-05-02,2017-05-02,2017-05-02,2017-05-02,Same Day,Debit Card,100
OD1793,2017-09-02,2017-09-02,2017-09-02,2017-09-02,Same Day,Debit Card,100
OD1794,2015-11-03,2015-11-03,2015-11-03,2015-11-03,Same Day,Credit Card,120
OD1795,2018-12-22,2018-12-23,2018-12-25,2018-12-25,Express,UPI,80
OD1796,2018-11-30,2018-12-01,2018-12-03,2018-12-03,Express,UPI,80
OD1797,2016-04-26,2016-04-26,2016-05-01,2016-05-02,Standard,UPI,50
OD1798,2018-05-01,2018-05-02,2018-05-07,2018-05-07,Standard,UPI,50
OD1799,2017-11-27,2017-11-27,2017-12-02,2017-12-02,Standard,Debit Card,30
OD1800,2015-12-12,2015-12-12,2015-12-17,2015-12-17,Standard,Debit Card,40
OD1801,2018-11-06,2018-11-06,2018-11-08,2018-11-07,Express,UPI,70
OD1802,2018-11-19,2018-11-21,2018-11-23,2018-11-23,Express,Debit Card,80
OD1803,2018-08-07,2018-08-07,2018-08-07,2018-08-07,Same Day,UPI,120
OD1805,2017-09-08,2017-09-08,2017-09-10,2017-09-10,Express,Cash,80
OD1806,2018-02-13,2018-02-13,2018-02-18,2018-02-21,Standard,UPI,50
OD1807,2015-08-11,2015-08-11,2015-08-13,2015-08-13,Express,UPI,70
OD1808,2018-11-21,2018-11-22,2018-11-24,2018-11-23,Express,Credit Card,90
OD1809,2016-11-21,2016-11-22,2016-11-27,2016-11-27,Standard,UPI,50
OD1810,2018-07-29,2018-07-31,2018-08-05,2018-08-04,Standard,Credit Card,40
OD1811,2018-12-01,2018-12-01,2018-12-01,2018-12-01,Same Day,Credit Card,150
OD1812,2018-02-26,2018-02-27,2018-03-04,2018-03-04,Standard,UPI,30
OD1813,2017-12-15,2017-12-16,2017-12-21,2017-12-21,Standard,Debit Card,30
OD1814,2016-06-19,2016-06-21,2016-06-23,2016-06-23,Express,Credit Card,90
OD1815,2015-09-29,2015-09-30,2015-10-02,2015-10-02,Express,Credit Card,90
OD1817,2018-02-02,2018-02-02,2018-02-07,2018-02-10,Standard,Debit Card,50
OD1818,2016-08-28,2016-08-28,2016-08-28,2016-08-28,Same Day,Debit Card,100
OD1819,2015-01-20,2015-01-22,2015-01-24,2015-01-24,Express,Cash,80
OD1820,2017-12-22,2017-12-22,2017-12-22,2017-12-22,Same Day,Cash,120
OD1821,2015-12-26,2015-12-28,2016-01-02,2016-01-02,Standard,UPI,40
OD1822,2015-11-04,2015-11-04,2015-11-04,2015-11-04,Same Day,Credit Card,100
OD1823,2015-11-10,2015-11-11,2015-11-13,2015-11-14,Express,Credit Card,90
OD1824,2018-10-02,2018-10-03,2018-10-08,2018-10-09,Standard,Cash,40
OD1825,2017-11-11,2017-11-11,2017-11-16,2017-11-16,Standard,Credit Card,40
OD1826,2017-12-01,2017-12-01,2017-12-01,2017-12-01,Same Day,UPI,150
OD1827,2018-12-29,2018-12-30,2019-01-04,2019-01-07,Standard,UPI,40
OD1828,2018-07-08,2018-07-08,2018-07-08,2018-07-08,Same Day,Debit Card,150
OD1829,2015-09-17,2015-09-19,2015-09-24,2015-09-24,Standard,Credit Card,50
OD1830,2018-05-15,2018-05-17,2018-05-22,2018-05-24,Standard,Credit Card,30
OD1831,2018-07-03,2018-07-04,2018-07-06,2018-07-07,Express,Cash,80
OD1832,2016-12-14,2016-12-14,2016-12-16,2016-12-15,Express,Cash,70
OD1833,2017-08-15,2017-08-15,2017-08-15,2017-08-15,Same Day,UPI,100
OD1834,2018-04-02,2018-04-03,2018-04-05,2018-04-06,Express,Debit Card,80
OD1835,2018-09-28,2018-09-28,2018-09-28,2018-09-28,Same Day,UPI,150
OD1836,2018-11-27,2018-11-29,2018-12-04,2018-12-04,Standard,Credit Card,30
OD1837,2018-11-16,2018-11-17,2018-11-19,2018-11-19,Express,UPI,80
OD1838,2018-11-16,2018-11-18,2018-11-23,2018-11-22,Standard,Cash,30
OD1839,2015-09-11,2015-09-12,2015-09-17,2015-09-17,Standard,Credit Card,30
OD1840,2018-11-16,2018-11-18,2018-11-20,2018-11-20,Express,Cash,90
OD1841,2016-11-17,2016-11-19,2016-11-21,2016-11-21,Express,Debit Card,80
OD1842,2017-06-26,2017-06-26,2017-06-26,2017-06-26,Same Day,Cash,150
OD1843,2016-11-20,2016-11-21,2016-11-23,2016-11-23,Express,Cash,90
OD1844,2017-05-23,2017-05-25,2017-05-30,2017-05-31,Standard,Debit Card,40
OD1845,2015-08-12,2015-08-12,2015-08-17,2015-08-16,Standard,Cash,50
OD1846,2015-12-01,2015-12-03,2015-12-08,2015-12-08,Standard,Credit Card,40
OD1847,2016-12-12,2016-12-12,2016-12-14,2016-12-14,Express,Cash,80
OD1848,2018-07-14,2018-07-16,2018-07-18,2018-07-17,Express,UPI,90
OD1849,2018-07-14,2018-07-16,2018-07-18,2018-07-18,Express,Cash,70
OD1850,2018-11-03,2018-11-03,2018-11-05,2018-11-04,Express,Credit Card,70
OD1851,2016-11-08,2016-11-08,2016-11-13,2016-11-13,Standard,Cash,30
OD1852,2015-06-17,2015-06-17,2015-06-17,2015-06-17,Same Day,Debit Card,120
OD1853,2016-10-18,2016-10-18,2016-10-23,2016-10-23,Standard,Debit Card,30
OD1854,2017-05-06,2017-05-08,2017-05-13,2017-05-13,Standard,UPI,50
OD1855,2018-09-07,2018-09-07,2018-09-07,2018-09-07,Same Day,UPI,100
OD1856,2016-01-13,2016-01-13,2016-01-13,2016-01-13,Same Day,Credit Card,120
OD1857,2017-08-30,2017-09-01,2017-09-06,2017-09-07,Standard,UPI,50
OD1858,2015-04-20,2015-04-20,2015-04-25,2015-04-25,Standard,Cash,30
OD1859,2017-12-18,2017-12-20,2017-12-25,2017-12-25,Standard,Credit Card,50
OD1860,2016-11-17,2016-11-19,2016-11-24,2016-11-26,Standard,Debit Card,40
OD1861,2018-06-19,2018-06-19,2018-06-24,2018-06-24,Standard,Credit Card,40
OD1862,2017-07-14,2017-07-14,2017-07-14,2017-07-14,Same Day,Credit Card,150
OD1863,2017-04-08,2017-04-08,2017-04-10,2017-04-11,Express,Credit Card,80
OD1864,2015-11-10,2015-11-11,2015-11-16,2015-11-18,Standard,UPI,30
OD1865,2016-06-25,2016-06-25,2016-06-25,2016-06-25,Same Day,Credit Card,120
OD1866,2016-10-08,2016-10-09,2016-10-14,2016-10-14,Standard,UPI,30
OD1867,2018-09-15,2018-09-15,2018-09-20,2018-09-19,Standard,Cash,50
OD1868,2017-07-07,2017-07-07,2017-07-12,2017-07-13,Standard,Credit Card,50
OD1869,2016-09-14,2016-09-14,2016-09-14,2016-09-14,Same Day,Debit Card,150
OD1870,2017-12-25,2017-12-26,2017-12-28,2017-12-28,Express,Debit Card,90
OD1871,2016-12-04,2016-12-04,2016-12-06,2016-12-06,Express,Credit Card,70
OD1872,2017-11-26,2017-11-26,2017-12-01,2017-12-03,Standard,Debit Card,40
OD1873,2017-12-12,2017-12-12,2017-12-12,2017-12-12,Same Day,UPI,150
OD1874,2016-11-02,2016-11-03,2016-11-05,2016-11-08,Express,Debit Card,80
OD1875,2016-05-31,2016-06-02,2016-06-04,2016-06-04,Express,Debit Card,70
OD1876,2017-01-23,2017-01-23,2017-01-23,2017-01-23,Same Day,Cash,100
OD1877,2016-10-20,2016-10-22,2016-10-27,2016-10-26,Standard,Cash,40
OD1878,2016-01-30,2016-01-31,2016-02-05,2016-02-05,Standard,Debit Card,30
OD1879,2016-08-15,2016-08-16,2016-08-21,2016-08-21,Standard,Debit Card,40
OD1880,2016-03-06,2016-03-06,2016-03-06,2016-03-06,Same Day,Credit Card,100
OD1881,2017-12-24,2017-12-25,2017-12-27,2017-12-27,Express,Credit Card,70
OD1882,2018-04-27,2018-04-28,2018-05-03,2018-05-02,Standard,UPI,30
OD1883,2017-12-22,2017-12-24,2017-12-29,2017-12-30,Standard,Cash,40
OD1884,2018-11-09,2018-11-09,2018-11-14,2018-11-13,Standard,Debit Card,40
OD1885,2018-12-13,2018-12-13,2018-12-13,2018-12-13,Same Day,Credit Card,120
OD1886,2016-01-13,2016-01-15,2016-01-20,2016-01-20,Standard,Cash,50
OD1887,2017-09-02,2017-09-02,2017-09-02,2017-09-02,Same Day,Debit Card,100
OD1888,2015-07-26,2015-07-27,2015-08-01,2015-08-01,Standard,Cash,30
OD1889,2018-07-03,2018-07-04,2018-07-06,2018-07-07,Express,UPI,70
OD1890,2018-01-01,2018-01-03,2018-01-08,2018-01-10,Standard,Cash,40
OD1891,2018-04-16,2018-04-16,2018-04-16,2018-04-16,Same Day,Credit Card,150
OD1892,2016-10-03,2016-10-03,2016-10-05,2016-10-06,Express,Cash,90
OD1894,2017-12-03,2017-12-03,2017-12-05,2017-12-05,Express,UPI,70
OD1895,2018-10-07,2018-10-07,2018-10-07,2018-10-07,Same Day,Cash,150
OD1896,2015-03-30,2015-04-01,2015-04-03,2015-04-06,Express,UPI,70
OD1897,2017-04-17,2017-04-17,2017-04-17,2017-04-17,Same Day,Cash,120
OD1898,2016-09-05,2016-09-05,2016-09-07,2016-09-07,Express,UPI,80
OD1899,2016-11-02,2016-11-02,2016-11-02,2016-11-02,Same Day,Debit Card,120
OD1900,2015-01-13,2015-01-13,2015-01-13,2015-01-13,Same Day,Credit Card,150
OD1901,2016-12-03,2016-12-03,2016-12-03,2016-12-03,Same Day,Debit Card,120
OD1902,2018-11-25,2018-11-25,2018-11-25,2018-11-25,Same Day,Credit Card,120
OD1903,2016-11-13,2016-11-15,2016-11-20,2016-11-20,Standard,UPI,40
OD1905,2017-04-09,2017-04-09,2017-04-11,2017-04-12,Express,UPI,90
OD1906,2017-11-26,2017-11-26,2017-11-26,2017-11-26,Same Day,UPI,120
OD1907,2018-06-18,2018-06-18,2018-06-20,2018-06-20,Express,Debit Card,80
OD1908,2015-11-11,2015-11-13,2015-11-15,2015-11-15,Express,Debit Card,70
OD1909,2018-10-30,2018-11-01,2018-11-03,2018-11-05,Express,Debit Card,90
OD1910,2015-05-10,2015-05-12,2015-05-14,2015-05-14,Express,Debit Card,90
OD1911,2018-08-07,2018-08-07,2018-08-12,2018-08-13,Standard,UPI,30
OD1912,2018-05-15,2018-05-15,2018-05-17,2018-05-20,Express,Cash,90
OD1913,2017-12-22,2017-12-24,2017-12-29,2017-12-28,Standard,Debit Card,50
OD1914,2016-02-18,2016-02-20,2016-02-25,2016-02-26,Standard,Credit Card,40
OD1915,2018-07-18,2018-07-19,2018-07-24,2018-07-25,Standard,Credit Card,50
OD1916,2015-05-26,2015-05-28,2015-05-30,2015-05-30,Express,UPI,70
OD1917,2018-09-23,2018-09-23,2018-09-23,2018-09-23,Same Day,Credit Card,150
OD1918,2018-09-07,2018-09-09,2018-09-11,2018-09-12,Express,Cash,70
OD1919,2018-07-21,2018-07-21,2018-07-21,2018-07-21,Same Day,UPI,100
OD1920,2016-11-17,2016-11-17,2016-11-17,2016-11-17,Same Day,Debit Card,150
OD1921,2018-05-15,2018-05-17,2018-05-22,2018-05-23,Standard,UPI,30
OD1922,2016-12-20,2016-12-22,2016-12-27,2016-12-30,Standard,Debit Card,40
OD1923,2016-12-24,2016-12-24,2016-12-26,2016-12-26,Express,Cash,70
OD1924,2017-02-04,2017-02-04,2017-02-09,2017-02-08,Standard,Cash,30
OD1925,2015-06-24,2015-06-26,2015-07-01,2015-06-30,Standard,Credit Card,40
OD1926,2018-09-02,2018-09-03,2018-09-08,2018-09-10,Standard,UPI,30
OD1927,2018-07-18,2018-07-18,2018-07-18,2018-07-18,Same Day,Credit Card,120
OD1928,2018-03-03,2018-03-04,2018-03-06,2018-03-06,Express,UPI,90
OD1929,2018-07-06,2018-07-06,2018-07-06,2018-07-06,Same Day,UPI,150
OD1930,2018-04-17,2018-04-17,2018-04-17,2018-04-17,Same Day,Cash,150
OD1931,2017-11-25,2017-11-25,2017-11-27,2017-11-27,Express,Credit Card,70
OD1932,2017-10-21,2017-10-23,2017-10-25,2017-10-25,Express,UPI,90
OD1933,2018-09-15,2018-09-16,2018-09-21,2018-09-21,Standard,Credit Card,50
OD1934,2016-11-20,2016-11-20,2016-11-22,2016-11-22,Express,UPI,70
OD1935,2016-07-06,2016-07-07,2016-07-09,2016-07-09,Express,Cash,70
OD1936,2015-12-21,2015-12-21,2015-12-21,2015-12-21,Same Day,Cash,120
OD1938,2017-11-11,2017-11-13,2017-11-15,2017-11-15,Express,UPI,70
OD1939,2015-12-27,2015-12-28,2015-12-30,2015-12-30,Express,UPI,70
OD1940,2018-09-15,2018-09-15,2018-09-15,2018-09-15,Same Day,UPI,100
OD1941,2017-07-08,2017-07-10,2017-07-15,2017-07-14,Standard,Cash,50
OD1942,2015-07-26,2015-07-26,2015-07-28,2015-07-28,Express,UPI,80
OD1943,2016-11-14,2016-11-14,2016-11-14,2016-11-14,Same Day,UPI,150
OD1944,2015-06-08,2015-06-08,2015-06-08,2015-06-08,Same Day,Cash,120
OD1945,2017-12-25,2017-12-25,2017-12-25,2017-12-25,Same Day,Cash,150
OD1946,2015-08-23,2015-08-23,2015-08-23,2015-08-23,Same Day,UPI,100
OD1947,2018-08-21,2018-08-22,2018-08-24,2018-08-26,Express,Cash,80
OD1949,2017-09-02,2017-09-02,2017-09-02,2017-09-02,Same Day,Credit Card,120
OD1950,2018-05-23,2018-05-25,2018-05-30,2018-05-30,Standard,Cash,30
OD1951,2015-11-12,2015-11-13,2015-11-15,2015-11-15,Express,UPI,90
OD1952,2016-10-20,2016-10-20,2016-10-20,2016-10-20,Same Day,Debit Card,120
OD1953,2017-06-11,2017-06-12,2017-06-17,2017-06-17,Standard,Credit Card,50
OD1954,2017-12-03,2017-12-03,2017-12-03,2017-12-03,Same Day,UPI,100
OD1955,2016-04-13,2016-04-13,2016-04-13,2016-04-13,Same Day,UPI,150
OD1957,2015-03-03,2015-03-03,2015-03-08,2015-03-08,Standard,Debit Card,50
OD1958,2016-10-25,2016-10-25,2016-10-25,2016-10-25,Same Day,Cash,120
OD1959,2017-09-25,2017-09-26,2017-09-28,2017-09-29,Express,UPI,70
OD1960,2015-11-25,2015-11-25,2015-11-25,2015-11-25,Same Day,Credit Card,150
OD1961,2018-12-29,2018-12-29,2018-12-29,2018-12-29,Same Day,Cash,120
OD1962,2015-08-15,2015-08-15,2015-08-17,2015-08-17,Express,UPI,70
OD1963,2016-11-14,2016-11-14,2016-11-19,2016-11-19,Standard,Credit Card,40
OD1964,2017-11-21,2017-11-23,2017-11-25,2017-11-27,Express,Debit Card,70
OD1965,2016-10-05,2016-10-05,2016-10-10,2016-10-09,Standard,Debit Card,50
OD1966,2015-07-12,2015-07-13,2015-07-18,2015-07-18,Standard,Credit Card,50
OD1967,2016-06-15,2016-06-16,2016-06-18,2016-06-17,Express,Debit Card,90
OD1968,2015-08-08,2015-08-08,2015-08-10,2015-08-10,Express,Debit Card,70
OD1969,2017-12-22,2017-12-23,2017-12-28,2017-12-27,Standard,UPI,30
OD1970,2018-11-03,2018-11-03,2018-11-05,2018-11-05,Express,Cash,70
OD1971,2015-11-04,2015-11-04,2015-11-04,2015-11-04,Same Day,Credit Card,150
OD1972,2017-02-05,2017-02-05,2017-02-05,2017-02-05,Same Day,Cash,120
OD1973,2017-10-18,2017-10-19,2017-10-24,2017-10-26,Standard,UPI,30
OD1974,2017-12-16,2017-12-18,2017-12-23,2017-12-23,Standard,UPI,30
OD1975,2016-02-09,2016-02-09,2016-02-14,2016-02-14,Standard,Cash,30
OD1976,2018-11-20,2018-11-20,2018-11-20,2018-11-20,Same Day,Debit Card,150
OD1977,2015-09-27,2015-09-27,2015-10-02,2015-10-02,Standard,Cash,50
OD1978,2015-09-10,2015-09-10,2015-09-15,2015-09-15,Standard,UPI,50
OD1979,2015-09-08,2015-09-08,2015-09-10,2015-09-11,Express,UPI,70
OD1980,2016-12-11,2016-12-11,2016-12-13,2016-12-15,Express,UPI,70
OD1981,2018-12-19,2018-12-21,2018-12-26,2018-12-27,Standard,Credit Card,40
OD1982,2015-12-21,2015-12-23,2015-12-25,2015-12-26,Express,Debit Card,90
OD1983,2017-05-26,2017-05-27,2017-06-01,2017-06-01,Standard,UPI,50
OD1984,2018-11-13,2018-11-13,2018-11-13,2018-11-13,Same Day,Debit Card,100
OD1985,2017-08-23,2017-08-23,2017-08-23,2017-08-23,Same Day,Credit Card,120
OD1986,2016-06-15,2016-06-16,2016-06-21,2016-06-21,Standard,UPI,30
OD1987,2016-12-06,2016-12-06,2016-12-06,2016-12-06,Same Day,Cash,150
OD1988,2017-12-17,2017-12-19,2017-12-24,2017-12-23,Standard,Credit Card,40
OD1989,2017-04-12,2017-04-13,2017-04-15,2017-04-15,Express,Credit Card,80
OD1990,2018-08-27,2018-08-27,2018-08-27,2018-08-27,Same Day,Credit Card,120
OD1991,2016-12-11,2016-12-13,2016-12-15,2016-12-15,Express,Debit Card,80
OD1992,2017-09-25,2017-09-25,2017-09-27,2017-09-27,Express,Credit Card,90
OD1993,2016-08-02,2016-08-02,2016-08-02,2016-08-02,Same Day,Cash,120
OD1994,2018-07-18,2018-07-18,2018-07-18,2018-07-18,Same Day,Credit Card,120
OD1995,2016-12-11,2016-12-13,2016-12-15,2016-12-15,Express,Credit Card,80
OD1997,2018-09-23,2018-09-25,2018-09-30,2018-09-30,Standard,Credit Card,30
OD1998,2016-12-11,2016-12-13,2016-12-15,2016-12-15,Express,Credit Card,80
OD1999,2018-10-02,2018-10-02,2018-10-02,2018-10-02,Same Day,UPI,150
OD2000,2016-12-24,2016-12-24,2016-12-24,2016-12-24,Same Day,Debit Card,150
OD2001,2018-12-19,2018-12-21,2018-12-26,2018-12-26,Standard,Credit Card,50
OD2002,2016-02-08,2016-02-08,2016-02-08,2016-02-08,Same Day,Credit Card,100
OD2003,2015-12-20,2015-12-22,2015-12-24,2015-12-24,Express,Cash,90
OD2004,2016-02-08,2016-02-08,2016-02-08,2016-02-08,Same Day,Credit Card,150
OD2005,2016-12-11,2016-12-11,2016-12-16,2016-12-16,Standard,Credit Card,30
OD2007,2018-03-30,2018-03-30,2018-03-30,2018-03-30,Same Day,UPI,120
OD2008,2016-02-08,2016-02-09,2016-02-14,2016-02-14,Standard,Credit Card,50
OD2009,2015-08-22,2015-08-24,2015-08-26,2015-08-26,Express,Credit Card,90
OD2010,2018-11-02,2018-11-03,2018-11-08,2018-11-07,Standard,UPI,50
OD2012,2015-12-20,2015-12-20,2015-12-22,2015-12-21,Express,Credit Card,80
OD2013,2015-06-22,2015-06-24,2015-06-26,2015-06-26,Express,Credit Card,90
OD2014,2015-06-22,2015-06-22,2015-06-22,2015-06-22,Same Day,UPI,100
OD2015,2015-12-01,2015-12-01,2015-12-03,2015-12-06,Express,UPI,90
OD2016,2016-08-07,2016-08-08,2016-08-13,2016-08-13,Standard,Credit Card,30
OD2017,2016-12-27,2016-12-27,2017-01-01,2016-12-31,Standard,Cash,30
OD2018,2018-11-02,2018-11-03,2018-11-08,2018-11-07,Standard,Credit Card,30
OD2019,2018-08-27,2018-08-29,2018-09-03,2018-09-03,Standard,Debit Card,30
OD2020,2017-03-14,2017-03-14,2017-03-14,2017-03-14,Same Day,Cash,100
OD2021,2017-09-06,2017-09-07,2017-09-12,2017-09-15,Standard,Credit Card,40
OD2022,2018-09-18,2018-09-18,2018-09-20,2018-09-20,Express,Credit Card,90
OD2023,2016-12-05,2016-12-05,2016-12-07,2016-12-07,Express,Credit Card,70
OD2025,2016-06-25,2016-06-26,2016-07-01,2016-07-01,Standard,Cash,30
OD2026,2017-06-18,2017-06-20,2017-06-25,2017-06-26,Standard,Credit Card,40
OD2027,2015-07-11,2015-07-11,2015-07-16,2015-07-16,Standard,UPI,30
OD2028,2018-05-14,2018-05-15,2018-05-20,2018-05-20,Standard,Debit Card,30
OD2029,2018-12-03,2018-12-03,2018-12-05,2018-12-04,Express,Credit Card,80
OD2030,2018-09-18,2018-09-18,2018-09-18,2018-09-18,Same Day,UPI,120
OD2031,2018-08-07,2018-08-07,2018-08-12,2018-08-11,Standard,Cash,40
OD2032,2018-12-24,2018-12-24,2018-12-24,2018-12-24,Same Day,UPI,120
OD2033,2018-01-26,2018-01-28,2018-02-02,2018-02-04,Standard,UPI,30
OD2034,2018-04-03,2018-04-03,2018-04-03,2018-04-03,Same Day,Credit Card,100
OD2035,2017-05-17,2017-05-17,2017-05-17,2017-05-17,Same Day,UPI,120
OD2036,2018-09-24,2018-09-24,2018-09-24,2018-09-24,Same Day,Credit Card,120
OD2037,2018-10-13,2018-10-14,2018-10-19,2018-10-19,Standard,UPI,40
OD2038,2018-05-14,2018-05-14,2018-05-14,2018-05-14,Same Day,Debit Card,120
OD2039,2016-06-25,2016-06-27,2016-07-02,2016-07-01,Standard,UPI,30
OD2040,2015-06-03,2015-06-03,2015-06-05,2015-06-05,Express,Credit Card,80
OD2041,2015-06-30,2015-06-30,2015-07-02,2015-07-03,Express,Debit Card,80
OD2042,2015-06-03,2015-06-03,2015-06-03,2015-06-03,Same Day,UPI,100
OD2043,2017-11-17,2017-11-17,2017-11-17,2017-11-17,Same Day,Debit Card,150
OD2044,2018-05-14,2018-05-14,2018-05-14,2018-05-14,Same Day,Cash,120
OD2045,2018-11-19,2018-11-19,2018-11-19,2018-11-19,Same Day,Cash,120
OD2046,2018-01-20,2018-01-20,2018-01-20,2018-01-20,Same Day,Credit Card,120
OD2047,2015-11-18,2015-11-18,2015-11-20,2015-11-20,Express,UPI,80
OD2048,2015-05-04,2015-05-05,2015-05-10,2015-05-10,Standard,Debit Card,40
OD2049,2017-12-29,2017-12-30,2018-01-01,2018-01-01,Express,Debit Card,70
OD2050,2015-09-01,2015-09-01,2015-09-01,2015-09-01,Same Day,Debit Card,100
OD2051,2017-03-14,2017-03-15,2017-03-17,2017-03-16,Express,Debit Card,70
OD2052,2017-06-15,2017-06-15,2017-06-15,2017-06-15,Same Day,Debit Card,100
OD2053,2016-10-23,2016-10-23,2016-10-23,2016-10-23,Same Day,Cash,120
OD2054,2017-05-17,2017-05-19,2017-05-24,2017-05-26,Standard,UPI,30
OD2056,2015-12-02,2015-12-02,2015-12-04,2015-12-06,Express,Credit Card,70
OD2057,2017-05-17,2017-05-18,2017-05-23,2017-05-23,Standard,Cash,30
OD2058,2018-01-15,2018-01-17,2018-01-22,2018-01-21,Standard,Debit Card,40
OD2059,2017-08-18,2017-08-18,2017-08-18,2017-08-18,Same Day,UPI,120
OD2060,2015-12-27,2015-12-27,2016-01-01,2015-12-31,Standard,Debit Card,50
OD2061,2015-11-22,2015-11-22,2015-11-22,2015-11-22,Same Day,Cash,100
OD2062,2018-12-11,2018-12-12,2018-12-17,2018-12-18,Standard,Debit Card,50
OD2063,2018-06-29,2018-06-30,2018-07-05,2018-07-05,Standard,Credit Card,50
OD2064,2016-09-27,2016-09-27,2016-10-02,2016-10-02,Standard,Debit Card,30
OD2065,2017-09-30,2017-10-01,2017-10-06,2017-10-08,Standard,Credit Card,50
OD2066,2016-06-25,2016-06-27,2016-07-02,2016-07-02,Standard,Cash,40
OD2067,2017-10-10,2017-10-10,2017-10-15,2017-10-14,Standard,Debit Card,30
OD2068,2015-11-18,2015-11-20,2015-11-25,2015-11-26,Standard,Credit Card,40
OD2069,2015-09-01,2015-09-02,2015-09-07,2015-09-07,Standard,Cash,50
OD2070,2018-10-13,2018-10-13,2018-10-18,2018-10-18,Standard,Cash,30
OD2071,2016-11-29,2016-11-29,2016-12-01,2016-11-30,Express,UPI,90
OD2072,2018-01-15,2018-01-17,2018-01-19,2018-01-20,Express,UPI,90
OD2073,2017-08-28,2017-08-30,2017-09-01,2017-09-03,Express,Credit Card,90
OD2074,2017-08-04,2017-08-04,2017-08-04,2017-08-04,Same Day,UPI,120
OD2075,2015-05-27,2015-05-27,2015-05-27,2015-05-27,Same Day,UPI,100
OD2076,2018-11-19,2018-11-19,2018-11-19,2018-11-19,Same Day,UPI,100
OD2077,2018-11-26,2018-11-26,2018-12-01,2018-11-30,Standard,Credit Card,40
OD2078,2015-08-15,2015-08-17,2015-08-22,2015-08-24,Standard,UPI,40
OD2079,2017-08-28,2017-08-29,2017-08-31,2017-08-30,Express,UPI,70
OD2080,2015-09-20,2015-09-20,2015-09-25,2015-09-25,Standard,Debit Card,40
OD2081,2015-09-02,2015-09-02,2015-09-02,2015-09-02,Same Day,Debit Card,150
OD2082,2017-10-17,2017-10-18,2017-10-20,2017-10-20,Express,Cash,70
OD2083,2017-02-14,2017-02-15,2017-02-17,2017-02-17,Express,UPI,90
OD2084,2017-11-24,2017-11-25,2017-11-27,2017-11-29,Express,UPI,70
OD2085,2017-03-09,2017-03-09,2017-03-11,2017-03-11,Express,Debit Card,90
OD2086,2018-03-13,2018-03-14,2018-03-19,2018-03-19,Standard,Credit Card,40
OD2087,2016-05-30,2016-06-01,2016-06-03,2016-06-05,Express,Cash,90
OD2088,2015-06-06,2015-06-07,2015-06-09,2015-06-10,Express,UPI,70
OD2089,2018-03-13,2018-03-13,2018-03-15,2018-03-15,Express,Debit Card,80
OD2090,2017-04-14,2017-04-14,2017-04-14,2017-04-14,Same Day,Debit Card,100
OD2091,2018-04-30,2018-04-30,2018-05-05,2018-05-06,Standard,Credit Card,30
OD2092,2017-05-17,2017-05-19,2017-05-24,2017-05-24,Standard,Credit Card,30
OD2093,2018-10-12,2018-10-13,2018-10-15,2018-10-15,Express,UPI,80
OD2094,2016-10-20,2016-10-20,2016-10-20,2016-10-20,Same Day,Credit Card,120
OD2095,2017-11-24,2017-11-24,2017-11-26,2017-11-27,Express,Cash,80
OD2096,2017-11-07,2017-11-08,2017-11-10,2017-11-11,Express,Cash,90
OD2097,2018-09-07,2018-09-07,2018-09-07,2018-09-07,Same Day,Cash,100
OD2098,2017-12-04,2017-12-05,2017-12-07,2017-12-07,Express,UPI,90
OD2099,2016-08-09,2016-08-09,2016-08-09,2016-08-09,Same Day,Credit Card,100
OD2100,2016-04-07,2016-04-07,2016-04-12,2016-04-11,Standard,UPI,40
OD2101,2017-09-19,2017-09-19,2017-09-21,2017-09-20,Express,Credit Card,70
OD2102,2018-12-02,2018-12-02,2018-12-07,2018-12-07,Standard,Debit Card,40
OD2103,2017-02-27,2017-02-28,2017-03-05,2017-03-05,Standard,Credit Card,30
OD2104,2015-06-21,2015-06-21,2015-06-26,2015-06-26,Standard,Cash,40
OD2105,2016-04-25,2016-04-25,2016-04-25,2016-04-25,Same Day,UPI,100
OD2106,2015-09-23,2015-09-24,2015-09-29,2015-10-01,Standard,Debit Card,50
OD2107,2017-02-14,2017-02-14,2017-02-16,2017-02-15,Express,UPI,80
OD2108,2018-11-17,2018-11-17,2018-11-17,2018-11-17,Same Day,Credit Card,120
OD2109,2017-11-27,2017-11-29,2017-12-01,2017-12-01,Express,Credit Card,90
OD2110,2015-09-02,2015-09-02,2015-09-02,2015-09-02,Same Day,Credit Card,150
OD2111,2018-11-20,2018-11-22,2018-11-27,2018-11-27,Standard,Credit Card,50
OD2112,2015-08-15,2015-08-15,2015-08-20,2015-08-21,Standard,UPI,40
OD2113,2015-09-23,2015-09-24,2015-09-26,2015-09-28,Express,Credit Card,80
OD2114,2016-08-09,2016-08-09,2016-08-09,2016-08-09,Same Day,UPI,100
OD2115,2018-12-29,2018-12-29,2018-12-29,2018-12-29,Same Day,Credit Card,120
OD2116,2018-12-05,2018-12-05,2018-12-10,2018-12-10,Standard,Debit Card,30
OD2117,2017-03-09,2017-03-09,2017-03-11,2017-03-13,Express,Credit Card,80
OD2118,2015-09-02,2015-09-02,2015-09-02,2015-09-02,Same Day,UPI,120
OD2119,2016-08-09,2016-08-09,2016-08-09,2016-08-09,Same Day,Credit Card,120
OD2120,2015-06-21,2015-06-21,2015-06-26,2015-06-26,Standard,UPI,50
OD2121,2017-11-14,2017-11-15,2017-11-20,2017-11-22,Standard,Cash,40
OD2122,2017-12-04,2017-12-05,2017-12-07,2017-12-07,Express,UPI,70
OD2123,2017-11-07,2017-11-08,2017-11-10,2017-11-09,Express,Debit Card,80
OD2124,2015-09-10,2015-09-11,2015-09-13,2015-09-13,Express,UPI,80
OD2125,2017-03-09,2017-03-10,2017-03-15,2017-03-15,Standard,Debit Card,40
OD2126,2017-11-07,2017-11-09,2017-11-14,2017-11-14,Standard,UPI,30
OD2127,2018-05-06,2018-05-06,2018-05-11,2018-05-10,Standard,Cash,30
OD2128,2018-03-13,2018-03-13,2018-03-13,2018-03-13,Same Day,UPI,120
OD2129,2018-02-10,2018-02-12,2018-02-17,2018-02-17,Standard,Cash,30
OD2130,2017-11-27,2017-11-27,2017-11-29,2017-11-28,Express,Credit Card,80
OD2131,2017-12-04,2017-12-04,2017-12-04,2017-12-04,Same Day,Credit Card,150
OD2132,2016-04-07,2016-04-07,2016-04-07,2016-04-07,Same Day,Cash,100
OD2133,2018-10-13,2018-10-14,2018-10-19,2018-10-19,Standard,Cash,50
OD2134,2015-06-21,2015-06-21,2015-06-26,2015-06-26,Standard,Debit Card,30
OD2135,2015-09-02,2015-09-03,2015-09-05,2015-09-04,Express,Credit Card,90
OD2136,2017-11-27,2017-11-27,2017-11-27,2017-11-27,Same Day,Cash,150
OD2137,2018-09-12,2018-09-12,2018-09-14,2018-09-13,Express,Credit Card,70
OD2138,2018-09-12,2018-09-12,2018-09-12,2018-09-12,Same Day,Cash,120
OD2139,2017-11-27,2017-11-27,2017-11-27,2017-11-27,Same Day,Debit Card,150
OD2140,2018-09-07,2018-09-07,2018-09-09,2018-09-09,Express,Credit Card,90
OD2141,2018-04-23,2018-04-25,2018-04-30,2018-04-30,Standard,UPI,40
OD2142,2016-09-20,2016-09-20,2016-09-20,2016-09-20,Same Day,Credit Card,120
OD2143,2015-09-20,2015-09-20,2015-09-20,2015-09-20,Same Day,UPI,120
OD2144,2018-09-12,2018-09-13,2018-09-18,2018-09-18,Standard,Debit Card,30
OD2145,2018-12-02,2018-12-02,2018-12-04,2018-12-05,Express,Cash,70
OD2146,2018-11-20,2018-11-22,2018-11-27,2018-11-29,Standard,Debit Card,30
OD2147,2015-10-14,2015-10-14,2015-10-16,2015-10-15,Express,Cash,80
OD2148,2017-05-17,2017-05-19,2017-05-21,2017-05-21,Express,Debit Card,90
OD2149,2018-01-15,2018-01-16,2018-01-18,2018-01-18,Express,Credit Card,90
OD2150,2017-09-18,2017-09-19,2017-09-24,2017-09-24,Standard,Credit Card,30
OD2151,2017-12-04,2017-12-04,2017-12-06,2017-12-06,Express,Cash,70
OD2152,2016-12-19,2016-12-20,2016-12-22,2016-12-22,Express,UPI,80
OD2153,2018-01-29,2018-01-29,2018-01-29,2018-01-29,Same Day,UPI,150
OD2154,2017-08-19,2017-08-20,2017-08-22,2017-08-21,Express,Credit Card,90
OD2155,2016-12-07,2016-12-07,2016-12-07,2016-12-07,Same Day,UPI,150
OD2156,2016-08-09,2016-08-11,2016-08-13,2016-08-15,Express,Debit Card,70
OD2157,2017-11-07,2017-11-08,2017-11-13,2017-11-13,Standard,UPI,40
OD2158,2017-05-03,2017-05-03,2017-05-08,2017-05-10,Standard,Debit Card,50
OD2159,2017-02-07,2017-02-07,2017-02-07,2017-02-07,Same Day,UPI,120
OD2160,2017-04-23,2017-04-25,2017-04-30,2017-04-30,Standard,Cash,30
OD2161,2015-10-15,2015-10-15,2015-10-15,2015-10-15,Same Day,Credit Card,150
OD2162,2018-12-10,2018-12-12,2018-12-14,2018-12-14,Express,Cash,70
OD2163,2018-11-21,2018-11-23,2018-11-25,2018-11-25,Express,Debit Card,80
OD2164,2018-05-16,2018-05-16,2018-05-16,2018-05-16,Same Day,Credit Card,150
OD2165,2018-08-25,2018-08-27,2018-08-29,2018-09-01,Express,Debit Card,80
OD2166,2017-07-28,2017-07-28,2017-07-28,2017-07-28,Same Day,Cash,120
OD2167,2016-12-19,2016-12-19,2016-12-19,2016-12-19,Same Day,Credit Card,150
OD2168,2016-06-16,2016-06-16,2016-06-18,2016-06-18,Express,Cash,80
OD2169,2016-12-19,2016-12-19,2016-12-19,2016-12-19,Same Day,Cash,120
OD2171,2018-07-07,2018-07-08,2018-07-10,2018-07-12,Express,Debit Card,80
OD2172,2018-12-01,2018-12-01,2018-12-01,2018-12-01,Same Day,Debit Card,120
OD2173,2018-07-07,2018-07-08,2018-07-10,2018-07-12,Express,Cash,70
OD2174,2016-08-13,2016-08-13,2016-08-13,2016-08-13,Same Day,Credit Card,120
OD2175,2015-10-21,2015-10-21,2015-10-23,2015-10-23,Express,Cash,70
OD2176,2016-12-19,2016-12-19,2016-12-21,2016-12-21,Express,UPI,70
OD2177,2015-02-27,2015-02-28,2015-03-05,2015-03-05,Standard,UPI,30
OD2178,2018-12-08,2018-12-08,2018-12-08,2018-12-08,Same Day,Credit Card,150
OD2179,2017-11-24,2017-11-24,2017-11-24,2017-11-24,Same Day,Cash,120
OD2180,2017-12-31,2017-12-31,2017-12-31,2017-12-31,Same Day,Debit Card,150
OD2181,2018-11-21,2018-11-21,2018-11-21,2018-11-21,Same Day,Credit Card,100
OD2182,2016-11-05,2016-11-06,2016-11-11,2016-11-11,Standard,Credit Card,30
OD2183,2016-07-11,2016-07-11,2016-07-11,2016-07-11,Same Day,Debit Card,100
OD2184,2017-08-19,2017-08-19,2017-08-19,2017-08-19,Same Day,UPI,100
OD2185,2016-12-07,2016-12-09,2016-12-11,2016-12-11,Express,UPI,70
OD2186,2018-08-03,2018-08-03,2018-08-08,2018-08-10,Standard,Credit Card,30
OD2187,2017-04-23,2017-04-23,2017-04-23,2017-04-23,Same Day,Credit Card,150
OD2188,2017-05-03,2017-05-04,2017-05-06,2017-05-06,Express,UPI,70
OD2189,2016-09-22,2016-09-22,2016-09-22,2016-09-22,Same Day,Debit Card,120
OD2190,2017-08-19,2017-08-20,2017-08-25,2017-08-25,Standard,Cash,30
OD2191,2018-09-09,2018-09-09,2018-09-14,2018-09-16,Standard,Cash,30
OD2192,2016-04-05,2016-04-06,2016-04-11,2016-04-14,Standard,Cash,40
OD2193,2018-06-01,2018-06-01,2018-06-03,2018-06-03,Express,UPI,90
OD2195,2017-11-10,2017-11-11,2017-11-16,2017-11-16,Standard,Credit Card,30
OD2196,2018-01-15,2018-01-15,2018-01-17,2018-01-17,Express,UPI,70
OD2197,2017-06-10,2017-06-10,2017-06-10,2017-06-10,Same Day,Credit Card,150
OD2198,2018-12-22,2018-12-24,2018-12-29,2018-12-30,Standard,Cash,30
OD2199,2018-12-10,2018-12-10,2018-12-15,2018-12-15,Standard,Debit Card,40
OD2200,2017-11-20,2017-11-20,2017-11-20,2017-11-20,Same Day,Credit Card,100
OD2201,2018-06-01,2018-06-02,2018-06-04,2018-06-05,Express,UPI,70
OD2202,2018-09-09,2018-09-09,2018-09-09,2018-09-09,Same Day,UPI,100
OD2203,2018-09-14,2018-09-14,2018-09-19,2018-09-19,Standard,UPI,50
OD2204,2018-09-16,2018-09-16,2018-09-16,2018-09-16,Same Day,Cash,150
OD2205,2018-09-16,2018-09-18,2018-09-23,2018-09-25,Standard,UPI,50
OD2206,2017-11-20,2017-11-21,2017-11-23,2017-11-23,Express,Credit Card,70
OD2207,2016-11-05,2016-11-05,2016-11-10,2016-11-10,Standard,Cash,50
OD2208,2018-09-09,2018-09-09,2018-09-11,2018-09-14,Express,Credit Card,90
OD2209,2016-07-11,2016-07-12,2016-07-14,2016-07-15,Express,Cash,80
OD2210,2015-09-21,2015-09-21,2015-09-23,2015-09-22,Express,Cash,90
OD2211,2016-07-11,2016-07-11,2016-07-11,2016-07-11,Same Day,Cash,150
OD2212,2018-09-14,2018-09-15,2018-09-20,2018-09-20,Standard,Credit Card,30
OD2213,2017-07-28,2017-07-28,2017-07-28,2017-07-28,Same Day,Cash,150
OD2214,2018-05-30,2018-05-30,2018-06-01,2018-06-01,Express,UPI,80
OD2215,2016-04-16,2016-04-16,2016-04-21,2016-04-20,Standard,Credit Card,50
OD2216,2016-12-11,2016-12-13,2016-12-18,2016-12-18,Standard,UPI,30
OD2217,2017-06-06,2017-06-07,2017-06-09,2017-06-10,Express,Cash,90
OD2218,2018-12-19,2018-12-19,2018-12-21,2018-12-21,Express,Credit Card,80
OD2219,2016-10-30,2016-10-30,2016-11-04,2016-11-07,Standard,Credit Card,30
OD2220,2018-12-02,2018-12-02,2018-12-02,2018-12-02,Same Day,Cash,100
OD2221,2017-06-06,2017-06-06,2017-06-06,2017-06-06,Same Day,Cash,120
OD2222,2017-06-06,2017-06-06,2017-06-11,2017-06-14,Standard,Credit Card,40
OD2223,2015-08-12,2015-08-12,2015-08-17,2015-08-17,Standard,Cash,30
OD2224,2018-10-13,2018-10-14,2018-10-19,2018-10-19,Standard,Cash,50
OD2225,2017-06-06,2017-06-06,2017-06-06,2017-06-06,Same Day,Credit Card,150
OD2226,2017-05-05,2017-05-05,2017-05-05,2017-05-05,Same Day,Credit Card,100
OD2227,2018-09-24,2018-09-24,2018-09-26,2018-09-26,Express,UPI,70
OD2228,2016-11-02,2016-11-02,2016-11-02,2016-11-02,Same Day,Credit Card,120
OD2229,2016-12-23,2016-12-23,2016-12-23,2016-12-23,Same Day,Cash,100
OD2230,2018-09-22,2018-09-22,2018-09-27,2018-09-29,Standard,Cash,30
OD2231,2017-02-12,2017-02-12,2017-02-14,2017-02-14,Express,Credit Card,80
OD2232,2017-08-13,2017-08-13,2017-08-13,2017-08-13,Same Day,Cash,120
OD2233,2016-03-23,2016-03-25,2016-03-30,2016-04-01,Standard,Debit Card,30
OD2234,2018-10-13,2018-10-13,2018-10-15,2018-10-15,Express,Cash,90
OD2235,2016-03-23,2016-03-24,2016-03-29,2016-03-29,Standard,Debit Card,30
OD2236,2015-04-30,2015-04-30,2015-04-30,2015-04-30,Same Day,Debit Card,120
OD2237,2017-07-24,2017-07-26,2017-07-31,2017-07-31,Standard,Credit Card,50
OD2238,2015-04-30,2015-04-30,2015-04-30,2015-04-30,Same Day,Debit Card,120
OD2239,2015-05-19,2015-05-19,2015-05-19,2015-05-19,Same Day,Debit Card,100
OD2240,2018-05-06,2018-05-06,2018-05-08,2018-05-08,Express,UPI,70
OD2241,2017-02-12,2017-02-12,2017-02-12,2017-02-12,Same Day,Credit Card,120
OD2242,2018-09-24,2018-09-25,2018-09-30,2018-10-03,Standard,UPI,50
OD2243,2017-08-13,2017-08-14,2017-08-16,2017-08-16,Express,Cash,90
OD2244,2018-10-13,2018-10-14,2018-10-16,2018-10-16,Express,UPI,70
OD2245,2018-01-14,2018-01-15,2018-01-20,2018-01-20,Standard,Credit Card,50
OD2246,2017-05-01,2017-05-03,2017-05-08,2017-05-08,Standard,Cash,50
OD2247,2018-06-20,2018-06-20,2018-06-25,2018-06-26,Standard,Debit Card,30
OD2248,2015-12-30,2015-12-30,2015-12-30,2015-12-30,Same Day,Cash,150
OD2249,2015-06-23,2015-06-25,2015-06-30,2015-06-30,Standard,Debit Card,40
OD2250,2017-11-19,2017-11-21,2017-11-26,2017-11-25,Standard,Debit Card,50
OD2251,2018-05-01,2018-05-03,2018-05-08,2018-05-07,Standard,Cash,40
OD2252,2016-11-30,2016-12-01,2016-12-06,2016-12-05,Standard,Cash,40
OD2253,2017-12-16,2017-12-17,2017-12-19,2017-12-19,Express,Credit Card,80
OD2254,2018-11-20,2018-11-20,2018-11-20,2018-11-20,Same Day,Debit Card,150
OD2255,2018-06-22,2018-06-22,2018-06-27,2018-06-27,Standard,Debit Card,50
OD2256,2015-03-23,2015-03-23,2015-03-23,2015-03-23,Same Day,Debit Card,120
OD2257,2018-04-09,2018-04-10,2018-04-12,2018-04-12,Express,Credit Card,70
OD2258,2018-04-09,2018-04-10,2018-04-12,2018-04-12,Express,Cash,90
OD2259,2018-09-23,2018-09-25,2018-09-27,2018-09-27,Express,UPI,70
OD2260,2017-08-14,2017-08-14,2017-08-16,2017-08-16,Express,Debit Card,80
OD2261,2017-08-09,2017-08-10,2017-08-15,2017-08-16,Standard,Cash,50
OD2262,2018-10-09,2018-10-10,2018-10-12,2018-10-12,Express,Debit Card,80
OD2263,2015-08-15,2015-08-17,2015-08-22,2015-08-24,Standard,UPI,40
OD2264,2015-08-15,2015-08-15,2015-08-17,2015-08-17,Express,UPI,70
OD2265,2017-03-26,2017-03-26,2017-03-31,2017-03-31,Standard,UPI,30
OD2266,2018-11-20,2018-11-20,2018-11-20,2018-11-20,Same Day,Debit Card,100
OD2267,2018-12-18,2018-12-20,2018-12-22,2018-12-22,Express,Credit Card,90
OD2268,2015-06-23,2015-06-24,2015-06-29,2015-07-01,Standard,Credit Card,50
OD2269,2017-08-09,2017-08-09,2017-08-11,2017-08-10,Express,Cash,70
OD2270,2018-04-09,2018-04-10,2018-04-12,2018-04-13,Express,Debit Card,90
OD2271,2017-05-01,2017-05-03,2017-05-05,2017-05-04,Express,Cash,80
OD2272,2017-07-29,2017-07-29,2017-07-29,2017-07-29,Same Day,UPI,150
OD2273,2017-06-14,2017-06-14,2017-06-16,2017-06-16,Express,Debit Card,70
OD2274,2016-11-30,2016-11-30,2016-11-30,2016-11-30,Same Day,Credit Card,150
OD2275,2015-12-24,2015-12-25,2015-12-27,2015-12-27,Express,Credit Card,90
OD2276,2018-09-07,2018-09-09,2018-09-14,2018-09-14,Standard,Credit Card,30
OD2277,2015-07-20,2015-07-21,2015-07-23,2015-07-23,Express,Debit Card,80
OD2278,2016-12-16,2016-12-17,2016-12-22,2016-12-22,Standard,Debit Card,50
OD2279,2017-11-10,2017-11-11,2017-11-13,2017-11-13,Express,Cash,90
OD2280,2018-11-16,2018-11-16,2018-11-21,2018-11-21,Standard,Debit Card,30
OD2281,2018-09-29,2018-09-29,2018-10-01,2018-10-01,Express,UPI,90
OD2282,2017-06-20,2017-06-20,2017-06-20,2017-06-20,Same Day,Cash,100
OD2283,2018-10-01,2018-10-01,2018-10-01,2018-10-01,Same Day,UPI,150
OD2284,2018-04-27,2018-04-27,2018-05-02,2018-05-03,Standard,Debit Card,40
OD2285,2018-06-29,2018-06-29,2018-07-04,2018-07-04,Standard,UPI,30
OD2286,2017-07-04,2017-07-06,2017-07-08,2017-07-08,Express,UPI,70
OD2287,2017-07-03,2017-07-04,2017-07-09,2017-07-11,Standard,Cash,30
OD2288,2017-09-05,2017-09-07,2017-09-09,2017-09-09,Express,Debit Card,70
OD2289,2016-12-12,2016-12-14,2016-12-16,2016-12-16,Express,Debit Card,90
OD2291,2018-12-18,2018-12-18,2018-12-18,2018-12-18,Same Day,Cash,120
OD2292,2017-07-03,2017-07-04,2017-07-09,2017-07-11,Standard,Cash,30
OD2293,2017-09-05,2017-09-05,2017-09-05,2017-09-05,Same Day,Debit Card,150
OD2294,2018-06-16,2018-06-16,2018-06-18,2018-06-18,Express,Credit Card,80
OD2296,2016-10-04,2016-10-06,2016-10-08,2016-10-08,Express,Cash,90
OD2297,2018-07-31,2018-08-02,2018-08-07,2018-08-07,Standard,Credit Card,30
OD2298,2018-03-23,2018-03-23,2018-03-28,2018-03-28,Standard,Cash,50
OD2299,2015-11-15,2015-11-15,2015-11-20,2015-11-21,Standard,Debit Card,30
OD2300,2018-08-12,2018-08-13,2018-08-15,2018-08-14,Express,UPI,70
OD2301,2018-06-11,2018-06-11,2018-06-11,2018-06-11,Same Day,Debit Card,100
OD2302,2018-08-21,2018-08-23,2018-08-28,2018-08-30,Standard,Debit Card,40
OD2303,2015-11-28,2015-11-28,2015-11-28,2015-11-28,Same Day,Credit Card,150
OD2305,2018-04-27,2018-04-27,2018-04-29,2018-04-29,Express,Debit Card,80
OD2306,2015-12-07,2015-12-07,2015-12-09,2015-12-09,Express,Cash,90
OD2307,2017-11-14,2017-11-16,2017-11-21,2017-11-22,Standard,UPI,30
OD2308,2016-05-03,2016-05-03,2016-05-08,2016-05-08,Standard,Debit Card,40
OD2309,2015-03-07,2015-03-08,2015-03-13,2015-03-13,Standard,Debit Card,40
OD2310,2015-11-23,2015-11-23,2015-11-23,2015-11-23,Same Day,Credit Card,120
OD2311,2017-04-13,2017-04-15,2017-04-20,2017-04-20,Standard,Debit Card,40
OD2312,2017-05-08,2017-05-08,2017-05-10,2017-05-10,Express,UPI,80
OD2313,2017-04-12,2017-04-13,2017-04-15,2017-04-15,Express,Cash,70
OD2314,2015-02-22,2015-02-23,2015-02-25,2015-02-25,Express,UPI,70
OD2315,2015-07-20,2015-07-20,2015-07-20,2015-07-20,Same Day,Cash,150
OD2316,2018-03-23,2018-03-23,2018-03-28,2018-03-28,Standard,Cash,50
OD2317,2018-12-08,2018-12-09,2018-12-11,2018-12-13,Express,Debit Card,70
OD2318,2018-06-29,2018-06-29,2018-06-29,2018-06-29,Same Day,Debit Card,150
OD2319,2017-06-20,2017-06-20,2017-06-25,2017-06-25,Standard,Cash,50
OD2320,2016-04-18,2016-04-18,2016-04-18,2016-04-18,Same Day,Cash,100
OD2321,2015-03-07,2015-03-07,2015-03-07,2015-03-07,Same Day,Cash,120
OD2322,2018-11-18,2018-11-18,2018-11-18,2018-11-18,Same Day,Cash,120
OD2323,2018-03-25,2018-03-26,2018-03-28,2018-03-28,Express,Debit Card,70
OD2324,2017-11-03,2017-11-04,2017-11-06,2017-11-08,Express,Debit Card,70
OD2325,2016-11-28,2016-11-30,2016-12-05,2016-12-05,Standard,Debit Card,50
OD2326,2017-06-05,2017-06-05,2017-06-07,2017-06-07,Express,Cash,90
OD2328,2018-08-21,2018-08-22,2018-08-24,2018-08-24,Express,Credit Card,80
OD2329,2018-11-24,2018-11-24,2018-11-29,2018-11-30,Standard,Cash,50
OD2330,2017-06-17,2017-06-17,2017-06-17,2017-06-17,Same Day,Cash,150
OD2331,2015-07-20,2015-07-20,2015-07-25,2015-07-25,Standard,Cash,30
OD2332,2015-10-11,2015-10-11,2015-10-11,2015-10-11,Same Day,Debit Card,120
OD2333,2016-09-18,2016-09-19,2016-09-24,2016-09-25,Standard,Credit Card,30
OD2334,2017-07-04,2017-07-04,2017-07-04,2017-07-04,Same Day,Cash,150
OD2335,2018-06-10,2018-06-11,2018-06-16,2018-06-16,Standard,Cash,50
OD2336,2018-09-29,2018-09-29,2018-09-29,2018-09-29,Same Day,Credit Card,120
OD2337,2016-03-19,2016-03-19,2016-03-21,2016-03-20,Express,Debit Card,90
OD2338,2018-08-21,2018-08-21,2018-08-21,2018-08-21,Same Day,UPI,120
OD2339,2018-12-18,2018-12-20,2018-12-22,2018-12-24,Express,Cash,70
OD2340,2018-10-09,2018-10-10,2018-10-15,2018-10-15,Standard,Cash,40
OD2341,2016-09-08,2016-09-09,2016-09-11,2016-09-10,Express,UPI,80
OD2342,2018-05-27,2018-05-27,2018-06-01,2018-06-01,Standard,Cash,50
OD2343,2015-12-05,2015-12-05,2015-12-07,2015-12-07,Express,Credit Card,70
OD2344,2017-06-17,2017-06-19,2017-06-21,2017-06-21,Express,Debit Card,80
OD2345,2018-07-08,2018-07-10,2018-07-12,2018-07-11,Express,UPI,70
OD2346,2018-11-16,2018-11-18,2018-11-20,2018-11-20,Express,Credit Card,80
OD2347,2016-09-08,2016-09-08,2016-09-08,2016-09-08,Same Day,Cash,120
OD2348,2018-11-18,2018-11-18,2018-11-20,2018-11-21,Express,UPI,90
OD2349,2018-05-22,2018-05-24,2018-05-29,2018-05-30,Standard,UPI,30
OD2350,2018-09-29,2018-09-29,2018-10-01,2018-10-01,Express,UPI,90
OD2351,2017-11-03,2017-11-03,2017-11-05,2017-11-06,Express,Debit Card,70
OD2352,2017-06-20,2017-06-20,2017-06-25,2017-06-25,Standard,Cash,30
OD2353,2016-12-12,2016-12-13,2016-12-15,2016-12-16,Express,Cash,90
OD2354,2018-03-25,2018-03-25,2018-03-25,2018-03-25,Same Day,Cash,120
OD2355,2017-01-30,2017-01-30,2017-01-30,2017-01-30,Same Day,Credit Card,150
OD2356,2018-12-08,2018-12-10,2018-12-15,2018-12-17,Standard,UPI,30
OD2357,2018-07-23,2018-07-23,2018-07-23,2018-07-23,Same Day,Debit Card,120
OD2358,2017-01-30,2017-01-30,2017-01-30,2017-01-30,Same Day,Debit Card,150
OD2359,2016-11-01,2016-11-01,2016-11-01,2016-11-01,Same Day,Cash,120
OD2360,2017-04-24,2017-04-24,2017-04-26,2017-04-26,Express,Cash,70
OD2361,2018-10-01,2018-10-01,2018-10-01,2018-10-01,Same Day,UPI,150
OD2362,2017-12-26,2017-12-26,2017-12-26,2017-12-26,Same Day,Credit Card,150
OD2363,2018-09-29,2018-10-01,2018-10-06,2018-10-06,Standard,Credit Card,40
OD2364,2017-09-05,2017-09-05,2017-09-07,2017-09-06,Express,UPI,90
OD2365,2015-07-20,2015-07-21,2015-07-26,2015-07-27,Standard,UPI,30
OD2366,2016-12-12,2016-12-13,2016-12-18,2016-12-21,Standard,Credit Card,30
OD2367,2017-11-05,2017-11-05,2017-11-07,2017-11-08,Express,Credit Card,90
OD2368,2016-05-03,2016-05-03,2016-05-05,2016-05-05,Express,Credit Card,80
OD2369,2016-05-03,2016-05-03,2016-05-08,2016-05-08,Standard,Debit Card,50
OD2370,2017-01-30,2017-01-30,2017-01-30,2017-01-30,Same Day,Credit Card,120
OD2371,2018-11-18,2018-11-18,2018-11-18,2018-11-18,Same Day,Debit Card,120
OD2372,2018-04-23,2018-04-25,2018-04-30,2018-04-29,Standard,Cash,40
OD2373,2015-12-20,2015-12-21,2015-12-23,2015-12-23,Express,Credit Card,80
OD2374,2018-11-28,2018-11-28,2018-11-28,2018-11-28,Same Day,Cash,100
OD2375,2016-08-24,2016-08-24,2016-08-24,2016-08-24,Same Day,Cash,120
OD2376,2016-06-13,2016-06-15,2016-06-20,2016-06-20,Standard,Debit Card,40
OD2377,2016-10-02,2016-10-04,2016-10-06,2016-10-09,Express,UPI,90
OD2378,2017-04-12,2017-04-12,2017-04-12,2017-04-12,Same Day,Cash,150
OD2379,2018-07-23,2018-07-23,2018-07-23,2018-07-23,Same Day,Credit Card,100
OD2380,2017-06-20,2017-06-22,2017-06-24,2017-06-24,Express,Credit Card,70
OD2381,2015-08-01,2015-08-01,2015-08-06,2015-08-06,Standard,Credit Card,30
OD2382,2016-11-06,2016-11-06,2016-11-06,2016-11-06,Same Day,Credit Card,150
OD2383,2018-06-17,2018-06-19,2018-06-21,2018-06-20,Express,Debit Card,70
OD2384,2018-03-25,2018-03-25,2018-03-30,2018-03-29,Standard,UPI,50
OD2385,2016-10-02,2016-10-04,2016-10-06,2016-10-08,Express,Cash,90
OD2386,2015-01-19,2015-01-21,2015-01-26,2015-01-29,Standard,Debit Card,50
OD2387,2017-05-05,2017-05-07,2017-05-12,2017-05-12,Standard,UPI,30
OD2388,2018-06-29,2018-06-30,2018-07-05,2018-07-05,Standard,Debit Card,30
OD2389,2017-11-16,2017-11-16,2017-11-18,2017-11-19,Express,Cash,90
OD2390,2016-12-13,2016-12-13,2016-12-13,2016-12-13,Same Day,UPI,120
OD2391,2017-11-24,2017-11-24,2017-11-26,2017-11-26,Express,UPI,90
OD2392,2017-04-21,2017-04-21,2017-04-21,2017-04-21,Same Day,Cash,100
OD2393,2015-01-19,2015-01-19,2015-01-24,2015-01-25,Standard,Cash,50
OD2395,2018-03-19,2018-03-20,2018-03-25,2018-03-26,Standard,Cash,50
OD2396,2015-07-20,2015-07-22,2015-07-27,2015-07-27,Standard,Cash,30
OD2398,2018-08-21,2018-08-21,2018-08-21,2018-08-21,Same Day,UPI,120
OD2400,2018-10-01,2018-10-03,2018-10-05,2018-10-06,Express,Credit Card,90
OD2401,2016-07-19,2016-07-21,2016-07-23,2016-07-22,Express,UPI,70
OD2403,2017-10-02,2017-10-02,2017-10-02,2017-10-02,Same Day,Debit Card,120
OD2404,2017-11-03,2017-11-05,2017-11-07,2017-11-08,Express,Debit Card,70
OD2405,2018-05-05,2018-05-06,2018-05-11,2018-05-11,Standard,Cash,50
OD2406,2015-01-19,2015-01-19,2015-01-19,2015-01-19,Same Day,Credit Card,100
OD2407,2017-09-02,2017-09-02,2017-09-02,2017-09-02,Same Day,Credit Card,100
OD2409,2015-03-22,2015-03-23,2015-03-28,2015-03-28,Standard,Credit Card,30
OD2410,2016-04-04,2016-04-04,2016-04-04,2016-04-04,Same Day,Debit Card,120
OD2411,2018-03-05,2018-03-05,2018-03-10,2018-03-11,Standard,Debit Card,30
OD2412,2017-09-02,2017-09-02,2017-09-02,2017-09-02,Same Day,Debit Card,100
OD2413,2016-04-04,2016-04-05,2016-04-10,2016-04-10,Standard,Credit Card,40
OD2414,2018-03-05,2018-03-05,2018-03-10,2018-03-10,Standard,Cash,50
OD2415,2018-03-05,2018-03-05,2018-03-05,2018-03-05,Same Day,Credit Card,100
OD2416,2018-03-05,2018-03-05,2018-03-05,2018-03-05,Same Day,UPI,150
OD2417,2018-10-22,2018-10-23,2018-10-28,2018-10-28,Standard,Credit Card,30
OD2418,2016-12-17,2016-12-18,2016-12-20,2016-12-20,Express,Cash,90
OD2419,2018-03-05,2018-03-05,2018-03-05,2018-03-05,Same Day,Cash,100
OD2420,2017-10-06,2017-10-06,2017-10-06,2017-10-06,Same Day,Debit Card,120
OD2421,2018-11-07,2018-11-07,2018-11-12,2018-11-14,Standard,Cash,50
OD2422,2016-04-04,2016-04-05,2016-04-10,2016-04-10,Standard,Cash,30
OD2424,2017-10-01,2017-10-01,2017-10-03,2017-10-03,Express,Cash,80
OD2425,2015-03-17,2015-03-17,2015-03-17,2015-03-17,Same Day,Debit Card,100
OD2426,2016-10-15,2016-10-15,2016-10-20,2016-10-20,Standard,Credit Card,40
OD2427,2018-10-06,2018-10-07,2018-10-12,2018-10-12,Standard,Debit Card,40
OD2428,2015-03-17,2015-03-17,2015-03-17,2015-03-17,Same Day,Cash,120
OD2429,2018-12-11,2018-12-11,2018-12-11,2018-12-11,Same Day,UPI,120
OD2430,2016-08-23,2016-08-23,2016-08-23,2016-08-23,Same Day,Debit Card,150
OD2431,2018-04-10,2018-04-12,2018-04-17,2018-04-18,Standard,Credit Card,50
OD2432,2015-06-15,2015-06-15,2015-06-20,2015-06-20,Standard,Cash,50
OD2433,2017-05-26,2017-05-26,2017-05-28,2017-05-28,Express,Debit Card,80
OD2434,2018-03-20,2018-03-20,2018-03-20,2018-03-20,Same Day,Debit Card,120
OD2435,2018-10-06,2018-10-06,2018-10-11,2018-10-11,Standard,Credit Card,50
OD2436,2015-03-17,2015-03-17,2015-03-17,2015-03-17,Same Day,Cash,100
OD2437,2017-05-26,2017-05-28,2017-06-02,2017-06-02,Standard,Cash,50
OD2438,2015-07-05,2015-07-07,2015-07-12,2015-07-12,Standard,Cash,40
OD2439,2016-12-11,2016-12-13,2016-12-15,2016-12-15,Express,Cash,90
OD2440,2015-11-12,2015-11-13,2015-11-15,2015-11-15,Express,Debit Card,80
OD2441,2016-08-23,2016-08-23,2016-08-23,2016-08-23,Same Day,UPI,150
OD2442,2016-07-08,2016-07-08,2016-07-08,2016-07-08,Same Day,UPI,150
OD2443,2018-12-14,2018-12-16,2018-12-18,2018-12-18,Express,UPI,70
OD2445,2017-10-04,2017-10-04,2017-10-04,2017-10-04,Same Day,Credit Card,100
OD2446,2018-03-20,2018-03-20,2018-03-20,2018-03-20,Same Day,Credit Card,150
OD2447,2016-08-23,2016-08-25,2016-08-27,2016-08-30,Express,Debit Card,70
OD2448,2015-07-05,2015-07-07,2015-07-09,2015-07-08,Express,Cash,90
OD2449,2016-08-25,2016-08-27,2016-08-29,2016-08-29,Express,Debit Card,70
OD2450,2016-08-23,2016-08-23,2016-08-28,2016-08-28,Standard,Debit Card,40
OD2451,2016-07-02,2016-07-03,2016-07-08,2016-07-08,Standard,Cash,40
OD2452,2018-05-25,2018-05-25,2018-05-25,2018-05-25,Same Day,Cash,150
OD2453,2018-05-05,2018-05-05,2018-05-07,2018-05-07,Express,Cash,80
OD2454,2015-09-14,2015-09-14,2015-09-16,2015-09-16,Express,Debit Card,90
OD2455,2017-03-17,2017-03-18,2017-03-23,2017-03-23,Standard,Debit Card,50
OD2456,2018-09-10,2018-09-10,2018-09-10,2018-09-10,Same Day,Debit Card,120
OD2457,2016-09-07,2016-09-07,2016-09-07,2016-09-07,Same Day,Credit Card,150
OD2458,2017-03-17,2017-03-19,2017-03-24,2017-03-23,Standard,Cash,40
OD2459,2017-04-21,2017-04-22,2017-04-27,2017-04-30,Standard,Cash,30
OD2460,2018-09-14,2018-09-14,2018-09-14,2018-09-14,Same Day,UPI,120
OD2462,2016-03-05,2016-03-07,2016-03-12,2016-03-13,Standard,Debit Card,40
OD2463,2016-09-25,2016-09-25,2016-09-25,2016-09-25,Same Day,Credit Card,150
OD2464,2018-11-16,2018-11-16,2018-11-16,2018-11-16,Same Day,Debit Card,120
OD2465,2016-07-31,2016-07-31,2016-07-31,2016-07-31,Same Day,Credit Card,100
OD2467,2017-05-02,2017-05-02,2017-05-02,2017-05-02,Same Day,UPI,150
OD2468,2015-11-26,2015-11-27,2015-11-29,2015-11-29,Express,Cash,70
OD2469,2015-08-23,2015-08-25,2015-08-30,2015-08-30,Standard,UPI,30
OD2470,2015-08-23,2015-08-23,2015-08-23,2015-08-23,Same Day,Debit Card,100
OD2471,2016-03-05,2016-03-05,2016-03-05,2016-03-05,Same Day,Credit Card,150
OD2472,2017-03-17,2017-03-17,2017-03-19,2017-03-19,Express,Debit Card,80
OD2473,2015-09-03,2015-09-05,2015-09-07,2015-09-06,Express,Credit Card,90
OD2474,2018-12-10,2018-12-12,2018-12-14,2018-12-16,Express,Cash,70
OD2476,2017-04-21,2017-04-21,2017-04-23,2017-04-22,Express,UPI,90
OD2477,2015-11-26,2015-11-27,2015-11-29,2015-11-28,Express,Cash,70
OD2478,2015-09-14,2015-09-16,2015-09-18,2015-09-18,Express,Cash,90
OD2480,2015-07-20,2015-07-22,2015-07-27,2015-07-27,Standard,Cash,30
OD2481,2015-10-03,2015-10-04,2015-10-09,2015-10-09,Standard,Credit Card,30
OD2482,2016-09-24,2016-09-26,2016-09-28,2016-09-28,Express,Credit Card,70
OD2483,2017-05-08,2017-05-09,2017-05-11,2017-05-12,Express,Debit Card,90
OD2484,2017-05-08,2017-05-10,2017-05-12,2017-05-12,Express,Debit Card,70
OD2485,2016-07-26,2016-07-26,2016-07-26,2016-07-26,Same Day,Credit Card,100
OD2486,2017-05-08,2017-05-08,2017-05-08,2017-05-08,Same Day,Credit Card,120
OD2487,2016-09-24,2016-09-25,2016-09-30,2016-09-30,Standard,Credit Card,40
OD2490,2017-05-02,2017-05-02,2017-05-07,2017-05-08,Standard,UPI,30
OD2491,2015-11-26,2015-11-26,2015-11-26,2015-11-26,Same Day,UPI,120
OD2492,2016-11-09,2016-11-09,2016-11-09,2016-11-09,Same Day,Debit Card,150
OD2493,2017-05-08,2017-05-09,2017-05-14,2017-05-13,Standard,Cash,50
OD2494,2015-11-26,2015-11-28,2015-11-30,2015-11-30,Express,UPI,80
OD2495,2016-09-24,2016-09-24,2016-09-29,2016-09-29,Standard,Cash,40
OD2496,2018-05-25,2018-05-26,2018-05-31,2018-06-02,Standard,Credit Card,30
OD2497,2015-10-03,2015-10-03,2015-10-08,2015-10-08,Standard,Debit Card,30
OD2498,2018-06-10,2018-06-11,2018-06-16,2018-06-16,Standard,Debit Card,30
OD2499,2016-12-06,2016-12-07,2016-12-09,2016-12-08,Express,Cash,80
OD2500,2015-03-31,2015-03-31,2015-04-05,2015-04-06,Standard,Debit Card,50
OD2501,2015-10-10,2015-10-10,2015-10-15,2015-10-15,Standard,Cash,40
OD2502,2016-09-25,2016-09-25,2016-09-30,2016-10-01,Standard,Debit Card,50
OD2503,2018-03-16,2018-03-16,2018-03-16,2018-03-16,Same Day,Credit Card,100
OD2504,2015-07-20,2015-07-21,2015-07-23,2015-07-23,Express,Credit Card,80
OD2505,2016-09-24,2016-09-24,2016-09-29,2016-09-29,Standard,Cash,50
OD2506,2017-08-13,2017-08-13,2017-08-13,2017-08-13,Same Day,Credit Card,120
OD2507,2017-07-01,2017-07-03,2017-07-05,2017-07-04,Express,Debit Card,90
OD2508,2017-07-01,2017-07-01,2017-07-03,2017-07-02,Express,UPI,80
OD2509,2017-07-01,2017-07-01,2017-07-01,2017-07-01,Same Day,Cash,100
OD2510,2015-10-24,2015-10-25,2015-10-27,2015-10-27,Express,Cash,70
OD2512,2017-02-07,2017-02-07,2017-02-09,2017-02-09,Express,Cash,80
OD2513,2018-05-19,2018-05-21,2018-05-23,2018-05-22,Express,Debit Card,80
OD2514,2015-03-04,2015-03-04,2015-03-04,2015-03-04,Same Day,UPI,150
OD2515,2018-10-20,2018-10-20,2018-10-20,2018-10-20,Same Day,Debit Card,100
OD2516,2018-10-20,2018-10-20,2018-10-25,2018-10-26,Standard,Cash,40
OD2517,2016-10-23,2016-10-23,2016-10-23,2016-10-23,Same Day,Debit Card,100
OD2519,2017-07-08,2017-07-08,2017-07-08,2017-07-08,Same Day,Debit Card,120
OD2520,2018-10-20,2018-10-20,2018-10-20,2018-10-20,Same Day,UPI,100
OD2521,2016-05-31,2016-05-31,2016-05-31,2016-05-31,Same Day,Credit Card,150
OD2522,2017-12-11,2017-12-13,2017-12-15,2017-12-15,Express,UPI,70
OD2523,2018-06-02,2018-06-02,2018-06-04,2018-06-06,Express,Debit Card,70
OD2524,2018-08-16,2018-08-16,2018-08-16,2018-08-16,Same Day,Debit Card,150
OD2525,2015-07-28,2015-07-28,2015-07-28,2015-07-28,Same Day,Credit Card,120
OD2526,2018-05-06,2018-05-07,2018-05-12,2018-05-12,Standard,UPI,50
OD2527,2015-07-28,2015-07-29,2015-08-03,2015-08-04,Standard,UPI,40
OD2528,2015-06-30,2015-06-30,2015-06-30,2015-06-30,Same Day,Cash,120
OD2529,2016-03-22,2016-03-24,2016-03-26,2016-03-25,Express,UPI,70
OD2530,2018-08-16,2018-08-18,2018-08-20,2018-08-21,Express,Debit Card,70
OD2531,2017-10-28,2017-10-28,2017-10-30,2017-10-30,Express,Debit Card,70
OD2532,2015-03-31,2015-03-31,2015-03-31,2015-03-31,Same Day,Debit Card,100
OD2533,2018-05-06,2018-05-08,2018-05-13,2018-05-13,Standard,Debit Card,30
OD2534,2018-07-21,2018-07-23,2018-07-25,2018-07-27,Express,Credit Card,70
OD2535,2017-12-11,2017-12-13,2017-12-15,2017-12-18,Express,Cash,90
OD2536,2016-10-31,2016-11-01,2016-11-03,2016-11-03,Express,Cash,90
OD2537,2018-11-24,2018-11-24,2018-11-24,2018-11-24,Same Day,Debit Card,100
OD2538,2015-09-13,2015-09-13,2015-09-13,2015-09-13,Same Day,Debit Card,120
OD2539,2017-10-22,2017-10-22,2017-10-22,2017-10-22,Same Day,UPI,120
OD2540,2017-12-11,2017-12-11,2017-12-11,2017-12-11,Same Day,Cash,150
OD2541,2015-09-13,2015-09-13,2015-09-13,2015-09-13,Same Day,Credit Card,100
OD2544,2016-06-04,2016-06-06,2016-06-08,2016-06-08,Express,Credit Card,90
OD2546,2017-10-08,2017-10-08,2017-10-13,2017-10-12,Standard,Cash,40
OD2547,2018-09-17,2018-09-19,2018-09-24,2018-09-24,Standard,Debit Card,50
OD2548,2016-10-17,2016-10-17,2016-10-17,2016-10-17,Same Day,UPI,150
OD2549,2016-10-31,2016-10-31,2016-10-31,2016-10-31,Same Day,Credit Card,150
OD2550,2018-01-30,2018-02-01,2018-02-03,2018-02-02,Express,Credit Card,90
OD2551,2015-09-13,2015-09-13,2015-09-13,2015-09-13,Same Day,Cash,150
OD2552,2016-10-31,2016-11-01,2016-11-06,2016-11-06,Standard,UPI,30
OD2553,2018-08-13,2018-08-13,2018-08-13,2018-08-13,Same Day,UPI,100
OD2554,2017-10-22,2017-10-22,2017-10-24,2017-10-24,Express,UPI,80
OD2555,2017-09-26,2017-09-27,2017-09-29,2017-09-29,Express,Debit Card,70
OD2556,2018-05-11,2018-05-11,2018-05-11,2018-05-11,Same Day,UPI,120
OD2557,2018-06-11,2018-06-11,2018-06-13,2018-06-16,Express,Cash,90
OD2558,2015-10-19,2015-10-19,2015-10-19,2015-10-19,Same Day,UPI,120
OD2560,2018-09-11,2018-09-11,2018-09-11,2018-09-11,Same Day,UPI,120
OD2561,2017-12-11,2017-12-11,2017-12-11,2017-12-11,Same Day,Debit Card,150
OD2562,2017-09-26,2017-09-26,2017-09-26,2017-09-26,Same Day,UPI,150
OD2563,2018-08-13,2018-08-15,2018-08-17,2018-08-18,Express,Debit Card,80
OD2564,2018-12-13,2018-12-13,2018-12-13,2018-12-13,Same Day,Debit Card,120
OD2565,2016-10-31,2016-10-31,2016-10-31,2016-10-31,Same Day,Cash,150
OD2566,2017-11-04,2017-11-04,2017-11-04,2017-11-04,Same Day,Credit Card,150
OD2567,2016-11-05,2016-11-05,2016-11-05,2016-11-05,Same Day,Cash,120
OD2568,2018-08-13,2018-08-13,2018-08-13,2018-08-13,Same Day,Debit Card,150
OD2569,2018-09-11,2018-09-11,2018-09-11,2018-09-11,Same Day,Debit Card,120
OD2570,2017-09-26,2017-09-28,2017-10-03,2017-10-03,Standard,Cash,50
OD2571,2016-10-31,2016-11-01,2016-11-03,2016-11-03,Express,Credit Card,90
OD2572,2015-09-13,2015-09-15,2015-09-17,2015-09-16,Express,Cash,70
OD2573,2017-09-26,2017-09-28,2017-09-30,2017-09-30,Express,Credit Card,80
OD2574,2018-05-11,2018-05-12,2018-05-14,2018-05-14,Express,UPI,80
OD2575,2018-08-13,2018-08-13,2018-08-13,2018-08-13,Same Day,UPI,100
OD2576,2016-04-05,2016-04-06,2016-04-11,2016-04-12,Standard,Credit Card,30
OD2577,2018-09-11,2018-09-11,2018-09-11,2018-09-11,Same Day,Debit Card,150
OD2578,2017-12-11,2017-12-13,2017-12-18,2017-12-18,Standard,Credit Card,40
OD2579,2016-08-08,2016-08-08,2016-08-13,2016-08-13,Standard,Cash,40
OD2580,2016-08-08,2016-08-08,2016-08-10,2016-08-10,Express,Credit Card,70
OD2581,2018-05-11,2018-05-11,2018-05-11,2018-05-11,Same Day,Credit Card,150
OD2582,2017-12-11,2017-12-11,2017-12-13,2017-12-15,Express,Credit Card,80
OD2583,2016-10-31,2016-11-02,2016-11-07,2016-11-07,Standard,Debit Card,50
OD2584,2015-10-16,2015-10-17,2015-10-22,2015-10-22,Standard,Credit Card,30
OD2585,2016-11-05,2016-11-07,2016-11-12,2016-11-11,Standard,UPI,40
OD2586,2017-04-14,2017-04-14,2017-04-16,2017-04-19,Express,UPI,90
OD2587,2017-12-11,2017-12-12,2017-12-14,2017-12-16,Express,Credit Card,70
OD2588,2017-11-18,2017-11-18,2017-11-18,2017-11-18,Same Day,Credit Card,120
OD2589,2018-09-11,2018-09-11,2018-09-11,2018-09-11,Same Day,Credit Card,120
OD2590,2017-12-11,2017-12-11,2017-12-16,2017-12-16,Standard,Cash,50
OD2591,2015-06-21,2015-06-21,2015-06-21,2015-06-21,Same Day,Cash,100
OD2592,2017-03-08,2017-03-10,2017-03-12,2017-03-12,Express,Cash,70
OD2593,2015-06-22,2015-06-22,2015-06-22,2015-06-22,Same Day,Credit Card,150
OD2594,2016-07-10,2016-07-11,2016-07-16,2016-07-17,Standard,Cash,40
OD2595,2018-12-02,2018-12-03,2018-12-08,2018-12-08,Standard,Credit Card,40
OD2596,2015-06-21,2015-06-21,2015-06-23,2015-06-23,Express,Credit Card,70
OD2597,2016-07-20,2016-07-20,2016-07-25,2016-07-26,Standard,Credit Card,50
OD2598,2018-01-29,2018-01-30,2018-02-04,2018-02-04,Standard,Cash,30
OD2599,2018-09-10,2018-09-11,2018-09-13,2018-09-15,Express,Cash,70
OD2600,2018-07-23,2018-07-23,2018-07-23,2018-07-23,Same Day,Credit Card,100
OD2601,2015-04-05,2015-04-05,2015-04-05,2015-04-05,Same Day,Cash,120
OD2602,2016-10-12,2016-10-12,2016-10-17,2016-10-18,Standard,Debit Card,40
OD2603,2015-02-11,2015-02-13,2015-02-15,2015-02-15,Express,Cash,90
OD2604,2016-09-03,2016-09-03,2016-09-03,2016-09-03,Same Day,UPI,150
OD2605,2016-07-20,2016-07-22,2016-07-27,2016-07-28,Standard,Debit Card,40
OD2606,2018-01-29,2018-01-30,2018-02-04,2018-02-04,Standard,Debit Card,50
OD2607,2018-09-18,2018-09-18,2018-09-18,2018-09-18,Same Day,Credit Card,120
OD2608,2015-09-07,2015-09-07,2015-09-12,2015-09-14,Standard,UPI,40
OD2609,2016-09-15,2016-09-16,2016-09-21,2016-09-23,Standard,UPI,40
OD2610,2015-02-11,2015-02-11,2015-02-11,2015-02-11,Same Day,UPI,120
OD2611,2018-09-10,2018-09-10,2018-09-12,2018-09-11,Express,Credit Card,90
OD2612,2015-04-05,2015-04-07,2015-04-09,2015-04-11,Express,Credit Card,90
OD2613,2018-05-20,2018-05-20,2018-05-20,2018-05-20,Same Day,Credit Card,150
OD2614,2015-02-11,2015-02-11,2015-02-11,2015-02-11,Same Day,UPI,120
OD2615,2018-09-10,2018-09-12,2018-09-14,2018-09-15,Express,Credit Card,70
OD2616,2018-09-10,2018-09-10,2018-09-10,2018-09-10,Same Day,Debit Card,120
OD2617,2015-09-07,2015-09-07,2015-09-07,2015-09-07,Same Day,Cash,100
OD2618,2017-02-27,2017-02-27,2017-02-27,2017-02-27,Same Day,UPI,120
OD2619,2017-08-03,2017-08-03,2017-08-08,2017-08-10,Standard,Cash,30
OD2620,2018-05-20,2018-05-20,2018-05-25,2018-05-26,Standard,Credit Card,50
OD2621,2015-02-11,2015-02-13,2015-02-18,2015-02-18,Standard,Debit Card,30
OD2622,2018-12-09,2018-12-09,2018-12-14,2018-12-14,Standard,Cash,40
OD2623,2018-09-10,2018-09-10,2018-09-12,2018-09-12,Express,Credit Card,80
OD2624,2018-11-11,2018-11-11,2018-11-13,2018-11-13,Express,UPI,90
OD2625,2018-05-20,2018-05-20,2018-05-20,2018-05-20,Same Day,Debit Card,150
OD2626,2016-08-13,2016-08-14,2016-08-19,2016-08-19,Standard,UPI,40
OD2627,2018-12-09,2018-12-09,2018-12-09,2018-12-09,Same Day,UPI,100
OD2628,2018-01-16,2018-01-18,2018-01-20,2018-01-23,Express,Debit Card,80
OD2629,2018-05-20,2018-05-22,2018-05-24,2018-05-25,Express,Credit Card,90
OD2630,2016-11-21,2016-11-21,2016-11-23,2016-11-24,Express,Debit Card,80
OD2631,2018-12-09,2018-12-09,2018-12-09,2018-12-09,Same Day,Debit Card,120
OD2632,2015-04-05,2015-04-05,2015-04-07,2015-04-09,Express,Cash,90
OD2634,2016-07-20,2016-07-20,2016-07-25,2016-07-26,Standard,Cash,50
OD2635,2018-01-29,2018-01-29,2018-02-03,2018-02-04,Standard,Debit Card,30
OD2636,2018-09-10,2018-09-10,2018-09-10,2018-09-10,Same Day,Debit Card,150
OD2637,2017-12-20,2017-12-22,2017-12-27,2017-12-27,Standard,Cash,30
OD2638,2018-03-29,2018-03-31,2018-04-02,2018-04-01,Express,Cash,90
OD2639,2016-07-20,2016-07-21,2016-07-26,2016-07-26,Standard,Debit Card,30
OD2640,2016-11-21,2016-11-21,2016-11-21,2016-11-21,Same Day,UPI,120
OD2641,2015-04-05,2015-04-07,2015-04-12,2015-04-12,Standard,UPI,40
OD2642,2018-04-01,2018-04-01,2018-04-01,2018-04-01,Same Day,Cash,150
OD2643,2016-07-20,2016-07-20,2016-07-22,2016-07-23,Express,Credit Card,80
OD2644,2018-01-16,2018-01-17,2018-01-19,2018-01-19,Express,Credit Card,90
OD2645,2016-09-15,2016-09-15,2016-09-15,2016-09-15,Same Day,Credit Card,120
OD2646,2018-04-09,2018-04-10,2018-04-15,2018-04-15,Standard,Cash,40
OD2647,2018-05-20,2018-05-22,2018-05-27,2018-05-26,Standard,UPI,40
OD2648,2016-09-13,2016-09-13,2016-09-13,2016-09-13,Same Day,Debit Card,150
OD2649,2015-05-18,2015-05-19,2015-05-24,2015-05-23,Standard,Debit Card,50
OD2650,2015-05-21,2015-05-21,2015-05-23,2015-05-23,Express,Debit Card,70
OD2651,2015-07-22,2015-07-24,2015-07-26,2015-07-26,Express,UPI,90
OD2652,2018-09-28,2018-09-28,2018-09-28,2018-09-28,Same Day,Debit Card,150
OD2653,2018-11-19,2018-11-19,2018-11-19,2018-11-19,Same Day,Debit Card,100
OD2654,2015-12-13,2015-12-13,2015-12-15,2015-12-15,Express,Debit Card,90
OD2655,2018-01-02,2018-01-02,2018-01-04,2018-01-07,Express,UPI,80
OD2656,2018-01-19,2018-01-19,2018-01-19,2018-01-19,Same Day,Cash,150
OD2657,2015-06-17,2015-06-17,2015-06-19,2015-06-19,Express,Debit Card,70
OD2658,2018-03-25,2018-03-26,2018-03-31,2018-03-31,Standard,Debit Card,50
OD2659,2016-03-05,2016-03-05,2016-03-05,2016-03-05,Same Day,Debit Card,120
OD2660,2016-07-12,2016-07-12,2016-07-12,2016-07-12,Same Day,Credit Card,120
OD2661,2016-01-03,2016-01-03,2016-01-05,2016-01-05,Express,UPI,90
OD2662,2017-11-24,2017-11-24,2017-11-24,2017-11-24,Same Day,UPI,100
OD2663,2018-10-23,2018-10-24,2018-10-29,2018-10-29,Standard,Cash,50
OD2664,2017-11-24,2017-11-25,2017-11-27,2017-11-29,Express,UPI,90
OD2665,2015-09-09,2015-09-09,2015-09-09,2015-09-09,Same Day,Cash,100
OD2666,2017-08-08,2017-08-10,2017-08-12,2017-08-13,Express,UPI,70
OD2667,2017-11-24,2017-11-26,2017-12-01,2017-12-01,Standard,Cash,30
OD2668,2017-01-31,2017-02-01,2017-02-06,2017-02-06,Standard,UPI,50
OD2669,2018-10-28,2018-10-30,2018-11-01,2018-10-31,Express,UPI,90
OD2670,2015-02-14,2015-02-14,2015-02-16,2015-02-16,Express,Debit Card,70
OD2671,2015-07-26,2015-07-26,2015-07-31,2015-08-01,Standard,Cash,30
OD2672,2018-01-02,2018-01-03,2018-01-05,2018-01-06,Express,Cash,90
OD2673,2018-11-19,2018-11-19,2018-11-24,2018-11-23,Standard,Cash,40
OD2674,2018-09-11,2018-09-11,2018-09-11,2018-09-11,Same Day,UPI,150
OD2675,2017-08-08,2017-08-08,2017-08-08,2017-08-08,Same Day,UPI,150
OD2676,2017-10-20,2017-10-20,2017-10-20,2017-10-20,Same Day,UPI,120
OD2677,2018-11-19,2018-11-19,2018-11-19,2018-11-19,Same Day,Debit Card,150
OD2678,2018-02-05,2018-02-05,2018-02-05,2018-02-05,Same Day,Credit Card,150
OD2679,2015-04-02,2015-04-02,2015-04-02,2015-04-02,Same Day,Credit Card,100
OD2680,2017-07-14,2017-07-16,2017-07-21,2017-07-21,Standard,Cash,30
OD2681,2017-11-24,2017-11-24,2017-11-29,2017-11-29,Standard,Credit Card,30
OD2682,2015-04-20,2015-04-22,2015-04-24,2015-04-23,Express,Credit Card,70
OD2683,2016-11-17,2016-11-17,2016-11-19,2016-11-19,Express,Debit Card,70
OD2684,2015-05-21,2015-05-21,2015-05-21,2015-05-21,Same Day,Cash,100
OD2685,2018-09-11,2018-09-13,2018-09-18,2018-09-18,Standard,Credit Card,50
OD2686,2018-10-09,2018-10-09,2018-10-14,2018-10-14,Standard,UPI,40
OD2687,2017-10-20,2017-10-20,2017-10-20,2017-10-20,Same Day,Debit Card,100
OD2688,2015-04-02,2015-04-02,2015-04-02,2015-04-02,Same Day,Debit Card,100
OD2689,2018-12-23,2018-12-23,2018-12-23,2018-12-23,Same Day,UPI,120
OD2690,2015-07-12,2015-07-12,2015-07-17,2015-07-17,Standard,UPI,30
OD2691,2016-10-19,2016-10-19,2016-10-19,2016-10-19,Same Day,Cash,100
OD2692,2018-01-02,2018-01-02,2018-01-04,2018-01-04,Express,Debit Card,70
OD2693,2016-07-12,2016-07-12,2016-07-17,2016-07-16,Standard,UPI,40
OD2694,2016-03-05,2016-03-07,2016-03-09,2016-03-08,Express,Cash,90
OD2695,2015-02-06,2015-02-06,2015-02-06,2015-02-06,Same Day,Cash,100
OD2696,2015-05-21,2015-05-22,2015-05-27,2015-05-27,Standard,Debit Card,30
OD2697,2018-10-23,2018-10-23,2018-10-28,2018-10-28,Standard,Cash,40
OD2698,2017-12-01,2017-12-03,2017-12-08,2017-12-08,Standard,UPI,30
OD2699,2018-02-05,2018-02-07,2018-02-12,2018-02-13,Standard,Debit Card,30
OD2700,2016-03-05,2016-03-07,2016-03-09,2016-03-09,Express,UPI,80
OD2701,2018-12-02,2018-12-04,2018-12-09,2018-12-08,Standard,Debit Card,40
OD2702,2015-10-17,2015-10-17,2015-10-17,2015-10-17,Same Day,Credit Card,150
OD2703,2015-09-12,2015-09-12,2015-09-17,2015-09-18,Standard,Credit Card,30
OD2704,2018-11-14,2018-11-14,2018-11-19,2018-11-19,Standard,UPI,50
OD2705,2016-05-24,2016-05-24,2016-05-24,2016-05-24,Same Day,Debit Card,120
OD2706,2018-12-23,2018-12-25,2018-12-30,2018-12-30,Standard,Debit Card,30
OD2707,2018-03-31,2018-03-31,2018-03-31,2018-03-31,Same Day,Credit Card,120
OD2708,2016-10-02,2016-10-02,2016-10-07,2016-10-08,Standard,Debit Card,50
OD2709,2018-03-17,2018-03-18,2018-03-20,2018-03-21,Express,Cash,90
OD2710,2018-11-01,2018-11-01,2018-11-01,2018-11-01,Same Day,Cash,100
OD2711,2018-03-06,2018-03-06,2018-03-06,2018-03-06,Same Day,Credit Card,100
OD2712,2018-09-02,2018-09-02,2018-09-02,2018-09-02,Same Day,UPI,100
OD2713,2016-08-08,2016-08-08,2016-08-13,2016-08-16,Standard,Cash,30
OD2714,2017-06-28,2017-06-28,2017-06-30,2017-06-30,Express,Credit Card,90
OD2715,2018-09-15,2018-09-17,2018-09-19,2018-09-19,Express,Credit Card,70
OD2716,2016-08-08,2016-08-08,2016-08-13,2016-08-13,Standard,Cash,50
OD2717,2016-10-31,2016-10-31,2016-11-05,2016-11-04,Standard,UPI,30
OD2718,2018-07-15,2018-07-15,2018-07-17,2018-07-17,Express,Debit Card,80
OD2719,2017-09-03,2017-09-05,2017-09-10,2017-09-10,Standard,Cash,30
OD2720,2017-06-28,2017-06-28,2017-06-28,2017-06-28,Same Day,Cash,120
OD2721,2015-10-31,2015-10-31,2015-10-31,2015-10-31,Same Day,Cash,120
OD2722,2016-11-23,2016-11-25,2016-11-27,2016-11-26,Express,Debit Card,70
OD2723,2016-10-31,2016-11-01,2016-11-06,2016-11-06,Standard,Cash,40
OD2725,2017-06-28,2017-06-29,2017-07-01,2017-07-04,Express,Debit Card,90
OD2726,2016-12-05,2016-12-05,2016-12-05,2016-12-05,Same Day,Cash,100
OD2727,2015-09-29,2015-09-29,2015-09-29,2015-09-29,Same Day,Credit Card,100
OD2728,2018-11-05,2018-11-05,2018-11-10,2018-11-09,Standard,Credit Card,40
OD2729,2018-11-05,2018-11-07,2018-11-09,2018-11-11,Express,UPI,80
OD2730,2018-07-15,2018-07-16,2018-07-18,2018-07-18,Express,Credit Card,80
OD2731,2016-07-13,2016-07-13,2016-07-13,2016-07-13,Same Day,Credit Card,120
OD2732,2015-03-05,2015-03-06,2015-03-08,2015-03-09,Express,Debit Card,80
OD2733,2015-10-31,2015-10-31,2015-11-02,2015-11-01,Express,Credit Card,80
OD2734,2018-10-03,2018-10-03,2018-10-05,2018-10-04,Express,Cash,70
OD2735,2018-05-12,2018-05-12,2018-05-12,2018-05-12,Same Day,Cash,100
OD2736,2015-03-05,2015-03-05,2015-03-10,2015-03-11,Standard,UPI,50
OD2738,2016-11-23,2016-11-23,2016-11-28,2016-11-28,Standard,Credit Card,30
OD2739,2017-10-28,2017-10-28,2017-10-30,2017-10-30,Express,Cash,90
OD2741,2018-05-11,2018-05-13,2018-05-18,2018-05-17,Standard,Credit Card,40
OD2742,2015-03-05,2015-03-05,2015-03-10,2015-03-10,Standard,Cash,40
OD2743,2016-03-28,2016-03-28,2016-03-28,2016-03-28,Same Day,Cash,120
OD2744,2017-03-12,2017-03-12,2017-03-17,2017-03-17,Standard,UPI,40
OD2745,2016-12-04,2016-12-04,2016-12-09,2016-12-08,Standard,Debit Card,40
OD2747,2018-12-05,2018-12-05,2018-12-10,2018-12-11,Standard,Credit Card,40
OD2748,2018-07-15,2018-07-15,2018-07-15,2018-07-15,Same Day,Credit Card,120
OD2749,2016-04-18,2016-04-18,2016-04-20,2016-04-21,Express,Debit Card,70
OD2750,2018-09-02,2018-09-02,2018-09-02,2018-09-02,Same Day,Debit Card,100
OD2751,2018-09-30,2018-10-02,2018-10-07,2018-10-07,Standard,Credit Card,50
OD2752,2016-10-02,2016-10-02,2016-10-02,2016-10-02,Same Day,Credit Card,120
OD2753,2017-08-27,2017-08-29,2017-08-31,2017-08-31,Express,Credit Card,80
OD2754,2018-12-08,2018-12-08,2018-12-13,2018-12-12,Standard,Cash,40
OD2755,2018-03-17,2018-03-19,2018-03-24,2018-03-25,Standard,Debit Card,50
OD2756,2016-05-12,2016-05-12,2016-05-14,2016-05-15,Express,UPI,80
OD2758,2017-12-05,2017-12-06,2017-12-08,2017-12-08,Express,Debit Card,70
OD2759,2018-12-08,2018-12-10,2018-12-12,2018-12-11,Express,Debit Card,70
OD2760,2017-06-28,2017-06-28,2017-06-28,2017-06-28,Same Day,UPI,100
OD2761,2016-11-23,2016-11-23,2016-11-28,2016-12-01,Standard,UPI,40
OD2762,2017-08-27,2017-08-27,2017-08-29,2017-08-29,Express,Credit Card,90
OD2763,2018-09-02,2018-09-02,2018-09-02,2018-09-02,Same Day,Cash,100
OD2764,2015-10-08,2015-10-08,2015-10-13,2015-10-13,Standard,UPI,50
OD2765,2016-10-09,2016-10-09,2016-10-11,2016-10-13,Express,Cash,70
OD2766,2018-04-12,2018-04-12,2018-04-12,2018-04-12,Same Day,Credit Card,150
OD2767,2018-12-08,2018-12-10,2018-12-15,2018-12-16,Standard,Cash,50
OD2768,2015-10-31,2015-10-31,2015-10-31,2015-10-31,Same Day,Credit Card,150
OD2769,2017-08-27,2017-08-28,2017-09-02,2017-09-02,Standard,Cash,40
OD2772,2016-11-09,2016-11-09,2016-11-14,2016-11-14,Standard,Cash,50
OD2773,2016-09-28,2016-09-30,2016-10-02,2016-10-03,Express,UPI,80
OD2774,2018-03-17,2018-03-17,2018-03-17,2018-03-17,Same Day,UPI,150
OD2775,2017-12-01,2017-12-03,2017-12-08,2017-12-07,Standard,UPI,50
OD2776,2018-11-17,2018-11-19,2018-11-21,2018-11-20,Express,UPI,80
OD2777,2016-11-09,2016-11-09,2016-11-09,2016-11-09,Same Day,Credit Card,100
OD2778,2018-09-04,2018-09-05,2018-09-07,2018-09-10,Express,Debit Card,70
OD2780,2016-11-23,2016-11-24,2016-11-26,2016-11-29,Express,UPI,80
OD2781,2016-12-26,2016-12-26,2016-12-26,2016-12-26,Same Day,Credit Card,100
OD2782,2018-12-05,2018-12-05,2018-12-10,2018-12-11,Standard,UPI,30
OD2783,2017-08-12,2017-08-14,2017-08-19,2017-08-19,Standard,Credit Card,50
OD2784,2016-02-20,2016-02-20,2016-02-20,2016-02-20,Same Day,Cash,150
OD2786,2016-08-08,2016-08-08,2016-08-10,2016-08-09,Express,Credit Card,70
OD2787,2017-06-23,2017-06-25,2017-06-27,2017-06-26,Express,Debit Card,80
OD2788,2016-11-23,2016-11-25,2016-11-30,2016-11-30,Standard,Debit Card,30
OD2789,2017-09-03,2017-09-04,2017-09-09,2017-09-08,Standard,Debit Card,50
OD2790,2018-03-31,2018-03-31,2018-03-31,2018-03-31,Same Day,Cash,150
OD2791,2018-03-17,2018-03-17,2018-03-17,2018-03-17,Same Day,Credit Card,100
OD2792,2018-07-29,2018-07-29,2018-07-29,2018-07-29,Same Day,Cash,100
OD2793,2017-07-14,2017-07-16,2017-07-18,2017-07-19,Express,UPI,70
OD2794,2017-08-27,2017-08-27,2017-09-01,2017-09-04,Standard,Cash,50
OD2795,2015-09-29,2015-09-29,2015-09-29,2015-09-29,Same Day,Credit Card,150
OD2796,2015-11-14,2015-11-14,2015-11-14,2015-11-14,Same Day,Cash,100
OD2797,2018-11-01,2018-11-01,2018-11-01,2018-11-01,Same Day,UPI,120
OD2798,2015-03-11,2015-03-13,2015-03-15,2015-03-14,Express,Cash,80
OD2799,2018-11-05,2018-11-07,2018-11-09,2018-11-09,Express,Debit Card,90
OD2800,2017-03-24,2017-03-26,2017-03-28,2017-03-28,Express,Cash,90
OD2801,2015-11-28,2015-11-28,2015-12-03,2015-12-04,Standard,Credit Card,50
OD2802,2017-06-13,2017-06-14,2017-06-19,2017-06-19,Standard,UPI,50
OD2803,2016-07-18,2016-07-18,2016-07-23,2016-07-24,Standard,UPI,50
OD2804,2017-12-25,2017-12-26,2017-12-31,2017-12-31,Standard,Cash,50
OD2805,2016-07-13,2016-07-13,2016-07-13,2016-07-13,Same Day,Cash,100
OD2806,2018-08-24,2018-08-24,2018-08-24,2018-08-24,Same Day,UPI,150
OD2807,2015-12-27,2015-12-27,2015-12-27,2015-12-27,Same Day,Credit Card,100
OD2808,2018-11-12,2018-11-12,2018-11-12,2018-11-12,Same Day,UPI,150
OD2809,2015-08-19,2015-08-19,2015-08-19,2015-08-19,Same Day,Debit Card,120
OD2810,2018-08-18,2018-08-18,2018-08-18,2018-08-18,Same Day,UPI,150
OD2811,2018-01-27,2018-01-27,2018-01-27,2018-01-27,Same Day,UPI,150
OD2812,2018-07-07,2018-07-07,2018-07-07,2018-07-07,Same Day,Cash,120
OD2813,2018-03-17,2018-03-19,2018-03-24,2018-03-24,Standard,Cash,40
OD2814,2015-09-23,2015-09-25,2015-09-30,2015-09-30,Standard,Credit Card,40
OD2815,2016-07-23,2016-07-24,2016-07-29,2016-07-31,Standard,Debit Card,30
OD2816,2018-03-21,2018-03-22,2018-03-24,2018-03-24,Express,Debit Card,80
OD2817,2016-08-24,2016-08-24,2016-08-24,2016-08-24,Same Day,UPI,120
OD2818,2018-12-04,2018-12-05,2018-12-10,2018-12-10,Standard,UPI,30
OD2819,2015-09-09,2015-09-11,2015-09-13,2015-09-12,Express,UPI,90
OD2820,2016-08-24,2016-08-24,2016-08-24,2016-08-24,Same Day,Credit Card,150
OD2821,2017-11-10,2017-11-11,2017-11-13,2017-11-13,Express,Credit Card,90
OD2822,2018-07-25,2018-07-25,2018-07-27,2018-07-27,Express,Credit Card,70
OD2823,2018-09-04,2018-09-05,2018-09-10,2018-09-09,Standard,Credit Card,30
OD2824,2018-09-04,2018-09-04,2018-09-06,2018-09-06,Express,Credit Card,90
OD2825,2015-05-18,2015-05-20,2015-05-25,2015-05-25,Standard,Debit Card,30
OD2826,2017-05-15,2017-05-15,2017-05-15,2017-05-15,Same Day,Debit Card,120
OD2827,2018-01-19,2018-01-19,2018-01-19,2018-01-19,Same Day,UPI,150
OD2828,2018-07-25,2018-07-25,2018-07-25,2018-07-25,Same Day,Debit Card,150
OD2829,2015-10-05,2015-10-06,2015-10-11,2015-10-10,Standard,Credit Card,40
OD2830,2015-12-29,2015-12-29,2015-12-31,2016-01-03,Express,UPI,90
OD2831,2018-06-16,2018-06-16,2018-06-16,2018-06-16,Same Day,Cash,120
OD2832,2015-05-10,2015-05-12,2015-05-17,2015-05-18,Standard,Cash,40
OD2833,2016-12-05,2016-12-05,2016-12-10,2016-12-13,Standard,Cash,50
OD2834,2017-02-25,2017-02-25,2017-02-25,2017-02-25,Same Day,Debit Card,120
OD2835,2017-09-17,2017-09-17,2017-09-17,2017-09-17,Same Day,Debit Card,100
OD2836,2018-07-25,2018-07-25,2018-07-25,2018-07-25,Same Day,UPI,100
OD2837,2017-11-10,2017-11-10,2017-11-15,2017-11-15,Standard,UPI,30
OD2838,2018-09-25,2018-09-25,2018-09-27,2018-09-30,Express,Cash,80
OD2839,2018-11-27,2018-11-29,2018-12-01,2018-12-01,Express,UPI,80
OD2840,2018-11-05,2018-11-05,2018-11-05,2018-11-05,Same Day,Cash,100
OD2841,2015-03-05,2015-03-06,2015-03-08,2015-03-09,Express,UPI,70
OD2842,2015-03-11,2015-03-11,2015-03-13,2015-03-13,Express,UPI,80
OD2843,2016-03-26,2016-03-26,2016-03-26,2016-03-26,Same Day,Cash,100
OD2844,2018-09-16,2018-09-16,2018-09-16,2018-09-16,Same Day,Credit Card,120
OD2845,2015-12-01,2015-12-03,2015-12-08,2015-12-08,Standard,Cash,40
OD2846,2018-09-22,2018-09-22,2018-09-22,2018-09-22,Same Day,UPI,150
OD2847,2018-08-24,2018-08-26,2018-08-31,2018-08-30,Standard,Credit Card,50
OD2848,2018-09-22,2018-09-22,2018-09-22,2018-09-22,Same Day,Cash,150
OD2849,2018-09-04,2018-09-04,2018-09-04,2018-09-04,Same Day,Cash,120
OD2850,2015-09-13,2015-09-15,2015-09-17,2015-09-16,Express,Credit Card,70
OD2851,2017-12-15,2017-12-16,2017-12-18,2017-12-18,Express,Cash,70
OD2852,2015-08-19,2015-08-21,2015-08-23,2015-08-23,Express,UPI,90
OD2853,2018-09-04,2018-09-05,2018-09-07,2018-09-07,Express,Debit Card,90
OD2854,2018-06-21,2018-06-21,2018-06-21,2018-06-21,Same Day,UPI,150
OD2855,2016-12-05,2016-12-05,2016-12-05,2016-12-05,Same Day,UPI,120
OD2856,2016-09-26,2016-09-26,2016-09-26,2016-09-26,Same Day,UPI,150
OD2857,2015-11-18,2015-11-20,2015-11-22,2015-11-24,Express,Cash,80
OD2858,2017-11-26,2017-11-28,2017-11-30,2017-11-30,Express,Credit Card,90
OD2859,2017-11-03,2017-11-03,2017-11-08,2017-11-07,Standard,Debit Card,50
OD2861,2018-12-29,2018-12-29,2018-12-29,2018-12-29,Same Day,Debit Card,100
OD2862,2017-11-14,2017-11-14,2017-11-14,2017-11-14,Same Day,UPI,120
OD2863,2018-12-09,2018-12-11,2018-12-16,2018-12-18,Standard,Cash,40
OD2864,2015-12-19,2015-12-19,2015-12-24,2015-12-24,Standard,UPI,50
OD2865,2017-05-01,2017-05-01,2017-05-01,2017-05-01,Same Day,Cash,100
OD2866,2015-05-05,2015-05-05,2015-05-05,2015-05-05,Same Day,UPI,100
OD2867,2016-03-29,2016-03-30,2016-04-01,2016-04-01,Express,Debit Card,70
OD2868,2017-11-14,2017-11-14,2017-11-14,2017-11-14,Same Day,Credit Card,120
OD2869,2018-12-09,2018-12-11,2018-12-13,2018-12-12,Express,UPI,70
OD2870,2018-03-27,2018-03-27,2018-04-01,2018-04-01,Standard,Credit Card,30
OD2871,2016-03-16,2016-03-18,2016-03-20,2016-03-23,Express,Credit Card,70
OD2872,2018-12-09,2018-12-10,2018-12-15,2018-12-17,Standard,UPI,50
OD2873,2018-03-27,2018-03-29,2018-03-31,2018-04-02,Express,UPI,80
OD2874,2017-05-01,2017-05-02,2017-05-04,2017-05-03,Express,UPI,80
OD2876,2015-05-05,2015-05-05,2015-05-10,2015-05-11,Standard,Credit Card,40
OD2877,2015-08-27,2015-08-28,2015-08-30,2015-08-30,Express,UPI,80
OD2878,2016-11-08,2016-11-08,2016-11-08,2016-11-08,Same Day,Cash,150
OD2879,2017-09-27,2017-09-28,2017-09-30,2017-10-01,Express,Debit Card,70
OD2880,2015-12-17,2015-12-17,2015-12-17,2015-12-17,Same Day,Cash,120
OD2881,2017-06-30,2017-06-30,2017-07-05,2017-07-07,Standard,Credit Card,40
OD2882,2017-11-03,2017-11-04,2017-11-06,2017-11-07,Express,Debit Card,80
OD2883,2015-04-29,2015-05-01,2015-05-03,2015-05-03,Express,Cash,80
OD2884,2015-04-19,2015-04-19,2015-04-19,2015-04-19,Same Day,Credit Card,150
OD2885,2017-05-01,2017-05-01,2017-05-01,2017-05-01,Same Day,Credit Card,100
OD2886,2017-09-27,2017-09-27,2017-10-02,2017-10-02,Standard,UPI,30
OD2887,2015-05-05,2015-05-05,2015-05-10,2015-05-10,Standard,Credit Card,30
OD2888,2018-12-25,2018-12-26,2018-12-28,2018-12-31,Express,UPI,90
OD2889,2016-09-14,2016-09-14,2016-09-14,2016-09-14,Same Day,UPI,120
OD2891,2018-09-11,2018-09-11,2018-09-13,2018-09-14,Express,Cash,80
OD2892,2016-03-01,2016-03-01,2016-03-06,2016-03-05,Standard,Credit Card,50
OD2893,2018-12-09,2018-12-09,2018-12-14,2018-12-14,Standard,Credit Card,50
OD2895,2017-11-03,2017-11-03,2017-11-03,2017-11-03,Same Day,UPI,100
OD2896,2018-03-27,2018-03-29,2018-04-03,2018-04-02,Standard,UPI,50
OD2897,2018-12-09,2018-12-09,2018-12-09,2018-12-09,Same Day,UPI,120
OD2898,2016-11-08,2016-11-08,2016-11-08,2016-11-08,Same Day,UPI,150
OD2899,2016-12-25,2016-12-25,2016-12-30,2017-01-01,Standard,Debit Card,50
OD2900,2016-03-16,2016-03-16,2016-03-16,2016-03-16,Same Day,Credit Card,120
OD2901,2017-09-23,2017-09-24,2017-09-29,2017-09-29,Standard,UPI,40
OD2902,2017-04-14,2017-04-16,2017-04-21,2017-04-22,Standard,Cash,30
OD2903,2015-12-19,2015-12-19,2015-12-19,2015-12-19,Same Day,Cash,100
OD2904,2018-12-21,2018-12-21,2018-12-26,2018-12-26,Standard,Debit Card,50
OD2905,2017-06-29,2017-06-30,2017-07-02,2017-07-02,Express,Credit Card,90
OD2906,2016-11-08,2016-11-08,2016-11-08,2016-11-08,Same Day,UPI,150
OD2907,2017-05-09,2017-05-10,2017-05-15,2017-05-15,Standard,Debit Card,40
OD2908,2018-11-19,2018-11-21,2018-11-23,2018-11-23,Express,Debit Card,70
OD2909,2017-02-02,2017-02-02,2017-02-02,2017-02-02,Same Day,Debit Card,150
OD2910,2018-11-25,2018-11-26,2018-11-28,2018-11-28,Express,Credit Card,70
OD2911,2017-12-05,2017-12-07,2017-12-12,2017-12-14,Standard,Credit Card,40
OD2912,2015-04-19,2015-04-19,2015-04-19,2015-04-19,Same Day,Credit Card,120
OD2913,2018-11-13,2018-11-13,2018-11-13,2018-11-13,Same Day,UPI,120
OD2914,2015-12-23,2015-12-23,2015-12-23,2015-12-23,Same Day,Debit Card,100
OD2915,2018-12-22,2018-12-22,2018-12-27,2018-12-26,Standard,Debit Card,30
OD2916,2018-08-25,2018-08-25,2018-08-25,2018-08-25,Same Day,UPI,120
OD2917,2016-10-22,2016-10-22,2016-10-22,2016-10-22,Same Day,UPI,150
OD2918,2018-07-29,2018-07-29,2018-07-29,2018-07-29,Same Day,Cash,120
OD2919,2017-09-04,2017-09-05,2017-09-07,2017-09-08,Express,Debit Card,90
OD2921,2017-09-04,2017-09-06,2017-09-08,2017-09-08,Express,Debit Card,80
OD2922,2015-08-29,2015-08-29,2015-09-03,2015-09-03,Standard,UPI,50
OD2923,2016-03-09,2016-03-09,2016-03-14,2016-03-16,Standard,Credit Card,50
OD2924,2015-04-11,2015-04-13,2015-04-18,2015-04-18,Standard,Cash,50
OD2925,2018-08-23,2018-08-23,2018-08-25,2018-08-26,Express,Credit Card,80
OD2926,2015-12-23,2015-12-23,2015-12-23,2015-12-23,Same Day,Debit Card,100
OD2927,2018-10-28,2018-10-30,2018-11-01,2018-11-04,Express,Debit Card,80
OD2928,2018-11-06,2018-11-06,2018-11-06,2018-11-06,Same Day,Debit Card,120
OD2929,2017-03-18,2017-03-18,2017-03-18,2017-03-18,Same Day,Debit Card,120
OD2930,2018-07-29,2018-07-30,2018-08-04,2018-08-03,Standard,Cash,50
OD2931,2017-09-05,2017-09-07,2017-09-12,2017-09-14,Standard,UPI,40
OD2932,2015-04-11,2015-04-11,2015-04-11,2015-04-11,Same Day,Credit Card,150
OD2933,2015-12-23,2015-12-24,2015-12-29,2015-12-29,Standard,Debit Card,40
OD2934,2018-10-28,2018-10-29,2018-10-31,2018-11-02,Express,Credit Card,80
OD2935,2017-08-13,2017-08-14,2017-08-16,2017-08-15,Express,Debit Card,90
OD2936,2018-11-03,2018-11-05,2018-11-07,2018-11-06,Express,Debit Card,80
OD2937,2017-09-05,2017-09-05,2017-09-05,2017-09-05,Same Day,Cash,100
OD2938,2017-09-04,2017-09-04,2017-09-04,2017-09-04,Same Day,Credit Card,100
OD2939,2018-11-13,2018-11-13,2018-11-13,2018-11-13,Same Day,Cash,100
OD2940,2015-08-22,2015-08-22,2015-08-22,2015-08-22,Same Day,UPI,150
OD2941,2018-08-27,2018-08-27,2018-08-27,2018-08-27,Same Day,Credit Card,150
OD2942,2016-12-04,2016-12-04,2016-12-04,2016-12-04,Same Day,UPI,150
OD2943,2018-11-06,2018-11-06,2018-11-06,2018-11-06,Same Day,UPI,150
OD2944,2018-11-13,2018-11-13,2018-11-13,2018-11-13,Same Day,Debit Card,150
OD2945,2018-08-23,2018-08-23,2018-08-23,2018-08-23,Same Day,Cash,120
OD2946,2018-05-27,2018-05-28,2018-05-30,2018-05-30,Express,Debit Card,80
OD2947,2015-12-23,2015-12-24,2015-12-29,2015-12-30,Standard,Debit Card,40
OD2948,2018-08-23,2018-08-23,2018-08-25,2018-08-24,Express,Cash,90
OD2949,2017-10-31,2017-10-31,2017-10-31,2017-10-31,Same Day,UPI,150
OD2950,2018-11-06,2018-11-06,2018-11-08,2018-11-08,Express,Debit Card,90
OD2951,2018-08-31,2018-08-31,2018-08-31,2018-08-31,Same Day,Debit Card,150
OD2952,2017-10-01,2017-10-01,2017-10-03,2017-10-03,Express,Debit Card,90
OD2953,2017-10-21,2017-10-21,2017-10-26,2017-10-29,Standard,UPI,30
OD2954,2017-05-15,2017-05-15,2017-05-17,2017-05-19,Express,Debit Card,70
OD2955,2017-10-01,2017-10-01,2017-10-01,2017-10-01,Same Day,Cash,150
OD2956,2015-08-29,2015-08-29,2015-08-29,2015-08-29,Same Day,Debit Card,100
OD2957,2016-12-04,2016-12-04,2016-12-09,2016-12-08,Standard,Cash,30
OD2958,2017-09-05,2017-09-05,2017-09-10,2017-09-10,Standard,Cash,30
OD2959,2018-11-06,2018-11-08,2018-11-13,2018-11-13,Standard,UPI,40
OD2960,2017-08-13,2017-08-13,2017-08-15,2017-08-14,Express,Cash,90
OD2961,2016-12-12,2016-12-12,2016-12-12,2016-12-12,Same Day,UPI,150
OD2962,2015-12-20,2015-12-20,2015-12-22,2015-12-21,Express,Cash,80
OD2963,2018-01-07,2018-01-08,2018-01-13,2018-01-13,Standard,Cash,40
OD2964,2018-06-24,2018-06-26,2018-07-01,2018-07-01,Standard,Credit Card,40
OD2965,2017-09-29,2017-09-29,2017-09-29,2017-09-29,Same Day,Debit Card,150
OD2966,2017-03-28,2017-03-30,2017-04-04,2017-04-04,Standard,Cash,40
OD2968,2017-06-24,2017-06-25,2017-06-27,2017-06-28,Express,Debit Card,70
OD2969,2017-06-23,2017-06-24,2017-06-26,2017-06-26,Express,Credit Card,90
OD2970,2017-08-26,2017-08-26,2017-08-31,2017-08-30,Standard,Cash,40
OD2971,2015-12-29,2015-12-29,2015-12-31,2015-12-30,Express,Credit Card,80
OD2972,2018-06-17,2018-06-17,2018-06-17,2018-06-17,Same Day,UPI,120
OD2973,2016-04-13,2016-04-14,2016-04-19,2016-04-18,Standard,Cash,40
OD2974,2018-05-04,2018-05-06,2018-05-08,2018-05-08,Express,Credit Card,70
OD2975,2018-11-12,2018-11-12,2018-11-17,2018-11-19,Standard,UPI,40
OD2976,2018-09-23,2018-09-23,2018-09-25,2018-09-26,Express,Debit Card,80
OD2977,2018-09-09,2018-09-10,2018-09-15,2018-09-15,Standard,Cash,40
OD2978,2015-12-20,2015-12-20,2015-12-20,2015-12-20,Same Day,Credit Card,150
OD2979,2018-10-12,2018-10-12,2018-10-14,2018-10-14,Express,Cash,80
OD2980,2016-09-24,2016-09-24,2016-09-24,2016-09-24,Same Day,Debit Card,120
OD2981,2016-07-25,2016-07-27,2016-07-29,2016-07-29,Express,Debit Card,80
OD2982,2016-12-13,2016-12-13,2016-12-13,2016-12-13,Same Day,UPI,100
OD2983,2018-08-14,2018-08-16,2018-08-18,2018-08-18,Express,Cash,90
OD2984,2015-04-01,2015-04-03,2015-04-08,2015-04-08,Standard,Cash,40
OD2985,2016-04-11,2016-04-11,2016-04-11,2016-04-11,Same Day,UPI,150
OD2986,2016-02-15,2016-02-16,2016-02-21,2016-02-20,Standard,UPI,30
OD2987,2016-11-22,2016-11-23,2016-11-25,2016-11-26,Express,UPI,80
OD2988,2018-11-12,2018-11-14,2018-11-19,2018-11-19,Standard,Debit Card,30
OD2989,2016-10-23,2016-10-23,2016-10-28,2016-10-28,Standard,Credit Card,40
OD2990,2017-02-19,2017-02-19,2017-02-19,2017-02-19,Same Day,Debit Card,120
OD2991,2018-12-10,2018-12-11,2018-12-16,2018-12-19,Standard,Cash,50
OD2992,2015-12-08,2015-12-08,2015-12-10,2015-12-12,Express,UPI,80
OD2993,2015-10-18,2015-10-20,2015-10-22,2015-10-22,Express,Cash,80
OD2994,2018-06-11,2018-06-12,2018-06-14,2018-06-14,Express,Cash,90
OD2996,2016-07-25,2016-07-25,2016-07-25,2016-07-25,Same Day,Debit Card,120
OD2997,2015-03-23,2015-03-24,2015-03-26,2015-03-26,Express,Cash,70
OD2998,2017-12-08,2017-12-08,2017-12-08,2017-12-08,Same Day,Debit Card,120
OD2999,2018-06-11,2018-06-13,2018-06-18,2018-06-19,Standard,UPI,30
OD3000,2017-07-17,2017-07-18,2017-07-20,2017-07-20,Express,Debit Card,90
OD3001,2018-05-06,2018-05-07,2018-05-09,2018-05-09,Express,Cash,80
OD3002,2017-06-24,2017-06-26,2017-07-01,2017-07-03,Standard,Credit Card,50
OD3003,2015-08-04,2015-08-04,2015-08-04,2015-08-04,Same Day,Credit Card,120
OD3004,2015-09-01,2015-09-01,2015-09-06,2015-09-07,Standard,Credit Card,50
OD3005,2017-04-19,2017-04-20,2017-04-22,2017-04-22,Express,Cash,80
OD3006,2017-11-05,2017-11-07,2017-11-09,2017-11-08,Express,Debit Card,70
OD3007,2017-09-02,2017-09-03,2017-09-05,2017-09-06,Express,Cash,90
OD3008,2018-11-12,2018-11-12,2018-11-17,2018-11-17,Standard,Debit Card,50
OD3009,2017-06-23,2017-06-24,2017-06-26,2017-06-26,Express,Cash,80
OD3010,2016-02-15,2016-02-15,2016-02-20,2016-02-21,Standard,Credit Card,40
OD3011,2017-11-10,2017-11-12,2017-11-17,2017-11-17,Standard,Credit Card,50
OD3012,2017-05-16,2017-05-16,2017-05-18,2017-05-17,Express,UPI,90
OD3013,2018-09-12,2018-09-12,2018-09-12,2018-09-12,Same Day,Debit Card,100
OD3014,2015-01-06,2015-01-06,2015-01-06,2015-01-06,Same Day,Credit Card,150
OD3015,2018-12-05,2018-12-05,2018-12-07,2018-12-06,Express,UPI,70
OD3016,2016-12-25,2016-12-27,2016-12-29,2016-12-31,Express,Credit Card,70
OD3017,2016-12-25,2016-12-25,2016-12-27,2016-12-26,Express,Credit Card,90
OD3018,2016-03-29,2016-03-29,2016-03-29,2016-03-29,Same Day,Cash,100
OD3019,2017-03-26,2017-03-28,2017-04-02,2017-04-02,Standard,Cash,50
OD3020,2018-06-12,2018-06-13,2018-06-18,2018-06-20,Standard,Cash,50
OD3021,2016-07-11,2016-07-12,2016-07-17,2016-07-17,Standard,Cash,50
OD3022,2018-01-07,2018-01-09,2018-01-14,2018-01-14,Standard,UPI,30
OD3023,2018-08-03,2018-08-03,2018-08-03,2018-08-03,Same Day,Debit Card,100
OD3024,2016-11-22,2016-11-22,2016-11-27,2016-11-27,Standard,UPI,50
OD3025,2015-12-12,2015-12-14,2015-12-16,2015-12-15,Express,UPI,80
OD3026,2017-11-06,2017-11-06,2017-11-06,2017-11-06,Same Day,Cash,150
OD3027,2018-08-01,2018-08-01,2018-08-01,2018-08-01,Same Day,Credit Card,150
OD3028,2017-12-08,2017-12-08,2017-12-08,2017-12-08,Same Day,Credit Card,150
OD3029,2018-09-23,2018-09-23,2018-09-25,2018-09-26,Express,Debit Card,90
OD3030,2017-04-16,2017-04-16,2017-04-16,2017-04-16,Same Day,UPI,120
OD3031,2017-11-10,2017-11-10,2017-11-10,2017-11-10,Same Day,Debit Card,120
OD3032,2018-05-08,2018-05-08,2018-05-10,2018-05-10,Express,Credit Card,80
OD3033,2018-10-17,2018-10-18,2018-10-23,2018-10-24,Standard,Cash,50
OD3034,2015-07-22,2015-07-22,2015-07-22,2015-07-22,Same Day,Debit Card,120
OD3035,2016-10-25,2016-10-26,2016-10-31,2016-11-01,Standard,Cash,30
OD3036,2016-12-12,2016-12-12,2016-12-12,2016-12-12,Same Day,Cash,100
OD3037,2016-10-23,2016-10-24,2016-10-26,2016-10-25,Express,Credit Card,90
OD3038,2016-12-12,2016-12-12,2016-12-12,2016-12-12,Same Day,UPI,100
OD3040,2017-04-19,2017-04-19,2017-04-19,2017-04-19,Same Day,Debit Card,100
OD3041,2016-11-30,2016-12-01,2016-12-03,2016-12-03,Express,Credit Card,80
OD3042,2016-02-21,2016-02-23,2016-02-25,2016-02-26,Express,Debit Card,80
OD3043,2018-07-27,2018-07-28,2018-08-02,2018-08-02,Standard,UPI,40
OD3044,2017-03-28,2017-03-28,2017-03-28,2017-03-28,Same Day,UPI,100
OD3045,2017-11-10,2017-11-10,2017-11-10,2017-11-10,Same Day,UPI,120
OD3046,2018-03-21,2018-03-23,2018-03-28,2018-03-28,Standard,Credit Card,40
OD3047,2017-06-23,2017-06-23,2017-06-23,2017-06-23,Same Day,Debit Card,150
OD3048,2015-07-25,2015-07-25,2015-07-27,2015-07-27,Express,Debit Card,80
OD3049,2016-12-17,2016-12-17,2016-12-17,2016-12-17,Same Day,Credit Card,120
OD3050,2016-12-17,2016-12-19,2016-12-24,2016-12-23,Standard,Credit Card,30
OD3052,2017-04-19,2017-04-20,2017-04-22,2017-04-24,Express,Cash,80
OD3053,2015-08-04,2015-08-05,2015-08-07,2015-08-07,Express,Credit Card,70
OD3054,2015-03-26,2015-03-27,2015-03-29,2015-03-29,Express,Debit Card,90
OD3055,2018-08-03,2018-08-05,2018-08-10,2018-08-09,Standard,Credit Card,40
OD3056,2017-11-10,2017-11-10,2017-11-15,2017-11-15,Standard,Credit Card,50
OD3057,2017-06-16,2017-06-18,2017-06-23,2017-06-26,Standard,Cash,30
OD3058,2015-08-04,2015-08-04,2015-08-09,2015-08-12,Standard,UPI,50
OD3059,2015-07-25,2015-07-25,2015-07-27,2015-07-27,Express,Cash,70
OD3060,2016-02-15,2016-02-16,2016-02-18,2016-02-19,Express,UPI,90
OD3061,2018-08-14,2018-08-14,2018-08-16,2018-08-16,Express,Debit Card,70
OD3062,2017-07-25,2017-07-25,2017-07-25,2017-07-25,Same Day,Cash,120
OD3063,2015-12-13,2015-12-13,2015-12-13,2015-12-13,Same Day,Credit Card,100
OD3064,2016-03-29,2016-03-30,2016-04-01,2016-04-01,Express,Cash,90
OD3065,2016-09-10,2016-09-10,2016-09-15,2016-09-17,Standard,Debit Card,30
OD3066,2017-07-17,2017-07-18,2017-07-20,2017-07-21,Express,Credit Card,70
OD3067,2018-01-07,2018-01-07,2018-01-12,2018-01-14,Standard,Cash,30
OD3068,2015-08-04,2015-08-04,2015-08-06,2015-08-06,Express,Debit Card,80
OD3069,2018-09-14,2018-09-14,2018-09-14,2018-09-14,Same Day,Credit Card,120
OD3070,2017-05-16,2017-05-16,2017-05-16,2017-05-16,Same Day,Credit Card,100
OD3071,2018-09-09,2018-09-10,2018-09-12,2018-09-11,Express,UPI,70
OD3072,2016-11-22,2016-11-24,2016-11-26,2016-11-26,Express,Debit Card,80
OD3073,2015-07-22,2015-07-22,2015-07-22,2015-07-22,Same Day,Cash,120
OD3074,2018-01-07,2018-01-07,2018-01-07,2018-01-07,Same Day,Credit Card,150
OD3075,2015-08-08,2015-08-08,2015-08-13,2015-08-13,Standard,Cash,30
OD3076,2017-10-29,2017-10-30,2017-11-04,2017-11-04,Standard,Debit Card,40
OD3077,2017-04-19,2017-04-19,2017-04-19,2017-04-19,Same Day,Cash,100
OD3078,2017-11-15,2017-11-15,2017-11-15,2017-11-15,Same Day,Cash,100
OD3079,2015-08-04,2015-08-05,2015-08-07,2015-08-06,Express,Cash,70
OD3080,2015-10-18,2015-10-18,2015-10-20,2015-10-20,Express,Credit Card,70
OD3081,2018-09-23,2018-09-25,2018-09-30,2018-09-30,Standard,Cash,30
OD3082,2016-09-24,2016-09-24,2016-09-24,2016-09-24,Same Day,Credit Card,150
OD3083,2018-12-18,2018-12-18,2018-12-18,2018-12-18,Same Day,Debit Card,150
OD3084,2018-03-19,2018-03-20,2018-03-22,2018-03-23,Express,Debit Card,80
OD3085,2015-12-20,2015-12-20,2015-12-20,2015-12-20,Same Day,Credit Card,100
OD3086,2016-12-17,2016-12-18,2016-12-23,2016-12-23,Standard,Cash,30
OD3087,2018-03-21,2018-03-22,2018-03-24,2018-03-24,Express,Cash,90
OD3089,2018-04-25,2018-04-26,2018-05-01,2018-05-01,Standard,Cash,30
OD3090,2018-12-19,2018-12-19,2018-12-19,2018-12-19,Same Day,UPI,150
OD3091,2015-02-03,2015-02-04,2015-02-06,2015-02-06,Express,Debit Card,80
OD3093,2018-12-03,2018-12-03,2018-12-03,2018-12-03,Same Day,Credit Card,150
OD3094,2017-11-10,2017-11-10,2017-11-10,2017-11-10,Same Day,Debit Card,150
OD3095,2018-03-21,2018-03-23,2018-03-28,2018-03-28,Standard,Credit Card,40
OD3096,2017-04-19,2017-04-19,2017-04-19,2017-04-19,Same Day,Credit Card,100
OD3097,2017-03-26,2017-03-26,2017-03-31,2017-03-31,Standard,UPI,40
OD3098,2017-07-17,2017-07-18,2017-07-23,2017-07-23,Standard,Debit Card,30
OD3099,2016-09-24,2016-09-24,2016-09-24,2016-09-24,Same Day,Credit Card,100
OD3100,2015-02-03,2015-02-04,2015-02-09,2015-02-09,Standard,UPI,40
OD3101,2016-07-11,2016-07-11,2016-07-13,2016-07-15,Express,Debit Card,80
OD3102,2017-12-29,2017-12-30,2018-01-04,2018-01-04,Standard,Debit Card,50
OD3103,2016-07-14,2016-07-16,2016-07-21,2016-07-21,Standard,Debit Card,30
OD3104,2016-03-20,2016-03-21,2016-03-26,2016-03-26,Standard,Cash,30
OD3105,2015-12-06,2015-12-08,2015-12-13,2015-12-14,Standard,Cash,50
OD3106,2015-11-07,2015-11-09,2015-11-11,2015-11-10,Express,Debit Card,70
OD3107,2017-09-09,2017-09-09,2017-09-09,2017-09-09,Same Day,UPI,150
OD3108,2015-04-01,2015-04-01,2015-04-03,2015-04-02,Express,Cash,70
OD3109,2016-07-14,2016-07-15,2016-07-17,2016-07-17,Express,Debit Card,90
OD3110,2015-11-18,2015-11-19,2015-11-24,2015-11-26,Standard,Credit Card,40
OD3111,2018-08-20,2018-08-22,2018-08-24,2018-08-24,Express,UPI,80
OD3112,2016-02-15,2016-02-15,2016-02-15,2016-02-15,Same Day,Debit Card,100
OD3113,2016-02-15,2016-02-17,2016-02-22,2016-02-23,Standard,UPI,40
OD3114,2015-12-20,2015-12-21,2015-12-26,2015-12-25,Standard,Debit Card,40
OD3115,2018-11-01,2018-11-01,2018-11-01,2018-11-01,Same Day,Debit Card,100
OD3116,2018-06-02,2018-06-02,2018-06-02,2018-06-02,Same Day,Debit Card,120
OD3117,2015-11-07,2015-11-08,2015-11-10,2015-11-10,Express,Cash,80
OD3118,2018-12-03,2018-12-04,2018-12-06,2018-12-08,Express,Debit Card,70
OD3119,2018-04-23,2018-04-23,2018-04-25,2018-04-24,Express,Credit Card,70
OD3120,2018-09-04,2018-09-06,2018-09-11,2018-09-12,Standard,Cash,30
OD3121,2018-06-11,2018-06-12,2018-06-17,2018-06-18,Standard,Debit Card,30
OD3122,2018-06-02,2018-06-02,2018-06-02,2018-06-02,Same Day,Debit Card,100
OD3123,2016-09-24,2016-09-26,2016-09-28,2016-09-29,Express,UPI,90
OD3124,2018-03-19,2018-03-21,2018-03-26,2018-03-26,Standard,Cash,40
OD3125,2017-11-15,2017-11-15,2017-11-20,2017-11-20,Standard,Debit Card,50
OD3126,2018-12-03,2018-12-04,2018-12-06,2018-12-06,Express,Cash,90
OD3127,2018-11-24,2018-11-24,2018-11-24,2018-11-24,Same Day,Credit Card,150
OD3130,2016-11-20,2016-11-20,2016-11-20,2016-11-20,Same Day,UPI,150
OD3131,2018-10-22,2018-10-22,2018-10-24,2018-10-25,Express,Cash,80
OD3132,2016-11-20,2016-11-20,2016-11-20,2016-11-20,Same Day,Cash,150
OD3133,2016-03-08,2016-03-09,2016-03-14,2016-03-16,Standard,UPI,50
OD3134,2018-05-29,2018-05-29,2018-05-29,2018-05-29,Same Day,Debit Card,100
OD3135,2017-09-24,2017-09-24,2017-09-24,2017-09-24,Same Day,UPI,150
OD3136,2018-05-29,2018-05-31,2018-06-05,2018-06-07,Standard,UPI,30
OD3137,2018-03-21,2018-03-21,2018-03-21,2018-03-21,Same Day,Credit Card,120
OD3138,2017-07-17,2017-07-17,2017-07-19,2017-07-19,Express,Debit Card,70
OD3139,2018-10-01,2018-10-01,2018-10-01,2018-10-01,Same Day,UPI,100
OD3140,2017-09-24,2017-09-24,2017-09-29,2017-09-29,Standard,Debit Card,50
OD3141,2018-12-21,2018-12-23,2018-12-25,2018-12-24,Express,Debit Card,70
OD3142,2015-01-20,2015-01-20,2015-01-20,2015-01-20,Same Day,Debit Card,100
OD3143,2017-07-17,2017-07-17,2017-07-19,2017-07-19,Express,UPI,80
OD3144,2018-05-29,2018-05-29,2018-05-29,2018-05-29,Same Day,Debit Card,150
OD3145,2017-12-29,2017-12-31,2018-01-05,2018-01-07,Standard,Cash,30
OD3146,2015-03-17,2015-03-18,2015-03-20,2015-03-20,Express,Debit Card,90
OD3147,2017-09-13,2017-09-15,2017-09-20,2017-09-19,Standard,Cash,30
OD3148,2018-07-29,2018-07-31,2018-08-05,2018-08-05,Standard,Cash,40
OD3149,2017-09-01,2017-09-01,2017-09-01,2017-09-01,Same Day,Debit Card,100
OD3150,2015-11-10,2015-11-10,2015-11-15,2015-11-16,Standard,UPI,40
OD3151,2017-10-30,2017-11-01,2017-11-06,2017-11-08,Standard,Debit Card,40
OD3152,2015-06-20,2015-06-20,2015-06-20,2015-06-20,Same Day,Debit Card,100
OD3153,2018-06-29,2018-07-01,2018-07-06,2018-07-05,Standard,Credit Card,30
OD3155,2015-09-23,2015-09-24,2015-09-26,2015-09-26,Express,Cash,90
OD3156,2018-09-25,2018-09-26,2018-10-01,2018-10-02,Standard,Debit Card,40
OD3157,2018-07-29,2018-07-30,2018-08-01,2018-08-01,Express,Cash,90
OD3158,2016-04-20,2016-04-20,2016-04-20,2016-04-20,Same Day,Debit Card,100
OD3159,2018-09-09,2018-09-11,2018-09-16,2018-09-15,Standard,Debit Card,50
OD3160,2017-09-04,2017-09-05,2017-09-10,2017-09-10,Standard,Cash,40
OD3161,2018-12-08,2018-12-09,2018-12-11,2018-12-13,Express,Cash,70
OD3162,2016-11-13,2016-11-13,2016-11-13,2016-11-13,Same Day,Debit Card,100
OD3163,2017-11-30,2017-12-01,2017-12-06,2017-12-06,Standard,Credit Card,30
OD3164,2017-08-26,2017-08-26,2017-08-26,2017-08-26,Same Day,UPI,120
OD3165,2015-01-30,2015-01-30,2015-02-04,2015-02-04,Standard,Debit Card,30
OD3167,2015-03-10,2015-03-11,2015-03-13,2015-03-12,Express,Cash,80
OD3168,2018-11-03,2018-11-05,2018-11-07,2018-11-09,Express,UPI,80
OD3169,2017-08-08,2017-08-08,2017-08-10,2017-08-10,Express,UPI,70
OD3170,2018-10-07,2018-10-09,2018-10-14,2018-10-14,Standard,UPI,40
OD3171,2015-01-30,2015-01-30,2015-02-01,2015-02-01,Express,Credit Card,80
OD3172,2015-01-20,2015-01-22,2015-01-24,2015-01-23,Express,UPI,80
OD3173,2015-03-30,2015-04-01,2015-04-06,2015-04-06,Standard,Debit Card,50
OD3174,2018-12-22,2018-12-24,2018-12-29,2018-12-29,Standard,Cash,40
OD3175,2015-11-07,2015-11-07,2015-11-07,2015-11-07,Same Day,UPI,100
OD3176,2017-09-13,2017-09-13,2017-09-15,2017-09-14,Express,Debit Card,80
OD3177,2018-06-29,2018-06-30,2018-07-05,2018-07-07,Standard,Cash,30
OD3178,2018-12-08,2018-12-08,2018-12-10,2018-12-10,Express,UPI,90
OD3179,2017-08-26,2017-08-28,2017-09-02,2017-09-02,Standard,Credit Card,40
OD3180,2015-01-20,2015-01-20,2015-01-20,2015-01-20,Same Day,Debit Card,100
OD3181,2018-06-04,2018-06-04,2018-06-04,2018-06-04,Same Day,Cash,150
OD3182,2017-03-04,2017-03-04,2017-03-04,2017-03-04,Same Day,UPI,150
OD3183,2017-11-22,2017-11-22,2017-11-22,2017-11-22,Same Day,Cash,150
OD3184,2015-11-23,2015-11-23,2015-11-23,2015-11-23,Same Day,UPI,100
OD3185,2015-11-14,2015-11-14,2015-11-14,2015-11-14,Same Day,Debit Card,150
OD3186,2016-11-09,2016-11-11,2016-11-13,2016-11-12,Express,UPI,80
OD3187,2016-04-13,2016-04-13,2016-04-18,2016-04-18,Standard,Debit Card,30
OD3188,2015-11-07,2015-11-07,2015-11-07,2015-11-07,Same Day,Credit Card,120
OD3189,2015-03-28,2015-03-29,2015-04-03,2015-04-03,Standard,Credit Card,50
OD3190,2016-11-09,2016-11-09,2016-11-14,2016-11-14,Standard,Debit Card,30
OD3191,2015-01-23,2015-01-23,2015-01-23,2015-01-23,Same Day,Debit Card,100
OD3192,2016-05-29,2016-05-31,2016-06-05,2016-06-06,Standard,UPI,40
OD3193,2017-06-13,2017-06-14,2017-06-19,2017-06-22,Standard,Credit Card,40
OD3194,2018-11-03,2018-11-05,2018-11-07,2018-11-07,Express,Credit Card,80
OD3195,2015-11-10,2015-11-11,2015-11-13,2015-11-13,Express,Credit Card,90
OD3196,2015-11-10,2015-11-10,2015-11-10,2015-11-10,Same Day,Credit Card,100
OD3197,2017-07-17,2017-07-17,2017-07-19,2017-07-19,Express,UPI,80
OD3198,2016-11-09,2016-11-10,2016-11-12,2016-11-14,Express,UPI,70
OD3199,2017-09-13,2017-09-13,2017-09-15,2017-09-17,Express,Debit Card,70
OD3200,2017-09-13,2017-09-14,2017-09-19,2017-09-19,Standard,Cash,50
OD3201,2018-06-27,2018-06-27,2018-06-27,2018-06-27,Same Day,Cash,150
OD3202,2016-11-17,2016-11-19,2016-11-21,2016-11-23,Express,Credit Card,90
OD3204,2015-11-10,2015-11-11,2015-11-16,2015-11-16,Standard,UPI,50
OD3205,2015-11-10,2015-11-11,2015-11-16,2015-11-17,Standard,Credit Card,50
OD3206,2017-07-17,2017-07-18,2017-07-20,2017-07-20,Express,UPI,70
OD3207,2017-09-13,2017-09-13,2017-09-18,2017-09-17,Standard,Credit Card,30
OD3208,2015-11-07,2015-11-08,2015-11-13,2015-11-14,Standard,Cash,40
OD3209,2018-07-11,2018-07-12,2018-07-17,2018-07-16,Standard,Credit Card,30
OD3210,2015-04-04,2015-04-04,2015-04-04,2015-04-04,Same Day,Credit Card,150
OD3211,2017-09-01,2017-09-01,2017-09-01,2017-09-01,Same Day,Debit Card,100
OD3212,2018-03-11,2018-03-12,2018-03-17,2018-03-18,Standard,Credit Card,40
OD3213,2018-04-20,2018-04-20,2018-04-22,2018-04-23,Express,Cash,80
OD3214,2015-05-04,2015-05-04,2015-05-04,2015-05-04,Same Day,UPI,100
OD3215,2015-11-14,2015-11-14,2015-11-14,2015-11-14,Same Day,UPI,100
OD3216,2018-11-11,2018-11-13,2018-11-18,2018-11-20,Standard,Cash,50
OD3217,2017-11-30,2017-11-30,2017-11-30,2017-11-30,Same Day,Cash,120
OD3218,2018-12-08,2018-12-08,2018-12-08,2018-12-08,Same Day,Credit Card,100
OD3219,2015-11-19,2015-11-19,2015-11-24,2015-11-23,Standard,UPI,30
OD3220,2016-11-17,2016-11-17,2016-11-17,2016-11-17,Same Day,Credit Card,120
OD3221,2016-04-25,2016-04-25,2016-04-30,2016-04-30,Standard,Credit Card,50
OD3222,2017-07-22,2017-07-23,2017-07-28,2017-07-30,Standard,UPI,40
OD3223,2018-12-04,2018-12-06,2018-12-08,2018-12-08,Express,UPI,70
OD3224,2016-04-25,2016-04-26,2016-05-01,2016-05-01,Standard,Debit Card,50
OD3225,2018-12-09,2018-12-09,2018-12-09,2018-12-09,Same Day,Cash,150
OD3226,2016-08-10,2016-08-10,2016-08-10,2016-08-10,Same Day,UPI,120
OD3227,2017-09-01,2017-09-01,2017-09-01,2017-09-01,Same Day,Debit Card,100
OD3228,2017-09-01,2017-09-02,2017-09-04,2017-09-04,Express,UPI,80
OD3229,2017-09-20,2017-09-20,2017-09-20,2017-09-20,Same Day,Credit Card,120
OD3230,2018-12-09,2018-12-09,2018-12-14,2018-12-14,Standard,Cash,40
OD3231,2015-01-20,2015-01-22,2015-01-27,2015-01-28,Standard,Credit Card,30
OD3233,2015-09-23,2015-09-25,2015-09-27,2015-09-26,Express,Credit Card,80
OD3234,2018-12-16,2018-12-16,2018-12-16,2018-12-16,Same Day,Cash,100
OD3235,2017-09-13,2017-09-13,2017-09-18,2017-09-18,Standard,Debit Card,50
OD3236,2015-04-12,2015-04-12,2015-04-17,2015-04-17,Standard,Credit Card,40
OD3237,2018-12-09,2018-12-09,2018-12-09,2018-12-09,Same Day,Debit Card,100
OD3238,2018-03-21,2018-03-21,2018-03-23,2018-03-23,Express,Debit Card,90
OD3240,2018-01-28,2018-01-28,2018-01-28,2018-01-28,Same Day,Cash,100
OD3241,2017-07-22,2017-07-24,2017-07-26,2017-07-27,Express,Cash,80
OD3242,2015-09-23,2015-09-23,2015-09-28,2015-09-28,Standard,Debit Card,40
OD3243,2017-07-22,2017-07-22,2017-07-22,2017-07-22,Same Day,Credit Card,120
OD3244,2018-11-03,2018-11-03,2018-11-03,2018-11-03,Same Day,Debit Card,150
OD3245,2015-09-23,2015-09-23,2015-09-25,2015-09-27,Express,Cash,90
OD3246,2017-09-03,2017-09-03,2017-09-03,2017-09-03,Same Day,Debit Card,150
OD3247,2015-06-20,2015-06-20,2015-06-20,2015-06-20,Same Day,UPI,100
OD3248,2015-11-07,2015-11-07,2015-11-09,2015-11-10,Express,Credit Card,90
OD3249,2015-03-17,2015-03-17,2015-03-17,2015-03-17,Same Day,Debit Card,100
OD3250,2018-08-05,2018-08-05,2018-08-10,2018-08-10,Standard,UPI,30
OD3251,2016-06-01,2016-06-01,2016-06-01,2016-06-01,Same Day,Debit Card,150
OD3252,2015-03-17,2015-03-17,2015-03-17,2015-03-17,Same Day,Debit Card,100
OD3253,2018-08-10,2018-08-11,2018-08-13,2018-08-15,Express,Debit Card,80
OD3254,2017-09-22,2017-09-22,2017-09-27,2017-09-27,Standard,UPI,30
OD3255,2017-09-13,2017-09-13,2017-09-13,2017-09-13,Same Day,Credit Card,100
OD3256,2016-03-05,2016-03-06,2016-03-08,2016-03-07,Express,Cash,90
OD3257,2018-11-11,2018-11-11,2018-11-13,2018-11-13,Express,UPI,90
OD3258,2018-04-20,2018-04-20,2018-04-22,2018-04-23,Express,Debit Card,70
OD3259,2016-06-01,2016-06-01,2016-06-03,2016-06-02,Express,UPI,70
OD3260,2018-07-25,2018-07-26,2018-07-31,2018-07-30,Standard,Debit Card,50
OD3261,2016-11-13,2016-11-13,2016-11-13,2016-11-13,Same Day,Debit Card,150
OD3262,2017-09-22,2017-09-23,2017-09-28,2017-09-28,Standard,UPI,50
OD3263,2015-03-17,2015-03-19,2015-03-21,2015-03-23,Express,UPI,80
OD3264,2017-11-30,2017-12-01,2017-12-06,2017-12-06,Standard,Credit Card,30
OD3265,2017-10-20,2017-10-20,2017-10-25,2017-10-28,Standard,Debit Card,50
OD3266,2018-02-13,2018-02-13,2018-02-18,2018-02-21,Standard,Cash,50
OD3267,2017-07-17,2017-07-19,2017-07-24,2017-07-24,Standard,Debit Card,40
OD3268,2018-08-31,2018-08-31,2018-08-31,2018-08-31,Same Day,Debit Card,150
OD3269,2015-05-19,2015-05-19,2015-05-19,2015-05-19,Same Day,Debit Card,100
OD3270,2018-08-05,2018-08-05,2018-08-05,2018-08-05,Same Day,Credit Card,120
OD3271,2018-11-20,2018-11-21,2018-11-26,2018-11-26,Standard,Credit Card,30
OD3272,2015-03-17,2015-03-19,2015-03-21,2015-03-20,Express,UPI,70
OD3273,2015-12-23,2015-12-23,2015-12-23,2015-12-23,Same Day,UPI,100
OD3274,2017-12-17,2017-12-19,2017-12-24,2017-12-23,Standard,Cash,40
OD3275,2017-12-09,2017-12-11,2017-12-13,2017-12-14,Express,Credit Card,70
OD3277,2017-09-01,2017-09-01,2017-09-06,2017-09-06,Standard,Credit Card,30
OD3278,2015-01-20,2015-01-20,2015-01-20,2015-01-20,Same Day,Credit Card,100
OD3279,2016-10-09,2016-10-09,2016-10-09,2016-10-09,Same Day,Credit Card,100
OD3280,2017-09-04,2017-09-06,2017-09-11,2017-09-10,Standard,UPI,30
OD3281,2017-10-13,2017-10-15,2017-10-17,2017-10-16,Express,Credit Card,90
OD3282,2017-03-03,2017-03-03,2017-03-05,2017-03-05,Express,UPI,90
OD3283,2017-11-22,2017-11-23,2017-11-25,2017-11-24,Express,Credit Card,80
OD3284,2017-11-21,2017-11-22,2017-11-27,2017-11-27,Standard,Cash,30
OD3285,2017-07-23,2017-07-23,2017-07-23,2017-07-23,Same Day,Cash,120
OD3286,2016-12-17,2016-12-18,2016-12-23,2016-12-26,Standard,Credit Card,30
OD3287,2018-04-24,2018-04-26,2018-05-01,2018-05-02,Standard,Credit Card,40
OD3288,2015-12-22,2015-12-23,2015-12-25,2015-12-24,Express,Cash,90
OD3289,2018-10-23,2018-10-23,2018-10-23,2018-10-23,Same Day,UPI,150
OD3290,2018-09-04,2018-09-06,2018-09-11,2018-09-11,Standard,UPI,40
OD3291,2018-06-19,2018-06-19,2018-06-24,2018-06-24,Standard,Cash,30
OD3292,2018-01-30,2018-01-31,2018-02-05,2018-02-05,Standard,Debit Card,50
OD3293,2017-10-11,2017-10-11,2017-10-16,2017-10-16,Standard,UPI,30
OD3295,2018-12-25,2018-12-27,2019-01-01,2019-01-01,Standard,Debit Card,40
OD3296,2016-10-08,2016-10-08,2016-10-13,2016-10-13,Standard,UPI,50
OD3297,2018-09-15,2018-09-16,2018-09-18,2018-09-18,Express,UPI,80
OD3298,2015-04-18,2015-04-20,2015-04-25,2015-04-28,Standard,UPI,30
OD3299,2017-07-23,2017-07-23,2017-07-28,2017-07-28,Standard,UPI,30
OD3300,2018-11-14,2018-11-16,2018-11-21,2018-11-24,Standard,Debit Card,30
OD3301,2016-12-05,2016-12-07,2016-12-09,2016-12-09,Express,Cash,80
OD3302,2017-05-10,2017-05-12,2017-05-14,2017-05-14,Express,UPI,90
OD3303,2015-06-06,2015-06-06,2015-06-06,2015-06-06,Same Day,UPI,120
OD3304,2017-09-11,2017-09-13,2017-09-18,2017-09-20,Standard,Credit Card,30
OD3305,2015-12-14,2015-12-16,2015-12-21,2015-12-20,Standard,UPI,40
OD3306,2018-02-16,2018-02-16,2018-02-18,2018-02-17,Express,Credit Card,70
OD3307,2016-12-31,2016-12-31,2017-01-05,2017-01-04,Standard,Debit Card,30
OD3308,2018-11-30,2018-11-30,2018-11-30,2018-11-30,Same Day,Cash,120
OD3309,2018-05-23,2018-05-24,2018-05-29,2018-05-29,Standard,UPI,40
OD3310,2017-09-11,2017-09-13,2017-09-15,2017-09-15,Express,Credit Card,80
OD3311,2015-10-03,2015-10-05,2015-10-10,2015-10-09,Standard,Debit Card,40
OD3312,2018-03-06,2018-03-06,2018-03-06,2018-03-06,Same Day,UPI,120
OD3313,2017-05-02,2017-05-03,2017-05-05,2017-05-05,Express,UPI,80
OD3314,2016-07-02,2016-07-03,2016-07-05,2016-07-05,Express,UPI,80
OD3315,2018-12-09,2018-12-10,2018-12-15,2018-12-16,Standard,UPI,40
OD3316,2018-05-15,2018-05-17,2018-05-19,2018-05-22,Express,Credit Card,80
OD3317,2017-05-31,2017-05-31,2017-06-05,2017-06-05,Standard,Credit Card,40
OD3318,2016-11-07,2016-11-07,2016-11-07,2016-11-07,Same Day,Debit Card,120
OD3319,2015-09-08,2015-09-08,2015-09-13,2015-09-13,Standard,UPI,40
OD3320,2018-03-04,2018-03-04,2018-03-04,2018-03-04,Same Day,UPI,150
OD3321,2017-11-19,2017-11-20,2017-11-25,2017-11-25,Standard,Cash,50
OD3322,2016-04-06,2016-04-06,2016-04-06,2016-04-06,Same Day,Credit Card,100
OD3323,2018-06-02,2018-06-02,2018-06-02,2018-06-02,Same Day,UPI,100
OD3324,2015-01-03,2015-01-03,2015-01-05,2015-01-04,Express,Credit Card,90
OD3325,2017-10-13,2017-10-15,2017-10-17,2017-10-16,Express,Credit Card,80
OD3326,2015-06-20,2015-06-20,2015-06-25,2015-06-25,Standard,UPI,40
OD3327,2017-12-27,2017-12-27,2017-12-27,2017-12-27,Same Day,Debit Card,120
OD3328,2016-04-25,2016-04-25,2016-04-27,2016-04-30,Express,Credit Card,90
OD3329,2015-12-06,2015-12-08,2015-12-10,2015-12-10,Express,Credit Card,90
OD3330,2018-12-04,2018-12-05,2018-12-07,2018-12-09,Express,UPI,90
OD3331,2017-11-21,2017-11-21,2017-11-23,2017-11-23,Express,Credit Card,80
OD3332,2016-12-28,2016-12-30,2017-01-01,2017-01-01,Express,Credit Card,70
OD3333,2017-07-30,2017-08-01,2017-08-03,2017-08-02,Express,Debit Card,90
OD3334,2017-09-02,2017-09-04,2017-09-09,2017-09-11,Standard,Credit Card,40
OD3335,2015-02-18,2015-02-18,2015-02-18,2015-02-18,Same Day,UPI,120
OD3336,2016-12-31,2017-01-02,2017-01-07,2017-01-09,Standard,UPI,40
OD3337,2018-06-19,2018-06-21,2018-06-26,2018-06-27,Standard,Debit Card,30
OD3338,2018-11-06,2018-11-06,2018-11-11,2018-11-11,Standard,UPI,30
OD3340,2016-11-07,2016-11-07,2016-11-07,2016-11-07,Same Day,UPI,150
OD3341,2018-04-16,2018-04-18,2018-04-23,2018-04-23,Standard,Credit Card,30
OD3342,2018-03-23,2018-03-23,2018-03-28,2018-03-27,Standard,Cash,50
OD3343,2017-08-31,2017-08-31,2017-09-02,2017-09-01,Express,Debit Card,70
OD3345,2017-08-13,2017-08-13,2017-08-15,2017-08-15,Express,Credit Card,90
OD3346,2017-07-23,2017-07-23,2017-07-25,2017-07-25,Express,UPI,80
OD3347,2016-10-10,2016-10-11,2016-10-13,2016-10-14,Express,Debit Card,70
OD3348,2017-10-11,2017-10-11,2017-10-16,2017-10-15,Standard,Credit Card,40
OD3349,2017-03-21,2017-03-21,2017-03-21,2017-03-21,Same Day,UPI,120
OD3350,2015-05-26,2015-05-26,2015-05-28,2015-05-27,Express,Debit Card,90
OD3351,2018-03-18,2018-03-18,2018-03-23,2018-03-22,Standard,Credit Card,30
OD3352,2016-11-07,2016-11-07,2016-11-12,2016-11-12,Standard,UPI,40
OD3353,2017-09-04,2017-09-05,2017-09-07,2017-09-07,Express,UPI,70
OD3354,2017-05-02,2017-05-04,2017-05-06,2017-05-06,Express,UPI,70
OD3355,2015-11-11,2015-11-11,2015-11-11,2015-11-11,Same Day,UPI,100
OD3356,2015-11-17,2015-11-17,2015-11-17,2015-11-17,Same Day,Debit Card,100
OD3357,2016-06-16,2016-06-18,2016-06-20,2016-06-20,Express,Credit Card,70
OD3358,2017-11-19,2017-11-21,2017-11-23,2017-11-23,Express,UPI,70
OD3359,2015-04-18,2015-04-18,2015-04-23,2015-04-23,Standard,Credit Card,30
OD3360,2017-03-03,2017-03-04,2017-03-09,2017-03-11,Standard,Debit Card,40
OD3361,2015-10-03,2015-10-05,2015-10-10,2015-10-11,Standard,Cash,30
OD3362,2015-12-19,2015-12-20,2015-12-25,2015-12-25,Standard,Debit Card,40
OD3363,2018-11-12,2018-11-12,2018-11-14,2018-11-14,Express,Cash,80
OD3364,2016-06-16,2016-06-18,2016-06-23,2016-06-23,Standard,UPI,50
OD3365,2016-04-20,2016-04-20,2016-04-20,2016-04-20,Same Day,UPI,150
OD3366,2018-09-11,2018-09-11,2018-09-16,2018-09-16,Standard,Credit Card,50
OD3367,2015-06-20,2015-06-20,2015-06-20,2015-06-20,Same Day,Debit Card,150
OD3368,2016-07-02,2016-07-03,2016-07-05,2016-07-06,Express,Cash,70
OD3369,2015-05-26,2015-05-26,2015-05-26,2015-05-26,Same Day,Cash,150
OD3370,2015-12-19,2015-12-19,2015-12-19,2015-12-19,Same Day,UPI,120
OD3371,2018-02-16,2018-02-16,2018-02-18,2018-02-18,Express,Debit Card,70
OD3372,2018-11-12,2018-11-12,2018-11-14,2018-11-15,Express,Cash,70
OD3373,2017-07-10,2017-07-12,2017-07-17,2017-07-18,Standard,Credit Card,30
OD3374,2017-11-07,2017-11-07,2017-11-12,2017-11-13,Standard,Credit Card,40
OD3375,2018-08-18,2018-08-19,2018-08-21,2018-08-21,Express,Credit Card,90
OD3376,2015-03-01,2015-03-01,2015-03-06,2015-03-06,Standard,Debit Card,50
OD3377,2015-03-01,2015-03-01,2015-03-06,2015-03-05,Standard,Debit Card,40
OD3378,2018-05-25,2018-05-27,2018-05-29,2018-06-01,Express,Debit Card,70
OD3379,2016-02-06,2016-02-06,2016-02-11,2016-02-10,Standard,Debit Card,40
OD3380,2018-05-23,2018-05-24,2018-05-26,2018-05-26,Express,Cash,90
OD3381,2017-05-02,2017-05-03,2017-05-05,2017-05-05,Express,Cash,80
OD3382,2017-05-02,2017-05-02,2017-05-04,2017-05-05,Express,Credit Card,80
OD3383,2017-09-05,2017-09-07,2017-09-12,2017-09-11,Standard,Credit Card,50
OD3384,2018-05-22,2018-05-22,2018-05-24,2018-05-23,Express,Debit Card,70
OD3385,2017-03-03,2017-03-03,2017-03-03,2017-03-03,Same Day,Credit Card,120
OD3386,2018-07-23,2018-07-23,2018-07-28,2018-07-27,Standard,Credit Card,50
OD3387,2017-07-10,2017-07-10,2017-07-15,2017-07-14,Standard,Credit Card,40
OD3388,2018-03-06,2018-03-08,2018-03-13,2018-03-14,Standard,Cash,30
OD3389,2017-11-26,2017-11-28,2017-11-30,2017-11-30,Express,Debit Card,90
OD3390,2018-11-25,2018-11-26,2018-12-01,2018-11-30,Standard,Credit Card,30
OD3391,2018-01-01,2018-01-03,2018-01-05,2018-01-05,Express,Credit Card,90
OD3392,2018-01-21,2018-01-21,2018-01-21,2018-01-21,Same Day,UPI,150
OD3393,2015-10-03,2015-10-04,2015-10-09,2015-10-09,Standard,UPI,40
OD3394,2017-07-30,2017-07-31,2017-08-02,2017-08-01,Express,Debit Card,80
OD3395,2018-05-19,2018-05-20,2018-05-25,2018-05-25,Standard,Debit Card,50
OD3396,2015-12-22,2015-12-22,2015-12-24,2015-12-25,Express,UPI,90
OD3397,2015-10-14,2015-10-15,2015-10-20,2015-10-20,Standard,Cash,30
OD3398,2018-09-23,2018-09-24,2018-09-29,2018-09-29,Standard,Credit Card,40
OD3399,2017-05-31,2017-06-02,2017-06-04,2017-06-04,Express,Credit Card,90
OD3400,2016-05-07,2016-05-07,2016-05-07,2016-05-07,Same Day,Debit Card,100
OD3401,2016-11-28,2016-11-28,2016-11-30,2016-11-30,Express,UPI,90
OD3402,2017-12-27,2017-12-27,2018-01-01,2017-12-31,Standard,Cash,30
OD3403,2015-12-27,2015-12-27,2016-01-01,2016-01-01,Standard,Cash,30
OD3404,2018-10-23,2018-10-23,2018-10-23,2018-10-23,Same Day,Credit Card,150
OD3405,2018-01-30,2018-01-30,2018-01-30,2018-01-30,Same Day,UPI,150
OD3406,2016-12-17,2016-12-17,2016-12-17,2016-12-17,Same Day,Cash,150
OD3407,2018-09-04,2018-09-05,2018-09-10,2018-09-12,Standard,UPI,40
OD3408,2017-07-23,2017-07-23,2017-07-23,2017-07-23,Same Day,Cash,150
OD3409,2015-09-07,2015-09-09,2015-09-14,2015-09-14,Standard,Cash,50
OD3410,2015-03-01,2015-03-01,2015-03-01,2015-03-01,Same Day,Credit Card,150
OD3411,2018-11-23,2018-11-23,2018-11-25,2018-11-25,Express,Cash,80
OD3412,2017-09-02,2017-09-02,2017-09-07,2017-09-07,Standard,UPI,40
OD3413,2017-06-12,2017-06-12,2017-06-12,2017-06-12,Same Day,Credit Card,100
OD3414,2018-08-28,2018-08-30,2018-09-04,2018-09-04,Standard,Debit Card,30
OD3415,2017-01-07,2017-01-08,2017-01-10,2017-01-09,Express,Cash,80
OD3416,2018-12-22,2018-12-23,2018-12-28,2018-12-28,Standard,Credit Card,50
OD3418,2015-11-11,2015-11-11,2015-11-11,2015-11-11,Same Day,UPI,100
OD3419,2017-03-13,2017-03-15,2017-03-20,2017-03-21,Standard,Debit Card,30
OD3420,2016-07-02,2016-07-03,2016-07-05,2016-07-05,Express,Cash,80
OD3421,2015-11-24,2015-11-24,2015-11-24,2015-11-24,Same Day,UPI,150
OD3422,2018-07-09,2018-07-09,2018-07-09,2018-07-09,Same Day,Credit Card,100
OD3423,2018-01-01,2018-01-02,2018-01-04,2018-01-03,Express,Debit Card,70
OD3424,2017-11-11,2017-11-13,2017-11-15,2017-11-15,Express,Credit Card,70
OD3425,2018-02-16,2018-02-16,2018-02-16,2018-02-16,Same Day,Credit Card,100
OD3426,2018-11-18,2018-11-18,2018-11-18,2018-11-18,Same Day,UPI,120
OD3427,2016-03-05,2016-03-07,2016-03-09,2016-03-10,Express,Debit Card,80
OD3428,2016-11-05,2016-11-07,2016-11-09,2016-11-09,Express,Debit Card,90
OD3429,2018-08-28,2018-08-28,2018-08-28,2018-08-28,Same Day,Credit Card,120
OD3430,2015-09-08,2015-09-09,2015-09-14,2015-09-14,Standard,UPI,40
OD3431,2016-01-30,2016-01-30,2016-02-01,2016-02-01,Express,Credit Card,90
OD3432,2017-11-19,2017-11-19,2017-11-24,2017-11-24,Standard,UPI,40
OD3433,2017-05-03,2017-05-03,2017-05-03,2017-05-03,Same Day,Cash,100
OD3434,2016-09-25,2016-09-25,2016-09-25,2016-09-25,Same Day,Debit Card,100
OD3435,2018-09-04,2018-09-04,2018-09-04,2018-09-04,Same Day,Credit Card,150
OD3436,2016-05-12,2016-05-12,2016-05-12,2016-05-12,Same Day,Debit Card,100
OD3437,2015-12-16,2015-12-16,2015-12-16,2015-12-16,Same Day,Credit Card,100
OD3438,2015-06-20,2015-06-21,2015-06-26,2015-06-28,Standard,UPI,30
OD3439,2018-12-25,2018-12-25,2018-12-30,2018-12-30,Standard,Credit Card,50
OD3440,2015-11-07,2015-11-07,2015-11-07,2015-11-07,Same Day,UPI,100
OD3441,2018-11-22,2018-11-22,2018-11-24,2018-11-24,Express,Debit Card,90
OD3442,2018-03-03,2018-03-03,2018-03-05,2018-03-06,Express,Credit Card,90
OD3443,2015-11-11,2015-11-11,2015-11-16,2015-11-16,Standard,Cash,40
OD3444,2018-06-19,2018-06-19,2018-06-19,2018-06-19,Same Day,Credit Card,150
OD3445,2016-10-23,2016-10-23,2016-10-23,2016-10-23,Same Day,Cash,150
OD3447,2017-11-22,2017-11-22,2017-11-22,2017-11-22,Same Day,Credit Card,100
OD3448,2015-11-15,2015-11-15,2015-11-20,2015-11-21,Standard,Debit Card,50
OD3449,2016-03-20,2016-03-20,2016-03-20,2016-03-20,Same Day,Cash,100
OD3450,2018-12-09,2018-12-11,2018-12-13,2018-12-13,Express,Debit Card,90
OD3451,2018-11-12,2018-11-12,2018-11-17,2018-11-18,Standard,Cash,30
OD3452,2017-05-27,2017-05-27,2017-06-01,2017-06-03,Standard,Debit Card,30
OD3453,2017-11-19,2017-11-21,2017-11-23,2017-11-23,Express,Cash,90
OD3454,2015-10-14,2015-10-16,2015-10-18,2015-10-18,Express,UPI,90
OD3455,2015-02-17,2015-02-19,2015-02-21,2015-02-21,Express,UPI,80
OD3456,2018-06-19,2018-06-19,2018-06-24,2018-06-25,Standard,Cash,50
OD3457,2018-06-19,2018-06-20,2018-06-22,2018-06-22,Express,Cash,80
OD3458,2017-08-13,2017-08-14,2017-08-16,2017-08-17,Express,Cash,70
OD3459,2017-05-03,2017-05-03,2017-05-05,2017-05-05,Express,UPI,80
OD3460,2015-11-11,2015-11-11,2015-11-11,2015-11-11,Same Day,UPI,100
OD3461,2018-05-23,2018-05-25,2018-05-27,2018-05-27,Express,UPI,90
OD3462,2018-04-16,2018-04-17,2018-04-19,2018-04-21,Express,UPI,90
OD3463,2016-10-23,2016-10-25,2016-10-27,2016-10-26,Express,UPI,90
OD3464,2016-06-08,2016-06-08,2016-06-13,2016-06-13,Standard,Debit Card,30
OD3466,2018-10-21,2018-10-21,2018-10-21,2018-10-21,Same Day,Debit Card,150
OD3467,2016-04-19,2016-04-19,2016-04-21,2016-04-21,Express,Debit Card,70
OD3468,2015-02-16,2015-02-17,2015-02-22,2015-02-22,Standard,Cash,40
OD3469,2016-04-02,2016-04-04,2016-04-09,2016-04-09,Standard,Debit Card,30
OD3470,2015-12-20,2015-12-22,2015-12-24,2015-12-24,Express,Cash,70
OD3471,2018-09-11,2018-09-13,2018-09-15,2018-09-15,Express,UPI,90
OD3472,2018-02-09,2018-02-09,2018-02-09,2018-02-09,Same Day,Credit Card,150
OD3473,2018-01-01,2018-01-01,2018-01-01,2018-01-01,Same Day,Cash,150
OD3474,2015-07-26,2015-07-28,2015-08-02,2015-08-02,Standard,Cash,50
OD3475,2017-05-06,2017-05-06,2017-05-06,2017-05-06,Same Day,Cash,100
OD3476,2015-12-06,2015-12-07,2015-12-12,2015-12-12,Standard,Cash,50
OD3477,2017-03-21,2017-03-21,2017-03-21,2017-03-21,Same Day,Debit Card,150
OD3478,2018-07-21,2018-07-21,2018-07-26,2018-07-25,Standard,Debit Card,50
OD3479,2018-05-22,2018-05-24,2018-05-29,2018-05-29,Standard,UPI,30
OD3480,2018-08-19,2018-08-19,2018-08-24,2018-08-24,Standard,Cash,40
OD3481,2016-03-20,2016-03-21,2016-03-26,2016-03-26,Standard,Debit Card,50
OD3482,2017-08-22,2017-08-22,2017-08-22,2017-08-22,Same Day,Cash,120
OD3483,2017-11-19,2017-11-19,2017-11-19,2017-11-19,Same Day,Debit Card,120
OD3484,2017-11-14,2017-11-14,2017-11-14,2017-11-14,Same Day,Debit Card,150
OD3485,2018-11-06,2018-11-06,2018-11-06,2018-11-06,Same Day,Cash,100
OD3486,2017-09-26,2017-09-27,2017-09-29,2017-09-29,Express,UPI,70
OD3487,2017-03-13,2017-03-14,2017-03-16,2017-03-18,Express,Debit Card,70
OD3488,2018-10-19,2018-10-19,2018-10-19,2018-10-19,Same Day,Debit Card,150
OD3489,2017-03-06,2017-03-06,2017-03-06,2017-03-06,Same Day,UPI,150
OD3490,2017-05-03,2017-05-03,2017-05-08,2017-05-09,Standard,UPI,50
OD3491,2015-03-03,2015-03-05,2015-03-10,2015-03-10,Standard,Cash,50
OD3492,2017-09-03,2017-09-03,2017-09-03,2017-09-03,Same Day,UPI,100
OD3493,2016-03-08,2016-03-09,2016-03-11,2016-03-10,Express,UPI,90
OD3494,2018-02-25,2018-02-25,2018-02-27,2018-02-26,Express,Cash,70
OD3495,2015-06-06,2015-06-08,2015-06-13,2015-06-13,Standard,Debit Card,30
OD3496,2017-09-11,2017-09-13,2017-09-18,2017-09-18,Standard,Cash,50
OD3497,2015-10-14,2015-10-14,2015-10-14,2015-10-14,Same Day,Debit Card,120
OD3498,2018-06-22,2018-06-23,2018-06-28,2018-06-29,Standard,Cash,50
OD3499,2016-09-20,2016-09-21,2016-09-23,2016-09-24,Express,Cash,80
OD3500,2015-09-07,2015-09-08,2015-09-10,2015-09-10,Express,Cash,80
OD3502,2018-10-23,2018-10-23,2018-10-23,2018-10-23,Same Day,Credit Card,150
OD3503,2018-12-25,2018-12-25,2018-12-30,2018-12-30,Standard,Cash,50
OD3504,2015-10-03,2015-10-03,2015-10-05,2015-10-06,Express,Debit Card,80
OD3505,2015-02-16,2015-02-16,2015-02-16,2015-02-16,Same Day,UPI,120
OD3506,2017-11-05,2017-11-06,2017-11-11,2017-11-13,Standard,Cash,40
OD3508,2018-04-21,2018-04-21,2018-04-21,2018-04-21,Same Day,UPI,150
OD3509,2018-04-21,2018-04-21,2018-04-21,2018-04-21,Same Day,Debit Card,150
OD3510,2016-04-06,2016-04-06,2016-04-06,2016-04-06,Same Day,Credit Card,120
OD3511,2015-08-25,2015-08-25,2015-08-25,2015-08-25,Same Day,UPI,100
OD3512,2015-08-25,2015-08-25,2015-08-25,2015-08-25,Same Day,Cash,150
OD3513,2015-11-07,2015-11-07,2015-11-07,2015-11-07,Same Day,Debit Card,150
OD3514,2016-02-06,2016-02-07,2016-02-09,2016-02-09,Express,UPI,90
OD3515,2018-04-16,2018-04-16,2018-04-18,2018-04-18,Express,Credit Card,90
OD3516,2015-12-06,2015-12-06,2015-12-11,2015-12-11,Standard,Debit Card,40
OD3517,2015-10-14,2015-10-14,2015-10-14,2015-10-14,Same Day,Debit Card,120
OD3518,2016-10-22,2016-10-22,2016-10-24,2016-10-24,Express,UPI,90
OD3519,2015-12-14,2015-12-14,2015-12-14,2015-12-14,Same Day,Cash,120
OD3520,2017-03-06,2017-03-06,2017-03-06,2017-03-06,Same Day,Credit Card,100
OD3521,2018-01-29,2018-01-29,2018-01-29,2018-01-29,Same Day,Cash,120
OD3522,2016-10-01,2016-10-03,2016-10-05,2016-10-05,Express,UPI,80
OD3523,2018-06-08,2018-06-08,2018-06-08,2018-06-08,Same Day,Credit Card,100
OD3524,2016-04-19,2016-04-21,2016-04-23,2016-04-23,Express,UPI,70
OD3525,2018-08-18,2018-08-18,2018-08-18,2018-08-18,Same Day,Cash,150
OD3526,2016-12-31,2016-12-31,2016-12-31,2016-12-31,Same Day,UPI,120
OD3527,2017-04-08,2017-04-08,2017-04-08,2017-04-08,Same Day,UPI,120
OD3528,2018-02-09,2018-02-09,2018-02-09,2018-02-09,Same Day,Credit Card,150
OD3529,2017-07-23,2017-07-23,2017-07-23,2017-07-23,Same Day,Credit Card,120
OD3530,2015-06-20,2015-06-20,2015-06-22,2015-06-25,Express,Debit Card,90
OD3531,2015-07-26,2015-07-26,2015-07-26,2015-07-26,Same Day,Credit Card,100
OD3532,2018-11-25,2018-11-26,2018-11-28,2018-11-28,Express,UPI,90
OD3533,2018-05-23,2018-05-23,2018-05-23,2018-05-23,Same Day,Credit Card,100
OD3534,2018-04-24,2018-04-26,2018-04-28,2018-04-28,Express,Cash,80
OD3535,2016-07-20,2016-07-22,2016-07-24,2016-07-24,Express,Credit Card,80
OD3537,2015-02-21,2015-02-21,2015-02-23,2015-02-24,Express,Debit Card,90
OD3538,2018-12-25,2018-12-25,2018-12-25,2018-12-25,Same Day,UPI,100
OD3539,2018-08-18,2018-08-18,2018-08-20,2018-08-19,Express,Cash,70
OD3540,2018-10-07,2018-10-07,2018-10-09,2018-10-12,Express,Cash,80
OD3541,2017-11-19,2017-11-20,2017-11-22,2017-11-22,Express,Cash,70
OD3543,2015-11-11,2015-11-11,2015-11-11,2015-11-11,Same Day,Debit Card,120
OD3544,2018-01-01,2018-01-01,2018-01-01,2018-01-01,Same Day,Credit Card,120
OD3546,2018-09-23,2018-09-23,2018-09-23,2018-09-23,Same Day,Cash,100
OD3547,2015-12-22,2015-12-24,2015-12-29,2015-12-31,Standard,Debit Card,50
OD3548,2016-04-06,2016-04-07,2016-04-12,2016-04-12,Standard,Debit Card,50
OD3549,2016-11-08,2016-11-08,2016-11-08,2016-11-08,Same Day,UPI,120
OD3550,2017-11-22,2017-11-22,2017-11-22,2017-11-22,Same Day,Cash,150
OD3551,2017-11-22,2017-11-23,2017-11-25,2017-11-28,Express,Debit Card,70
OD3552,2016-12-10,2016-12-11,2016-12-16,2016-12-17,Standard,Cash,30
OD3553,2015-03-31,2015-03-31,2015-04-05,2015-04-04,Standard,Credit Card,50
OD3554,2016-12-06,2016-12-08,2016-12-10,2016-12-10,Express,Credit Card,90
OD3555,2015-01-07,2015-01-07,2015-01-12,2015-01-14,Standard,Credit Card,40
OD3556,2017-10-13,2017-10-13,2017-10-15,2017-10-15,Express,Debit Card,80
OD3557,2016-05-21,2016-05-21,2016-05-21,2016-05-21,Same Day,Credit Card,120
OD3558,2016-04-07,2016-04-09,2016-04-11,2016-04-10,Express,UPI,90
OD3559,2015-07-26,2015-07-28,2015-08-02,2015-08-01,Standard,UPI,30
OD3560,2018-12-25,2018-12-27,2018-12-29,2018-12-30,Express,Cash,70
OD3561,2016-11-07,2016-11-07,2016-11-07,2016-11-07,Same Day,Debit Card,120
OD3562,2018-01-01,2018-01-03,2018-01-05,2018-01-04,Express,Debit Card,80
OD3563,2015-05-23,2015-05-24,2015-05-26,2015-05-28,Express,Credit Card,70
OD3564,2016-09-25,2016-09-25,2016-09-25,2016-09-25,Same Day,Cash,120
OD3565,2015-07-02,2015-07-03,2015-07-05,2015-07-05,Express,UPI,90
OD3566,2017-11-14,2017-11-15,2017-11-17,2017-11-17,Express,Cash,80
OD3567,2017-04-22,2017-04-22,2017-04-27,2017-04-26,Standard,Credit Card,50
OD3568,2016-09-12,2016-09-12,2016-09-12,2016-09-12,Same Day,UPI,120
OD3569,2016-09-24,2016-09-25,2016-09-30,2016-10-02,Standard,Debit Card,30
OD3570,2018-01-19,2018-01-19,2018-01-24,2018-01-24,Standard,Credit Card,30
OD3571,2016-09-12,2016-09-14,2016-09-19,2016-09-19,Standard,Credit Card,40
OD3572,2017-12-09,2017-12-10,2017-12-15,2017-12-15,Standard,UPI,40
OD3573,2016-02-25,2016-02-27,2016-02-29,2016-02-29,Express,Credit Card,80
OD3574,2018-04-29,2018-04-29,2018-04-29,2018-04-29,Same Day,Debit Card,150
OD3575,2018-12-03,2018-12-04,2018-12-06,2018-12-06,Express,Debit Card,90
OD3577,2015-08-26,2015-08-27,2015-09-01,2015-08-31,Standard,Cash,30
OD3578,2018-10-06,2018-10-07,2018-10-09,2018-10-10,Express,Debit Card,70
OD3579,2016-12-06,2016-12-08,2016-12-13,2016-12-14,Standard,Cash,30
OD3580,2015-09-30,2015-09-30,2015-09-30,2015-09-30,Same Day,Debit Card,120
OD3581,2017-12-02,2017-12-04,2017-12-09,2017-12-09,Standard,Cash,30
OD3582,2017-03-01,2017-03-01,2017-03-01,2017-03-01,Same Day,UPI,100
OD3583,2018-01-19,2018-01-19,2018-01-19,2018-01-19,Same Day,Debit Card,150
OD3584,2016-05-28,2016-05-29,2016-05-31,2016-05-31,Express,Credit Card,90
OD3585,2018-11-13,2018-11-13,2018-11-13,2018-11-13,Same Day,Debit Card,150
OD3586,2018-11-11,2018-11-13,2018-11-15,2018-11-15,Express,Credit Card,90
OD3587,2017-11-11,2017-11-11,2017-11-13,2017-11-13,Express,Credit Card,70
OD3589,2015-08-11,2015-08-11,2015-08-11,2015-08-11,Same Day,Credit Card,100
OD3590,2018-08-15,2018-08-15,2018-08-15,2018-08-15,Same Day,Credit Card,100
OD3591,2017-11-19,2017-11-19,2017-11-21,2017-11-24,Express,Credit Card,80
OD3592,2017-07-17,2017-07-19,2017-07-21,2017-07-20,Express,Cash,70
OD3593,2018-04-23,2018-04-23,2018-04-25,2018-04-25,Express,Cash,80
OD3594,2018-01-20,2018-01-22,2018-01-24,2018-01-23,Express,UPI,80
OD3595,2017-06-05,2017-06-06,2017-06-08,2017-06-08,Express,Credit Card,90
OD3596,2016-02-06,2016-02-07,2016-02-12,2016-02-13,Standard,Credit Card,40
OD3597,2017-03-17,2017-03-17,2017-03-17,2017-03-17,Same Day,Credit Card,100
OD3598,2015-06-21,2015-06-21,2015-06-23,2015-06-23,Express,Credit Card,90
OD3599,2016-09-12,2016-09-12,2016-09-12,2016-09-12,Same Day,UPI,100
OD3600,2018-08-07,2018-08-08,2018-08-10,2018-08-11,Express,Debit Card,70
OD3601,2018-12-18,2018-12-18,2018-12-20,2018-12-20,Express,Cash,70
OD3602,2017-04-07,2017-04-07,2017-04-12,2017-04-12,Standard,UPI,30
OD3603,2016-09-10,2016-09-12,2016-09-17,2016-09-17,Standard,Debit Card,40
OD3604,2017-09-02,2017-09-04,2017-09-09,2017-09-09,Standard,Debit Card,50
OD3605,2017-04-19,2017-04-20,2017-04-25,2017-04-26,Standard,UPI,50
OD3606,2017-04-19,2017-04-19,2017-04-21,2017-04-20,Express,UPI,70
OD3607,2016-09-25,2016-09-27,2016-09-29,2016-09-28,Express,Debit Card,70
OD3608,2018-02-28,2018-03-02,2018-03-04,2018-03-04,Express,Credit Card,90
OD3609,2018-06-08,2018-06-09,2018-06-14,2018-06-15,Standard,UPI,50
OD3611,2017-05-26,2017-05-26,2017-05-31,2017-05-31,Standard,Cash,40
OD3612,2016-02-21,2016-02-23,2016-02-25,2016-02-25,Express,Credit Card,80
OD3613,2016-09-25,2016-09-26,2016-09-28,2016-09-27,Express,UPI,80
OD3614,2018-12-11,2018-12-11,2018-12-11,2018-12-11,Same Day,UPI,100
OD3615,2016-11-12,2016-11-12,2016-11-12,2016-11-12,Same Day,UPI,150
OD3616,2018-11-24,2018-11-25,2018-11-30,2018-11-30,Standard,UPI,30
OD3617,2017-06-23,2017-06-23,2017-06-23,2017-06-23,Same Day,Credit Card,120
OD3618,2015-11-27,2015-11-27,2015-11-27,2015-11-27,Same Day,UPI,120
OD3619,2018-09-20,2018-09-20,2018-09-22,2018-09-22,Express,Cash,90
OD3620,2016-09-12,2016-09-12,2016-09-17,2016-09-16,Standard,Credit Card,40
OD3621,2015-11-29,2015-12-01,2015-12-06,2015-12-05,Standard,Debit Card,50
OD3622,2017-12-14,2017-12-14,2017-12-14,2017-12-14,Same Day,Credit Card,100
OD3623,2018-01-29,2018-01-31,2018-02-05,2018-02-04,Standard,UPI,50
OD3624,2016-09-25,2016-09-25,2016-09-25,2016-09-25,Same Day,Credit Card,120
OD3625,2018-03-20,2018-03-22,2018-03-27,2018-03-27,Standard,Credit Card,50
OD3626,2017-05-26,2017-05-26,2017-05-26,2017-05-26,Same Day,Credit Card,150
OD3627,2018-01-15,2018-01-15,2018-01-15,2018-01-15,Same Day,UPI,150
OD3628,2017-03-29,2017-03-30,2017-04-01,2017-04-01,Express,Credit Card,80
OD3629,2017-03-08,2017-03-10,2017-03-12,2017-03-13,Express,Credit Card,90
OD3630,2017-12-14,2017-12-16,2017-12-21,2017-12-22,Standard,Cash,30
OD3631,2018-10-09,2018-10-09,2018-10-14,2018-10-14,Standard,UPI,50
OD3632,2018-09-14,2018-09-14,2018-09-14,2018-09-14,Same Day,Cash,100
OD3633,2018-09-14,2018-09-16,2018-09-18,2018-09-18,Express,UPI,70
OD3634,2015-05-25,2015-05-25,2015-05-27,2015-05-29,Express,Credit Card,80
OD3635,2018-11-24,2018-11-24,2018-11-26,2018-11-27,Express,Debit Card,80
OD3637,2017-11-21,2017-11-21,2017-11-23,2017-11-23,Express,UPI,90
OD3638,2016-09-17,2016-09-17,2016-09-22,2016-09-22,Standard,Debit Card,50
OD3639,2018-09-20,2018-09-20,2018-09-25,2018-09-25,Standard,Credit Card,40
OD3640,2017-12-10,2017-12-10,2017-12-10,2017-12-10,Same Day,Cash,100
OD3641,2017-06-05,2017-06-05,2017-06-05,2017-06-05,Same Day,Debit Card,150
OD3642,2016-09-12,2016-09-14,2016-09-16,2016-09-15,Express,Credit Card,90
OD3643,2018-12-17,2018-12-17,2018-12-22,2018-12-23,Standard,Debit Card,30
OD3644,2017-02-02,2017-02-03,2017-02-05,2017-02-05,Express,Credit Card,80
OD3645,2017-10-27,2017-10-29,2017-11-03,2017-11-05,Standard,UPI,50
OD3646,2018-05-14,2018-05-14,2018-05-19,2018-05-20,Standard,Credit Card,30
OD3647,2017-03-01,2017-03-01,2017-03-01,2017-03-01,Same Day,Credit Card,150
OD3648,2015-05-23,2015-05-23,2015-05-23,2015-05-23,Same Day,Cash,150
OD3649,2017-04-19,2017-04-21,2017-04-23,2017-04-22,Express,Credit Card,70
OD3650,2016-12-29,2016-12-31,2017-01-05,2017-01-05,Standard,Cash,30
OD3651,2016-04-09,2016-04-09,2016-04-09,2016-04-09,Same Day,Debit Card,150
OD3652,2017-06-12,2017-06-12,2017-06-17,2017-06-17,Standard,Debit Card,50
OD3653,2015-11-01,2015-11-02,2015-11-04,2015-11-03,Express,Credit Card,80
OD3654,2015-12-30,2015-12-30,2016-01-04,2016-01-05,Standard,Cash,50
OD3655,2018-02-04,2018-02-06,2018-02-11,2018-02-11,Standard,Cash,50
OD3656,2018-01-19,2018-01-19,2018-01-19,2018-01-19,Same Day,Cash,100
OD3657,2016-04-27,2016-04-28,2016-04-30,2016-04-29,Express,Debit Card,80
OD3658,2016-12-12,2016-12-14,2016-12-19,2016-12-19,Standard,UPI,30
OD3659,2018-02-13,2018-02-15,2018-02-17,2018-02-18,Express,UPI,70
OD3660,2015-05-07,2015-05-08,2015-05-10,2015-05-09,Express,UPI,70
OD3661,2016-05-28,2016-05-30,2016-06-04,2016-06-04,Standard,UPI,50
OD3662,2015-06-30,2015-06-30,2015-07-05,2015-07-05,Standard,Cash,50
OD3663,2015-09-13,2015-09-15,2015-09-20,2015-09-20,Standard,Credit Card,40
OD3664,2016-11-27,2016-11-28,2016-12-03,2016-12-03,Standard,Credit Card,40
OD3665,2016-04-17,2016-04-17,2016-04-17,2016-04-17,Same Day,Debit Card,100
OD3666,2018-06-12,2018-06-12,2018-06-12,2018-06-12,Same Day,Credit Card,120
OD3667,2017-11-20,2017-11-20,2017-11-22,2017-11-22,Express,Debit Card,80
OD3669,2016-07-09,2016-07-09,2016-07-11,2016-07-10,Express,Credit Card,70
OD3670,2018-03-13,2018-03-15,2018-03-17,2018-03-17,Express,Debit Card,90
OD3671,2015-05-07,2015-05-08,2015-05-13,2015-05-13,Standard,UPI,30
OD3672,2016-03-14,2016-03-16,2016-03-21,2016-03-21,Standard,UPI,40
OD3673,2018-06-24,2018-06-25,2018-06-30,2018-07-02,Standard,Credit Card,30
OD3674,2018-09-29,2018-09-29,2018-09-29,2018-09-29,Same Day,Cash,120
OD3675,2016-09-26,2016-09-27,2016-09-29,2016-09-28,Express,UPI,70
OD3676,2017-06-16,2017-06-16,2017-06-21,2017-06-21,Standard,UPI,40
OD3677,2017-06-05,2017-06-05,2017-06-05,2017-06-05,Same Day,Debit Card,120
OD3678,2016-07-09,2016-07-09,2016-07-09,2016-07-09,Same Day,Credit Card,120
OD3679,2018-10-28,2018-10-28,2018-10-30,2018-11-02,Express,Cash,70
OD3680,2017-05-07,2017-05-09,2017-05-14,2017-05-14,Standard,Cash,30
OD3681,2018-03-07,2018-03-07,2018-03-09,2018-03-08,Express,Debit Card,80
OD3682,2017-03-03,2017-03-03,2017-03-05,2017-03-05,Express,Cash,80
OD3683,2015-08-26,2015-08-26,2015-08-26,2015-08-26,Same Day,Credit Card,150
OD3684,2017-05-26,2017-05-27,2017-05-29,2017-05-28,Express,Debit Card,90
OD3685,2015-05-24,2015-05-24,2015-05-26,2015-05-28,Express,UPI,90
OD3686,2018-08-19,2018-08-20,2018-08-25,2018-08-25,Standard,Credit Card,50
OD3687,2016-11-22,2016-11-22,2016-11-22,2016-11-22,Same Day,Cash,150
OD3688,2018-10-06,2018-10-06,2018-10-11,2018-10-11,Standard,Credit Card,50
OD3689,2018-12-21,2018-12-21,2018-12-21,2018-12-21,Same Day,UPI,120
OD3690,2017-06-12,2017-06-13,2017-06-15,2017-06-14,Express,Debit Card,80
OD3691,2015-11-01,2015-11-01,2015-11-01,2015-11-01,Same Day,UPI,100
OD3692,2017-06-23,2017-06-23,2017-06-25,2017-06-25,Express,Debit Card,70
OD3693,2015-09-15,2015-09-15,2015-09-15,2015-09-15,Same Day,UPI,150
OD3694,2016-11-08,2016-11-08,2016-11-08,2016-11-08,Same Day,Cash,100
OD3695,2016-11-20,2016-11-21,2016-11-23,2016-11-24,Express,Cash,70
OD3696,2016-05-08,2016-05-08,2016-05-10,2016-05-10,Express,Cash,90
OD3697,2018-12-11,2018-12-11,2018-12-13,2018-12-13,Express,UPI,90
OD3698,2015-08-30,2015-08-30,2015-08-30,2015-08-30,Same Day,Credit Card,150
OD3699,2018-09-17,2018-09-19,2018-09-24,2018-09-24,Standard,UPI,40
OD3700,2016-04-09,2016-04-10,2016-04-12,2016-04-11,Express,Credit Card,70
OD3701,2018-06-26,2018-06-28,2018-07-03,2018-07-02,Standard,Cash,50
OD3702,2016-05-28,2016-05-29,2016-06-03,2016-06-03,Standard,UPI,30
OD3703,2015-11-03,2015-11-05,2015-11-10,2015-11-09,Standard,Debit Card,40
OD3704,2018-02-13,2018-02-13,2018-02-15,2018-02-18,Express,Credit Card,70
OD3705,2017-09-01,2017-09-01,2017-09-01,2017-09-01,Same Day,Debit Card,100
OD3706,2016-05-08,2016-05-10,2016-05-15,2016-05-14,Standard,Credit Card,40
OD3707,2017-05-22,2017-05-22,2017-05-24,2017-05-23,Express,Credit Card,70
OD3708,2018-07-21,2018-07-21,2018-07-26,2018-07-27,Standard,UPI,50
OD3709,2015-06-04,2015-06-04,2015-06-04,2015-06-04,Same Day,Credit Card,100
OD3710,2016-07-09,2016-07-09,2016-07-09,2016-07-09,Same Day,Debit Card,100
OD3711,2015-06-16,2015-06-17,2015-06-19,2015-06-22,Express,Debit Card,90
OD3712,2017-04-01,2017-04-01,2017-04-01,2017-04-01,Same Day,Cash,100
OD3713,2015-09-22,2015-09-22,2015-09-22,2015-09-22,Same Day,UPI,150
OD3714,2015-11-30,2015-11-30,2015-11-30,2015-11-30,Same Day,Credit Card,100
OD3715,2017-01-15,2017-01-15,2017-01-15,2017-01-15,Same Day,Debit Card,100
OD3716,2016-07-09,2016-07-11,2016-07-13,2016-07-16,Express,Cash,90
OD3717,2017-02-15,2017-02-15,2017-02-15,2017-02-15,Same Day,UPI,100
OD3718,2017-12-09,2017-12-09,2017-12-09,2017-12-09,Same Day,UPI,120
OD3719,2016-03-14,2016-03-14,2016-03-14,2016-03-14,Same Day,UPI,100
OD3720,2017-06-23,2017-06-23,2017-06-28,2017-06-28,Standard,UPI,40
OD3721,2016-09-12,2016-09-12,2016-09-17,2016-09-17,Standard,Credit Card,50
OD3722,2016-02-25,2016-02-25,2016-02-25,2016-02-25,Same Day,Debit Card,100
OD3723,2018-10-02,2018-10-02,2018-10-04,2018-10-03,Express,Cash,70
OD3724,2015-07-11,2015-07-12,2015-07-17,2015-07-17,Standard,UPI,30
OD3725,2016-06-29,2016-06-29,2016-06-29,2016-06-29,Same Day,UPI,100
OD3726,2017-09-05,2017-09-06,2017-09-11,2017-09-10,Standard,UPI,40
OD3727,2016-11-01,2016-11-01,2016-11-01,2016-11-01,Same Day,Debit Card,100
OD3728,2016-03-29,2016-03-29,2016-04-03,2016-04-02,Standard,Credit Card,30
OD3729,2018-06-12,2018-06-13,2018-06-15,2018-06-16,Express,Cash,90
OD3730,2018-01-19,2018-01-19,2018-01-21,2018-01-21,Express,Cash,70
OD3731,2018-07-09,2018-07-10,2018-07-12,2018-07-12,Express,Credit Card,70
OD3732,2017-05-16,2017-05-16,2017-05-21,2017-05-21,Standard,Debit Card,40
OD3733,2017-04-19,2017-04-19,2017-04-19,2017-04-19,Same Day,Cash,100
OD3734,2016-09-17,2016-09-17,2016-09-19,2016-09-19,Express,Cash,70
OD3735,2018-09-20,2018-09-22,2018-09-27,2018-09-27,Standard,Debit Card,30
OD3736,2016-05-17,2016-05-17,2016-05-22,2016-05-22,Standard,UPI,50
OD3737,2017-09-04,2017-09-06,2017-09-11,2017-09-11,Standard,Cash,50
OD3738,2018-08-06,2018-08-07,2018-08-09,2018-08-08,Express,Cash,70
OD3739,2017-05-19,2017-05-20,2017-05-22,2017-05-24,Express,Credit Card,90
OD3740,2017-09-20,2017-09-20,2017-09-22,2017-09-25,Express,Cash,90
OD3741,2016-11-08,2016-11-10,2016-11-15,2016-11-16,Standard,Cash,40
OD3742,2015-03-30,2015-03-31,2015-04-05,2015-04-05,Standard,Debit Card,40
OD3743,2018-03-25,2018-03-25,2018-03-30,2018-03-31,Standard,Credit Card,40
OD3744,2015-08-30,2015-08-30,2015-09-04,2015-09-04,Standard,Cash,50
OD3745,2018-12-11,2018-12-11,2018-12-13,2018-12-12,Express,Debit Card,70
OD3746,2015-06-16,2015-06-16,2015-06-16,2015-06-16,Same Day,Credit Card,100
OD3747,2018-10-12,2018-10-14,2018-10-19,2018-10-21,Standard,Cash,50
OD3748,2016-05-28,2016-05-29,2016-05-31,2016-06-01,Express,UPI,80
OD3749,2017-06-23,2017-06-24,2017-06-29,2017-06-29,Standard,Debit Card,50
OD3750,2018-07-09,2018-07-10,2018-07-15,2018-07-15,Standard,Credit Card,40
OD3751,2017-11-14,2017-11-14,2017-11-19,2017-11-21,Standard,UPI,40
OD3752,2018-05-12,2018-05-14,2018-05-19,2018-05-19,Standard,Credit Card,50
OD3753,2016-09-12,2016-09-12,2016-09-12,2016-09-12,Same Day,Cash,150
OD3754,2017-11-19,2017-11-20,2017-11-25,2017-11-27,Standard,Credit Card,50
OD3755,2018-09-29,2018-09-29,2018-09-29,2018-09-29,Same Day,Credit Card,100
OD3756,2018-09-19,2018-09-19,2018-09-21,2018-09-20,Express,Cash,90
OD3757,2015-03-24,2015-03-24,2015-03-24,2015-03-24,Same Day,Cash,120
OD3759,2016-06-12,2016-06-12,2016-06-12,2016-06-12,Same Day,Cash,100
OD3760,2017-06-23,2017-06-25,2017-06-27,2017-06-29,Express,Credit Card,90
OD3761,2017-05-19,2017-05-19,2017-05-19,2017-05-19,Same Day,UPI,120
OD3762,2016-09-17,2016-09-19,2016-09-21,2016-09-21,Express,UPI,70
OD3764,2018-12-21,2018-12-22,2018-12-27,2018-12-27,Standard,Cash,30
OD3765,2017-04-19,2017-04-19,2017-04-19,2017-04-19,Same Day,Credit Card,120
OD3766,2018-07-09,2018-07-10,2018-07-12,2018-07-11,Express,Debit Card,80
OD3767,2018-11-30,2018-11-30,2018-11-30,2018-11-30,Same Day,Cash,150
OD3768,2018-12-18,2018-12-20,2018-12-25,2018-12-24,Standard,Credit Card,50
OD3769,2016-07-09,2016-07-09,2016-07-09,2016-07-09,Same Day,Debit Card,100
OD3770,2017-05-22,2017-05-23,2017-05-25,2017-05-24,Express,UPI,90
OD3771,2017-12-14,2017-12-14,2017-12-14,2017-12-14,Same Day,Debit Card,120
OD3773,2018-11-17,2018-11-17,2018-11-17,2018-11-17,Same Day,Debit Card,100
OD3774,2018-03-23,2018-03-23,2018-03-25,2018-03-25,Express,Credit Card,90
OD3775,2015-06-08,2015-06-09,2015-06-11,2015-06-11,Express,Cash,90
OD3776,2015-12-26,2015-12-26,2015-12-31,2015-12-31,Standard,UPI,40
OD3777,2016-09-14,2016-09-15,2016-09-17,2016-09-17,Express,Cash,70
OD3778,2018-11-07,2018-11-07,2018-11-12,2018-11-12,Standard,UPI,50
OD3779,2018-12-11,2018-12-11,2018-12-11,2018-12-11,Same Day,Debit Card,100
OD3781,2017-10-27,2017-10-28,2017-10-30,2017-10-29,Express,Debit Card,70
OD3782,2015-11-02,2015-11-02,2015-11-07,2015-11-06,Standard,UPI,30
OD3783,2016-09-17,2016-09-19,2016-09-21,2016-09-22,Express,UPI,80
OD3784,2016-11-13,2016-11-15,2016-11-20,2016-11-19,Standard,Cash,30
OD3785,2016-12-06,2016-12-06,2016-12-06,2016-12-06,Same Day,Cash,100
OD3786,2016-11-30,2016-11-30,2016-12-02,2016-12-02,Express,Cash,70
OD3787,2016-05-28,2016-05-28,2016-05-28,2016-05-28,Same Day,Cash,120
OD3788,2016-07-09,2016-07-09,2016-07-09,2016-07-09,Same Day,Debit Card,100
OD3789,2018-06-30,2018-07-02,2018-07-07,2018-07-07,Standard,UPI,50
OD3790,2017-06-23,2017-06-23,2017-06-23,2017-06-23,Same Day,UPI,150
OD3791,2018-04-23,2018-04-23,2018-04-23,2018-04-23,Same Day,Cash,120
OD3792,2017-04-01,2017-04-03,2017-04-08,2017-04-09,Standard,Credit Card,40
OD3793,2017-08-06,2017-08-06,2017-08-06,2017-08-06,Same Day,Cash,150
OD3794,2018-11-24,2018-11-25,2018-11-27,2018-11-30,Express,UPI,70
OD3795,2017-04-22,2017-04-22,2017-04-27,2017-04-26,Standard,Credit Card,50
OD3796,2016-07-09,2016-07-09,2016-07-14,2016-07-14,Standard,Cash,50
OD3797,2018-11-06,2018-11-07,2018-11-12,2018-11-11,Standard,Cash,50
OD3798,2018-04-01,2018-04-02,2018-04-07,2018-04-06,Standard,Credit Card,50
OD3799,2017-01-15,2017-01-16,2017-01-18,2017-01-18,Express,Credit Card,70
OD3800,2018-09-20,2018-09-20,2018-09-25,2018-09-25,Standard,Cash,30
OD3801,2018-08-07,2018-08-07,2018-08-09,2018-08-09,Express,Debit Card,80
OD3802,2016-05-17,2016-05-18,2016-05-20,2016-05-19,Express,Credit Card,80
OD3803,2018-12-18,2018-12-18,2018-12-18,2018-12-18,Same Day,Credit Card,120
OD3804,2017-09-25,2017-09-25,2017-09-25,2017-09-25,Same Day,Credit Card,120
OD3805,2015-12-14,2015-12-15,2015-12-17,2015-12-16,Express,Cash,70
OD3806,2017-04-01,2017-04-03,2017-04-08,2017-04-07,Standard,Cash,30
OD3807,2017-11-10,2017-11-10,2017-11-10,2017-11-10,Same Day,Cash,150
OD3808,2015-06-30,2015-06-30,2015-06-30,2015-06-30,Same Day,Debit Card,100
OD3809,2015-01-28,2015-01-28,2015-01-28,2015-01-28,Same Day,Debit Card,150
OD3810,2018-05-18,2018-05-20,2018-05-22,2018-05-24,Express,Credit Card,70
OD3811,2018-12-11,2018-12-12,2018-12-17,2018-12-16,Standard,Credit Card,50
OD3812,2015-09-22,2015-09-23,2015-09-28,2015-09-28,Standard,Credit Card,30
OD3813,2017-05-09,2017-05-09,2017-05-11,2017-05-12,Express,Credit Card,90
OD3814,2018-07-25,2018-07-26,2018-07-31,2018-07-31,Standard,Debit Card,40
OD3815,2018-05-14,2018-05-14,2018-05-16,2018-05-15,Express,Cash,70
OD3816,2018-07-12,2018-07-12,2018-07-12,2018-07-12,Same Day,Cash,150
OD3817,2016-03-28,2016-03-30,2016-04-04,2016-04-05,Standard,Cash,50
OD3818,2015-11-18,2015-11-20,2015-11-25,2015-11-25,Standard,Cash,50
OD3819,2018-12-18,2018-12-20,2018-12-25,2018-12-28,Standard,Credit Card,50
OD3820,2017-11-12,2017-11-13,2017-11-18,2017-11-18,Standard,UPI,30
OD3821,2015-06-21,2015-06-21,2015-06-26,2015-06-26,Standard,Debit Card,30
OD3822,2016-03-01,2016-03-02,2016-03-07,2016-03-07,Standard,Cash,30
OD3823,2015-12-26,2015-12-26,2015-12-31,2015-12-31,Standard,Debit Card,40
OD3824,2015-12-26,2015-12-26,2015-12-31,2015-12-30,Standard,Debit Card,30
OD3825,2016-05-03,2016-05-05,2016-05-10,2016-05-11,Standard,UPI,30
OD3826,2015-08-19,2015-08-19,2015-08-21,2015-08-20,Express,Credit Card,90
OD3827,2018-06-20,2018-06-20,2018-06-20,2018-06-20,Same Day,Credit Card,100
OD3828,2017-07-22,2017-07-24,2017-07-26,2017-07-26,Express,Credit Card,70
OD3829,2015-07-14,2015-07-14,2015-07-14,2015-07-14,Same Day,Credit Card,120
OD3830,2016-05-03,2016-05-05,2016-05-07,2016-05-06,Express,Credit Card,90
OD3831,2017-09-14,2017-09-14,2017-09-19,2017-09-22,Standard,UPI,30
OD3832,2015-06-08,2015-06-08,2015-06-08,2015-06-08,Same Day,Credit Card,120
OD3833,2015-07-18,2015-07-18,2015-07-23,2015-07-23,Standard,Credit Card,30
OD3834,2018-12-03,2018-12-04,2018-12-09,2018-12-09,Standard,Debit Card,50
OD3835,2015-09-01,2015-09-02,2015-09-04,2015-09-05,Express,Credit Card,70
OD3836,2015-11-03,2015-11-05,2015-11-07,2015-11-10,Express,Cash,80
OD3837,2015-11-03,2015-11-05,2015-11-07,2015-11-07,Express,Credit Card,70
OD3838,2017-10-27,2017-10-27,2017-10-27,2017-10-27,Same Day,Debit Card,120
OD3839,2017-03-08,2017-03-08,2017-03-08,2017-03-08,Same Day,Debit Card,120
OD3842,2017-04-04,2017-04-04,2017-04-06,2017-04-06,Express,UPI,90
OD3843,2018-11-14,2018-11-15,2018-11-17,2018-11-19,Express,UPI,70
OD3844,2016-11-19,2016-11-20,2016-11-25,2016-11-28,Standard,UPI,40
OD3845,2017-04-19,2017-04-19,2017-04-19,2017-04-19,Same Day,UPI,150
OD3846,2017-12-22,2017-12-24,2017-12-26,2017-12-26,Express,UPI,70
OD3847,2016-05-28,2016-05-28,2016-05-28,2016-05-28,Same Day,Debit Card,150
OD3848,2016-06-22,2016-06-24,2016-06-29,2016-06-29,Standard,Cash,30
OD3849,2016-06-16,2016-06-16,2016-06-18,2016-06-19,Express,Credit Card,90
OD3850,2016-11-28,2016-11-28,2016-11-28,2016-11-28,Same Day,UPI,120
OD3852,2018-05-12,2018-05-12,2018-05-17,2018-05-17,Standard,Credit Card,30
OD3853,2018-05-14,2018-05-14,2018-05-16,2018-05-16,Express,UPI,90
OD3854,2017-12-30,2018-01-01,2018-01-03,2018-01-03,Express,Cash,70
OD3855,2015-11-29,2015-11-30,2015-12-05,2015-12-06,Standard,UPI,40
OD3856,2018-04-30,2018-04-30,2018-04-30,2018-04-30,Same Day,Credit Card,100
OD3857,2018-07-14,2018-07-15,2018-07-17,2018-07-17,Express,Debit Card,70
OD3858,2017-05-23,2017-05-25,2017-05-27,2017-05-27,Express,Credit Card,90
OD3859,2016-05-03,2016-05-03,2016-05-08,2016-05-07,Standard,UPI,30
OD3860,2015-11-17,2015-11-17,2015-11-17,2015-11-17,Same Day,Cash,150
OD3862,2018-02-03,2018-02-04,2018-02-09,2018-02-09,Standard,UPI,30
OD3863,2017-09-25,2017-09-25,2017-09-27,2017-09-27,Express,Credit Card,90
OD3864,2018-04-11,2018-04-11,2018-04-11,2018-04-11,Same Day,Debit Card,150
OD3865,2015-10-11,2015-10-13,2015-10-18,2015-10-18,Standard,UPI,50
OD3866,2018-10-30,2018-10-31,2018-11-05,2018-11-05,Standard,Cash,40
OD3867,2017-12-30,2017-12-30,2018-01-04,2018-01-07,Standard,Debit Card,30
OD3868,2018-07-18,2018-07-19,2018-07-24,2018-07-24,Standard,Credit Card,30
OD3869,2017-04-07,2017-04-07,2017-04-07,2017-04-07,Same Day,Debit Card,100
OD3870,2016-02-14,2016-02-14,2016-02-19,2016-02-20,Standard,Cash,40
OD3871,2017-09-05,2017-09-05,2017-09-05,2017-09-05,Same Day,UPI,100
OD3872,2017-09-22,2017-09-23,2017-09-28,2017-09-27,Standard,UPI,30
OD3873,2015-01-05,2015-01-05,2015-01-10,2015-01-10,Standard,Debit Card,30
OD3874,2017-12-04,2017-12-04,2017-12-04,2017-12-04,Same Day,UPI,150
OD3875,2015-11-17,2015-11-17,2015-11-17,2015-11-17,Same Day,Cash,100
OD3876,2015-06-16,2015-06-17,2015-06-22,2015-06-21,Standard,Cash,30
OD3877,2018-12-17,2018-12-18,2018-12-20,2018-12-21,Express,Debit Card,70
OD3878,2017-02-15,2017-02-15,2017-02-15,2017-02-15,Same Day,UPI,150
OD3879,2017-05-31,2017-06-02,2017-06-07,2017-06-08,Standard,UPI,30
OD3880,2017-01-15,2017-01-15,2017-01-15,2017-01-15,Same Day,Cash,150
OD3881,2018-12-24,2018-12-24,2018-12-26,2018-12-27,Express,Credit Card,90
OD3883,2018-10-09,2018-10-09,2018-10-09,2018-10-09,Same Day,Cash,150
OD3884,2017-12-02,2017-12-02,2017-12-02,2017-12-02,Same Day,Credit Card,100
OD3885,2017-12-02,2017-12-02,2017-12-02,2017-12-02,Same Day,Credit Card,150
OD3886,2015-06-29,2015-07-01,2015-07-03,2015-07-03,Express,Credit Card,70
OD3887,2018-06-12,2018-06-12,2018-06-12,2018-06-12,Same Day,Cash,100
OD3888,2018-09-20,2018-09-21,2018-09-26,2018-09-26,Standard,Credit Card,50
OD3889,2017-05-15,2017-05-17,2017-05-22,2017-05-21,Standard,UPI,30
OD3890,2018-12-24,2018-12-24,2018-12-24,2018-12-24,Same Day,UPI,150
OD3891,2015-05-03,2015-05-03,2015-05-03,2015-05-03,Same Day,Cash,120
OD3892,2015-05-03,2015-05-04,2015-05-09,2015-05-09,Standard,Cash,50
OD3893,2015-10-11,2015-10-12,2015-10-17,2015-10-16,Standard,UPI,30
OD3894,2018-09-07,2018-09-07,2018-09-09,2018-09-09,Express,Cash,90
OD3896,2018-12-18,2018-12-18,2018-12-20,2018-12-19,Express,Debit Card,90
OD3897,2016-03-28,2016-03-28,2016-03-28,2016-03-28,Same Day,UPI,120
OD3898,2018-09-07,2018-09-08,2018-09-10,2018-09-11,Express,Debit Card,80
OD3899,2015-12-26,2015-12-26,2015-12-28,2015-12-27,Express,UPI,90
OD3900,2018-11-06,2018-11-06,2018-11-11,2018-11-11,Standard,Credit Card,50
OD3901,2017-09-25,2017-09-27,2017-10-02,2017-10-03,Standard,Credit Card,40
OD3902,2016-11-20,2016-11-22,2016-11-24,2016-11-23,Express,Debit Card,90
OD3903,2017-04-07,2017-04-09,2017-04-11,2017-04-13,Express,Debit Card,70
OD3904,2018-06-01,2018-06-02,2018-06-07,2018-06-10,Standard,Debit Card,30
OD3905,2016-07-05,2016-07-07,2016-07-09,2016-07-08,Express,UPI,90
OD3906,2016-05-03,2016-05-03,2016-05-03,2016-05-03,Same Day,UPI,150
OD3907,2018-10-21,2018-10-22,2018-10-24,2018-10-24,Express,UPI,70
OD3908,2015-11-03,2015-11-04,2015-11-06,2015-11-06,Express,Credit Card,70
OD3909,2017-12-03,2017-12-05,2017-12-07,2017-12-07,Express,Debit Card,90
OD3910,2018-04-10,2018-04-12,2018-04-14,2018-04-15,Express,Debit Card,70
OD3911,2017-01-22,2017-01-22,2017-01-24,2017-01-25,Express,UPI,80
OD3912,2017-05-19,2017-05-20,2017-05-25,2017-05-24,Standard,UPI,30
OD3913,2015-05-30,2015-05-30,2015-06-04,2015-06-04,Standard,Credit Card,30
OD3914,2015-06-21,2015-06-21,2015-06-23,2015-06-24,Express,Cash,90
OD3915,2018-12-01,2018-12-01,2018-12-01,2018-12-01,Same Day,Debit Card,150
OD3916,2016-06-12,2016-06-13,2016-06-18,2016-06-18,Standard,Credit Card,50
OD3917,2018-10-30,2018-10-30,2018-11-04,2018-11-03,Standard,Credit Card,30
OD3918,2015-12-26,2015-12-26,2015-12-26,2015-12-26,Same Day,UPI,150
OD3919,2017-04-05,2017-04-05,2017-04-10,2017-04-10,Standard,Debit Card,30
OD3920,2017-05-30,2017-05-30,2017-06-04,2017-06-04,Standard,Cash,40
OD3921,2018-09-09,2018-09-11,2018-09-13,2018-09-13,Express,UPI,90
OD3922,2018-07-14,2018-07-15,2018-07-17,2018-07-18,Express,Debit Card,70
OD3923,2017-05-09,2017-05-09,2017-05-09,2017-05-09,Same Day,Credit Card,100
OD3924,2018-12-03,2018-12-05,2018-12-07,2018-12-06,Express,Cash,80
OD3925,2017-03-29,2017-03-29,2017-04-03,2017-04-05,Standard,Credit Card,40
OD3926,2017-06-21,2017-06-22,2017-06-24,2017-06-25,Express,Debit Card,80
OD3927,2017-09-04,2017-09-04,2017-09-04,2017-09-04,Same Day,UPI,100
OD3928,2015-07-11,2015-07-12,2015-07-14,2015-07-14,Express,Credit Card,80
OD3929,2015-05-23,2015-05-23,2015-05-23,2015-05-23,Same Day,Cash,100
OD3930,2017-09-17,2017-09-17,2017-09-17,2017-09-17,Same Day,Cash,120
OD3931,2017-12-10,2017-12-11,2017-12-13,2017-12-14,Express,Debit Card,70
OD3932,2018-09-07,2018-09-07,2018-09-07,2018-09-07,Same Day,Credit Card,150
OD3933,2018-10-26,2018-10-28,2018-10-30,2018-10-29,Express,Credit Card,80
OD3934,2018-12-18,2018-12-19,2018-12-24,2018-12-26,Standard,Cash,50
OD3935,2018-07-14,2018-07-14,2018-07-14,2018-07-14,Same Day,UPI,100
OD3936,2015-10-06,2015-10-08,2015-10-13,2015-10-13,Standard,Debit Card,40
OD3937,2017-06-21,2017-06-22,2017-06-24,2017-06-25,Express,Credit Card,80
OD3938,2018-10-09,2018-10-10,2018-10-12,2018-10-12,Express,Cash,80
OD3939,2018-08-21,2018-08-22,2018-08-27,2018-08-26,Standard,UPI,30
OD3940,2018-03-07,2018-03-09,2018-03-14,2018-03-14,Standard,Credit Card,40
OD3941,2017-11-12,2017-11-14,2017-11-16,2017-11-16,Express,Debit Card,80
OD3942,2018-06-20,2018-06-20,2018-06-20,2018-06-20,Same Day,Cash,100
OD3943,2016-11-10,2016-11-11,2016-11-16,2016-11-16,Standard,Debit Card,50
OD3944,2015-11-05,2015-11-05,2015-11-10,2015-11-12,Standard,Credit Card,30
OD3945,2016-05-03,2016-05-05,2016-05-07,2016-05-08,Express,UPI,90
OD3946,2017-02-28,2017-03-01,2017-03-06,2017-03-05,Standard,Debit Card,40
OD3947,2017-05-07,2017-05-08,2017-05-10,2017-05-10,Express,UPI,70
OD3948,2017-03-29,2017-03-29,2017-03-31,2017-03-31,Express,Credit Card,70
OD3949,2015-06-30,2015-07-01,2015-07-03,2015-07-03,Express,Debit Card,70
OD3950,2015-12-30,2016-01-01,2016-01-03,2016-01-05,Express,Debit Card,70
OD3951,2018-08-21,2018-08-21,2018-08-23,2018-08-25,Express,Debit Card,80
OD3952,2016-11-30,2016-12-02,2016-12-07,2016-12-07,Standard,UPI,40
OD3953,2015-01-13,2015-01-15,2015-01-17,2015-01-16,Express,Debit Card,70
OD3955,2016-08-16,2016-08-16,2016-08-16,2016-08-16,Same Day,UPI,150
OD3956,2016-09-14,2016-09-14,2016-09-14,2016-09-14,Same Day,UPI,150
OD3957,2016-09-26,2016-09-27,2016-10-02,2016-10-04,Standard,Cash,40
OD3958,2016-02-14,2016-02-14,2016-02-14,2016-02-14,Same Day,UPI,150
OD3959,2016-08-07,2016-08-07,2016-08-07,2016-08-07,Same Day,Debit Card,100
OD3960,2016-11-08,2016-11-10,2016-11-15,2016-11-15,Standard,Credit Card,30
OD3961,2016-04-17,2016-04-17,2016-04-19,2016-04-19,Express,Cash,90
OD3962,2018-12-25,2018-12-25,2018-12-25,2018-12-25,Same Day,Debit Card,120
OD3963,2018-12-25,2018-12-27,2019-01-01,2019-01-01,Standard,Cash,40
OD3964,2018-05-04,2018-05-04,2018-05-04,2018-05-04,Same Day,UPI,120
OD3967,2015-11-18,2015-11-18,2015-11-20,2015-11-20,Express,Credit Card,80
OD3969,2016-02-14,2016-02-14,2016-02-16,2016-02-17,Express,UPI,80
OD3970,2017-11-25,2017-11-25,2017-11-25,2017-11-25,Same Day,Credit Card,120
OD3971,2017-09-05,2017-09-05,2017-09-07,2017-09-07,Express,Cash,90
OD3972,2015-01-13,2015-01-13,2015-01-13,2015-01-13,Same Day,Cash,100
OD3973,2016-11-22,2016-11-22,2016-11-22,2016-11-22,Same Day,Credit Card,100
OD3974,2015-06-21,2015-06-22,2015-06-27,2015-06-27,Standard,UPI,50
OD3975,2018-09-21,2018-09-22,2018-09-27,2018-09-28,Standard,Debit Card,30
OD3976,2015-11-05,2015-11-05,2015-11-05,2015-11-05,Same Day,Debit Card,100
OD3977,2017-12-23,2017-12-23,2017-12-23,2017-12-23,Same Day,Debit Card,120
OD3978,2018-02-03,2018-02-03,2018-02-08,2018-02-09,Standard,UPI,40
OD3979,2018-12-18,2018-12-18,2018-12-18,2018-12-18,Same Day,UPI,120
OD3980,2018-08-18,2018-08-18,2018-08-18,2018-08-18,Same Day,Cash,120
OD3981,2015-11-02,2015-11-03,2015-11-08,2015-11-08,Standard,Credit Card,30
OD3982,2016-12-11,2016-12-11,2016-12-11,2016-12-11,Same Day,Credit Card,100
OD3983,2015-10-25,2015-10-26,2015-10-28,2015-10-29,Express,UPI,90
OD3984,2018-12-04,2018-12-04,2018-12-04,2018-12-04,Same Day,Debit Card,100
OD3985,2018-10-26,2018-10-26,2018-10-28,2018-10-30,Express,UPI,90
OD3987,2018-01-09,2018-01-09,2018-01-14,2018-01-14,Standard,Debit Card,30
OD3988,2015-11-18,2015-11-18,2015-11-23,2015-11-24,Standard,Cash,30
OD3989,2018-11-03,2018-11-03,2018-11-05,2018-11-05,Express,Credit Card,80
OD3990,2015-12-17,2015-12-17,2015-12-22,2015-12-22,Standard,Cash,30
OD3991,2018-03-02,2018-03-03,2018-03-05,2018-03-07,Express,Cash,70
OD3992,2018-02-24,2018-02-25,2018-03-02,2018-03-04,Standard,UPI,30
OD3993,2017-12-03,2017-12-05,2017-12-07,2017-12-06,Express,Cash,80
OD3994,2018-12-02,2018-12-02,2018-12-02,2018-12-02,Same Day,Debit Card,100
OD3995,2018-05-14,2018-05-15,2018-05-20,2018-05-21,Standard,Debit Card,40
OD3996,2018-04-16,2018-04-17,2018-04-19,2018-04-19,Express,Cash,80
OD3997,2018-03-30,2018-04-01,2018-04-06,2018-04-06,Standard,UPI,40
OD3998,2017-09-05,2017-09-07,2017-09-12,2017-09-11,Standard,Debit Card,50
OD3999,2017-09-05,2017-09-07,2017-09-12,2017-09-12,Standard,Credit Card,40
OD4000,2018-11-19,2018-11-19,2018-11-24,2018-11-26,Standard,Credit Card,30
OD4001,2015-09-12,2015-09-12,2015-09-12,2015-09-12,Same Day,Debit Card,150
OD4002,2018-12-09,2018-12-09,2018-12-09,2018-12-09,Same Day,Debit Card,100
OD4003,2018-12-01,2018-12-03,2018-12-05,2018-12-05,Express,UPI,70
OD4004,2017-04-03,2017-04-03,2017-04-03,2017-04-03,Same Day,Cash,100
OD4005,2018-09-21,2018-09-21,2018-09-21,2018-09-21,Same Day,Cash,120
OD4006,2016-12-10,2016-12-11,2016-12-16,2016-12-16,Standard,Credit Card,50
OD4007,2018-09-10,2018-09-10,2018-09-12,2018-09-11,Express,UPI,90
OD4008,2017-02-16,2017-02-17,2017-02-19,2017-02-19,Express,Credit Card,70
OD4009,2017-07-19,2017-07-19,2017-07-21,2017-07-21,Express,Credit Card,80
OD4010,2017-09-11,2017-09-13,2017-09-18,2017-09-18,Standard,Credit Card,30
OD4011,2017-12-27,2017-12-29,2017-12-31,2017-12-30,Express,UPI,80
OD4012,2018-05-04,2018-05-05,2018-05-10,2018-05-11,Standard,Credit Card,40
OD4013,2017-04-12,2017-04-12,2017-04-17,2017-04-16,Standard,Cash,50
OD4014,2017-07-25,2017-07-25,2017-07-25,2017-07-25,Same Day,Cash,150
OD4015,2018-05-04,2018-05-06,2018-05-11,2018-05-10,Standard,Debit Card,30
OD4016,2018-11-17,2018-11-18,2018-11-20,2018-11-22,Express,Debit Card,90
OD4017,2015-06-02,2015-06-03,2015-06-08,2015-06-08,Standard,Cash,50
OD4018,2016-01-09,2016-01-09,2016-01-14,2016-01-16,Standard,Credit Card,30
OD4019,2016-06-11,2016-06-11,2016-06-16,2016-06-16,Standard,Debit Card,30
OD4020,2017-07-02,2017-07-02,2017-07-04,2017-07-03,Express,Credit Card,90
OD4021,2018-11-02,2018-11-03,2018-11-05,2018-11-07,Express,Cash,70
OD4022,2015-09-02,2015-09-02,2015-09-02,2015-09-02,Same Day,Debit Card,120
OD4023,2015-09-14,2015-09-15,2015-09-17,2015-09-18,Express,Cash,70
OD4024,2018-11-19,2018-11-21,2018-11-23,2018-11-23,Express,Credit Card,90
OD4025,2017-07-19,2017-07-21,2017-07-26,2017-07-26,Standard,Debit Card,30
OD4026,2016-09-21,2016-09-22,2016-09-27,2016-09-28,Standard,UPI,30
OD4027,2016-06-18,2016-06-18,2016-06-18,2016-06-18,Same Day,UPI,100
OD4028,2016-06-18,2016-06-20,2016-06-25,2016-06-24,Standard,Debit Card,30
OD4029,2015-02-11,2015-02-12,2015-02-17,2015-02-18,Standard,Cash,30
OD4030,2016-09-04,2016-09-04,2016-09-04,2016-09-04,Same Day,Cash,120
OD4031,2016-09-21,2016-09-23,2016-09-25,2016-09-25,Express,Debit Card,70
OD4032,2017-09-05,2017-09-05,2017-09-10,2017-09-10,Standard,UPI,40
OD4033,2017-09-18,2017-09-18,2017-09-23,2017-09-23,Standard,Credit Card,50
OD4034,2018-06-04,2018-06-05,2018-06-07,2018-06-07,Express,Cash,80
OD4036,2016-08-23,2016-08-25,2016-08-30,2016-08-31,Standard,Credit Card,50
OD4037,2016-09-04,2016-09-06,2016-09-11,2016-09-11,Standard,UPI,40
OD4038,2018-09-22,2018-09-22,2018-09-22,2018-09-22,Same Day,Cash,150
OD4039,2016-05-07,2016-05-07,2016-05-12,2016-05-12,Standard,Cash,50
OD4040,2015-06-02,2015-06-02,2015-06-07,2015-06-07,Standard,Debit Card,50
OD4041,2016-09-21,2016-09-21,2016-09-23,2016-09-25,Express,Credit Card,80
OD4042,2016-06-18,2016-06-18,2016-06-20,2016-06-20,Express,UPI,80
OD4043,2017-09-19,2017-09-19,2017-09-21,2017-09-23,Express,Debit Card,90
OD4044,2018-07-21,2018-07-23,2018-07-28,2018-07-28,Standard,UPI,30
OD4045,2016-08-23,2016-08-23,2016-08-28,2016-08-28,Standard,Debit Card,50
OD4046,2016-08-23,2016-08-23,2016-08-23,2016-08-23,Same Day,Credit Card,120
OD4047,2016-01-09,2016-01-10,2016-01-15,2016-01-14,Standard,Debit Card,50
OD4048,2016-12-20,2016-12-20,2016-12-25,2016-12-25,Standard,Debit Card,40
OD4049,2015-11-28,2015-11-28,2015-11-30,2015-11-30,Express,Credit Card,70
OD4050,2015-01-20,2015-01-20,2015-01-20,2015-01-20,Same Day,Debit Card,100
OD4051,2017-04-16,2017-04-16,2017-04-16,2017-04-16,Same Day,Cash,120
OD4052,2018-09-22,2018-09-24,2018-09-29,2018-09-30,Standard,UPI,40
OD4053,2017-09-04,2017-09-04,2017-09-04,2017-09-04,Same Day,UPI,150
OD4055,2016-08-13,2016-08-14,2016-08-19,2016-08-19,Standard,Debit Card,40
OD4056,2018-09-02,2018-09-02,2018-09-02,2018-09-02,Same Day,Credit Card,100
OD4057,2016-04-21,2016-04-21,2016-04-26,2016-04-26,Standard,Debit Card,50
OD4058,2016-05-09,2016-05-11,2016-05-13,2016-05-14,Express,Credit Card,90
OD4059,2018-07-21,2018-07-21,2018-07-21,2018-07-21,Same Day,Cash,150
OD4060,2015-01-20,2015-01-22,2015-01-27,2015-01-29,Standard,Cash,40
OD4061,2018-01-24,2018-01-24,2018-01-24,2018-01-24,Same Day,UPI,120
OD4062,2018-04-02,2018-04-03,2018-04-08,2018-04-08,Standard,UPI,50
OD4063,2016-08-23,2016-08-23,2016-08-28,2016-08-30,Standard,Debit Card,50
OD4064,2017-12-25,2017-12-25,2017-12-25,2017-12-25,Same Day,UPI,120
OD4065,2015-04-02,2015-04-03,2015-04-08,2015-04-10,Standard,Cash,30
OD4066,2016-01-09,2016-01-10,2016-01-12,2016-01-13,Express,Credit Card,80
OD4067,2015-07-04,2015-07-04,2015-07-06,2015-07-08,Express,Credit Card,90
OD4068,2018-04-22,2018-04-22,2018-04-22,2018-04-22,Same Day,Credit Card,150
OD4069,2018-12-17,2018-12-17,2018-12-17,2018-12-17,Same Day,Debit Card,150
OD4070,2018-12-07,2018-12-07,2018-12-07,2018-12-07,Same Day,Debit Card,120
OD4071,2017-04-18,2017-04-18,2017-04-18,2017-04-18,Same Day,UPI,150
OD4072,2018-10-20,2018-10-20,2018-10-22,2018-10-22,Express,Debit Card,70
OD4073,2017-04-08,2017-04-08,2017-04-08,2017-04-08,Same Day,Credit Card,120
OD4074,2016-09-16,2016-09-16,2016-09-18,2016-09-18,Express,Debit Card,80
OD4075,2018-10-24,2018-10-24,2018-10-26,2018-10-28,Express,Credit Card,90
OD4076,2017-12-12,2017-12-12,2017-12-14,2017-12-15,Express,UPI,70
OD4077,2016-12-10,2016-12-10,2016-12-10,2016-12-10,Same Day,Debit Card,100
OD4078,2016-09-21,2016-09-22,2016-09-27,2016-09-26,Standard,Cash,50
OD4079,2018-06-09,2018-06-10,2018-06-15,2018-06-16,Standard,UPI,30
OD4081,2017-09-18,2017-09-19,2017-09-21,2017-09-21,Express,UPI,70
OD4082,2017-09-04,2017-09-04,2017-09-04,2017-09-04,Same Day,Credit Card,100
OD4083,2017-07-19,2017-07-19,2017-07-19,2017-07-19,Same Day,Cash,100
OD4084,2018-05-04,2018-05-04,2018-05-09,2018-05-09,Standard,Credit Card,30
OD4085,2015-04-02,2015-04-04,2015-04-06,2015-04-06,Express,Cash,70
OD4086,2018-03-03,2018-03-03,2018-03-03,2018-03-03,Same Day,UPI,120
OD4087,2018-09-11,2018-09-13,2018-09-18,2018-09-18,Standard,Debit Card,40
OD4088,2018-10-20,2018-10-20,2018-10-22,2018-10-22,Express,Credit Card,70
OD4089,2017-07-14,2017-07-14,2017-07-14,2017-07-14,Same Day,Credit Card,120
OD4090,2018-10-16,2018-10-16,2018-10-21,2018-10-20,Standard,Credit Card,50
OD4091,2015-07-04,2015-07-04,2015-07-09,2015-07-10,Standard,Cash,30
OD4093,2017-09-04,2017-09-04,2017-09-04,2017-09-04,Same Day,Cash,150
OD4094,2016-08-23,2016-08-23,2016-08-28,2016-08-28,Standard,Debit Card,50
OD4095,2016-08-23,2016-08-23,2016-08-23,2016-08-23,Same Day,Debit Card,100
OD4096,2016-09-04,2016-09-05,2016-09-10,2016-09-11,Standard,Cash,30
OD4097,2016-01-09,2016-01-09,2016-01-09,2016-01-09,Same Day,Debit Card,120
OD4098,2016-06-11,2016-06-13,2016-06-18,2016-06-17,Standard,Cash,50
OD4100,2016-09-27,2016-09-28,2016-10-03,2016-10-03,Standard,Cash,40
OD4101,2015-11-14,2015-11-15,2015-11-17,2015-11-17,Express,UPI,70
OD4102,2018-05-04,2018-05-05,2018-05-07,2018-05-09,Express,UPI,80
OD4103,2018-06-20,2018-06-22,2018-06-27,2018-06-27,Standard,Credit Card,30
OD4104,2015-06-27,2015-06-29,2015-07-04,2015-07-04,Standard,UPI,30
OD4105,2018-09-25,2018-09-26,2018-10-01,2018-10-01,Standard,UPI,40
OD4106,2018-07-21,2018-07-21,2018-07-21,2018-07-21,Same Day,Debit Card,100
OD4107,2018-07-21,2018-07-21,2018-07-21,2018-07-21,Same Day,Cash,100
OD4109,2015-11-06,2015-11-07,2015-11-12,2015-11-11,Standard,Credit Card,40
OD4110,2017-07-19,2017-07-19,2017-07-19,2017-07-19,Same Day,Cash,120
OD4111,2015-01-20,2015-01-20,2015-01-22,2015-01-24,Express,Cash,80
OD4112,2017-11-10,2017-11-11,2017-11-13,2017-11-15,Express,Credit Card,70
OD4113,2017-02-14,2017-02-14,2017-02-14,2017-02-14,Same Day,Debit Card,120
OD4114,2018-06-13,2018-06-14,2018-06-19,2018-06-19,Standard,UPI,50
OD4115,2016-06-11,2016-06-12,2016-06-14,2016-06-17,Express,Cash,80
OD4116,2018-10-26,2018-10-26,2018-10-26,2018-10-26,Same Day,Debit Card,120
OD4117,2018-11-19,2018-11-19,2018-11-19,2018-11-19,Same Day,Credit Card,100
OD4118,2016-09-13,2016-09-13,2016-09-13,2016-09-13,Same Day,Cash,120
OD4119,2018-05-19,2018-05-19,2018-05-21,2018-05-21,Express,Credit Card,70
OD4120,2017-11-25,2017-11-25,2017-11-25,2017-11-25,Same Day,UPI,100
OD4122,2016-09-21,2016-09-22,2016-09-27,2016-09-27,Standard,Debit Card,30
OD4124,2017-12-25,2017-12-27,2017-12-29,2017-12-29,Express,Debit Card,80
OD4125,2018-03-12,2018-03-12,2018-03-12,2018-03-12,Same Day,Debit Card,120
OD4126,2016-02-03,2016-02-04,2016-02-06,2016-02-07,Express,Cash,80
OD4128,2015-09-08,2015-09-08,2015-09-13,2015-09-13,Standard,UPI,40
OD4129,2015-07-26,2015-07-28,2015-08-02,2015-08-03,Standard,Credit Card,40
OD4130,2018-11-27,2018-11-27,2018-11-27,2018-11-27,Same Day,Cash,100
OD4131,2016-04-26,2016-04-27,2016-04-29,2016-04-30,Express,Credit Card,90
OD4132,2018-04-11,2018-04-12,2018-04-17,2018-04-18,Standard,Debit Card,40
OD4134,2017-09-18,2017-09-18,2017-09-18,2017-09-18,Same Day,Cash,120
OD4135,2018-11-18,2018-11-18,2018-11-18,2018-11-18,Same Day,UPI,100
OD4136,2017-10-14,2017-10-16,2017-10-21,2017-10-21,Standard,Credit Card,30
OD4137,2015-09-17,2015-09-17,2015-09-17,2015-09-17,Same Day,Cash,100
OD4138,2018-08-27,2018-08-27,2018-08-27,2018-08-27,Same Day,Credit Card,100
OD4139,2018-11-18,2018-11-18,2018-11-18,2018-11-18,Same Day,Credit Card,150
OD4140,2018-06-03,2018-06-04,2018-06-06,2018-06-07,Express,Credit Card,70
OD4141,2015-11-15,2015-11-16,2015-11-21,2015-11-22,Standard,Debit Card,40
OD4142,2018-11-03,2018-11-03,2018-11-03,2018-11-03,Same Day,Cash,100
OD4143,2016-12-03,2016-12-03,2016-12-03,2016-12-03,Same Day,Debit Card,120
OD4144,2017-12-01,2017-12-01,2017-12-01,2017-12-01,Same Day,Cash,120
OD4145,2017-05-29,2017-05-29,2017-05-29,2017-05-29,Same Day,UPI,100
OD4146,2016-12-21,2016-12-22,2016-12-24,2016-12-25,Express,UPI,90
OD4147,2017-09-22,2017-09-23,2017-09-28,2017-09-28,Standard,Credit Card,40
OD4148,2016-03-12,2016-03-13,2016-03-18,2016-03-17,Standard,UPI,30
OD4149,2018-11-04,2018-11-04,2018-11-04,2018-11-04,Same Day,UPI,150
OD4150,2018-09-04,2018-09-05,2018-09-07,2018-09-07,Express,UPI,80
OD4151,2015-06-06,2015-06-08,2015-06-13,2015-06-15,Standard,Debit Card,40
OD4152,2018-11-03,2018-11-03,2018-11-03,2018-11-03,Same Day,Cash,120
OD4153,2017-01-14,2017-01-14,2017-01-14,2017-01-14,Same Day,Credit Card,150
OD4154,2015-12-06,2015-12-08,2015-12-13,2015-12-13,Standard,Cash,30
OD4155,2017-02-20,2017-02-21,2017-02-26,2017-02-26,Standard,Debit Card,50
OD4156,2015-11-03,2015-11-03,2015-11-08,2015-11-09,Standard,Credit Card,40
OD4157,2016-12-25,2016-12-27,2017-01-01,2017-01-01,Standard,UPI,30
OD4158,2016-11-20,2016-11-20,2016-11-22,2016-11-22,Express,UPI,70
OD4159,2015-11-03,2015-11-03,2015-11-05,2015-11-05,Express,Debit Card,80
OD4160,2018-09-09,2018-09-10,2018-09-12,2018-09-12,Express,Debit Card,70
OD4161,2018-05-01,2018-05-02,2018-05-07,2018-05-07,Standard,UPI,50
OD4162,2017-10-14,2017-10-14,2017-10-19,2017-10-20,Standard,UPI,50
OD4163,2018-12-03,2018-12-05,2018-12-10,2018-12-12,Standard,Debit Card,50
OD4164,2018-04-28,2018-04-29,2018-05-04,2018-05-04,Standard,UPI,50
OD4165,2017-12-31,2017-12-31,2017-12-31,2017-12-31,Same Day,Credit Card,100
OD4167,2017-01-08,2017-01-08,2017-01-08,2017-01-08,Same Day,Cash,150
OD4168,2015-11-15,2015-11-17,2015-11-19,2015-11-19,Express,UPI,80
OD4169,2016-07-09,2016-07-11,2016-07-16,2016-07-17,Standard,Cash,40
OD4170,2017-12-11,2017-12-11,2017-12-13,2017-12-13,Express,Debit Card,80
OD4171,2015-12-12,2015-12-12,2015-12-12,2015-12-12,Same Day,Debit Card,150
OD4173,2018-01-14,2018-01-14,2018-01-14,2018-01-14,Same Day,UPI,120
OD4174,2017-07-21,2017-07-23,2017-07-28,2017-07-29,Standard,Credit Card,30
OD4175,2015-09-30,2015-09-30,2015-09-30,2015-09-30,Same Day,Credit Card,150
OD4176,2018-10-03,2018-10-03,2018-10-08,2018-10-09,Standard,UPI,30
OD4177,2016-07-02,2016-07-04,2016-07-06,2016-07-08,Express,UPI,90
OD4178,2016-07-02,2016-07-04,2016-07-09,2016-07-11,Standard,UPI,30
OD4179,2016-03-19,2016-03-20,2016-03-22,2016-03-22,Express,Cash,70
OD4180,2018-06-03,2018-06-03,2018-06-05,2018-06-05,Express,Cash,80
OD4181,2018-02-03,2018-02-05,2018-02-10,2018-02-10,Standard,Cash,50
OD4182,2016-11-13,2016-11-13,2016-11-13,2016-11-13,Same Day,Debit Card,120
OD4183,2016-04-06,2016-04-08,2016-04-13,2016-04-13,Standard,Credit Card,30
OD4184,2017-10-14,2017-10-15,2017-10-20,2017-10-19,Standard,Cash,50
OD4185,2017-09-08,2017-09-09,2017-09-11,2017-09-11,Express,Debit Card,80
OD4186,2018-09-05,2018-09-05,2018-09-05,2018-09-05,Same Day,Credit Card,100
OD4187,2018-12-23,2018-12-23,2018-12-28,2018-12-29,Standard,Debit Card,30
OD4188,2018-12-22,2018-12-22,2018-12-22,2018-12-22,Same Day,Debit Card,120
OD4189,2018-09-09,2018-09-11,2018-09-13,2018-09-16,Express,Cash,70
OD4190,2016-11-05,2016-11-06,2016-11-08,2016-11-09,Express,UPI,80
OD4191,2017-01-22,2017-01-23,2017-01-28,2017-01-28,Standard,Cash,50
OD4192,2016-03-21,2016-03-23,2016-03-25,2016-03-25,Express,Cash,80
OD4193,2017-09-02,2017-09-04,2017-09-06,2017-09-06,Express,Credit Card,70
OD4194,2017-10-14,2017-10-14,2017-10-14,2017-10-14,Same Day,Credit Card,150
OD4195,2016-12-25,2016-12-25,2016-12-30,2016-12-30,Standard,Cash,40
OD4196,2018-08-12,2018-08-12,2018-08-12,2018-08-12,Same Day,Cash,120
OD4197,2017-12-30,2018-01-01,2018-01-03,2018-01-05,Express,Cash,80
OD4198,2018-12-03,2018-12-03,2018-12-03,2018-12-03,Same Day,UPI,150
OD4199,2018-09-09,2018-09-11,2018-09-13,2018-09-13,Express,Cash,80
OD4200,2015-11-15,2015-11-15,2015-11-15,2015-11-15,Same Day,Cash,100
OD4201,2016-09-20,2016-09-22,2016-09-24,2016-09-26,Express,Debit Card,90
OD4202,2018-10-03,2018-10-03,2018-10-03,2018-10-03,Same Day,Cash,120
OD4203,2018-12-22,2018-12-22,2018-12-27,2018-12-29,Standard,Cash,30
OD4204,2018-11-27,2018-11-27,2018-11-29,2018-12-01,Express,Debit Card,80
OD4205,2018-09-13,2018-09-13,2018-09-13,2018-09-13,Same Day,Credit Card,100
OD4206,2016-11-25,2016-11-25,2016-11-27,2016-11-27,Express,Cash,90
OD4207,2018-09-05,2018-09-05,2018-09-05,2018-09-05,Same Day,Cash,120
OD4208,2018-08-13,2018-08-14,2018-08-19,2018-08-19,Standard,Debit Card,50
OD4209,2018-08-13,2018-08-15,2018-08-17,2018-08-17,Express,Credit Card,80
OD4210,2015-03-21,2015-03-21,2015-03-21,2015-03-21,Same Day,Credit Card,100
OD4211,2017-12-31,2017-12-31,2017-12-31,2017-12-31,Same Day,Cash,120
OD4212,2018-11-12,2018-11-14,2018-11-19,2018-11-19,Standard,Credit Card,50
OD4213,2015-12-20,2015-12-22,2015-12-27,2015-12-27,Standard,Credit Card,30
OD4214,2018-09-15,2018-09-16,2018-09-21,2018-09-21,Standard,UPI,50
OD4215,2017-10-08,2017-10-08,2017-10-08,2017-10-08,Same Day,Cash,150
OD4216,2017-07-29,2017-07-29,2017-07-29,2017-07-29,Same Day,UPI,100
OD4217,2018-09-29,2018-09-30,2018-10-05,2018-10-05,Standard,Debit Card,30
OD4218,2015-09-30,2015-09-30,2015-09-30,2015-09-30,Same Day,Cash,150
OD4219,2016-11-22,2016-11-22,2016-11-27,2016-11-27,Standard,Cash,40
OD4220,2016-10-10,2016-10-12,2016-10-17,2016-10-18,Standard,Debit Card,40
OD4221,2015-09-19,2015-09-21,2015-09-26,2015-09-28,Standard,Credit Card,40
OD4222,2016-11-13,2016-11-13,2016-11-15,2016-11-15,Express,UPI,90
OD4223,2018-06-03,2018-06-03,2018-06-03,2018-06-03,Same Day,Debit Card,150
OD4224,2015-12-20,2015-12-21,2015-12-23,2015-12-26,Express,UPI,70
OD4225,2018-08-13,2018-08-13,2018-08-18,2018-08-17,Standard,Credit Card,50
OD4226,2018-12-23,2018-12-23,2018-12-23,2018-12-23,Same Day,Debit Card,120
OD4227,2018-12-22,2018-12-24,2018-12-29,2018-12-31,Standard,Debit Card,40
OD4228,2018-11-17,2018-11-17,2018-11-17,2018-11-17,Same Day,Cash,150
OD4229,2018-01-14,2018-01-14,2018-01-19,2018-01-22,Standard,UPI,40
OD4230,2017-04-16,2017-04-16,2017-04-21,2017-04-21,Standard,Credit Card,50
OD4231,2017-11-13,2017-11-14,2017-11-16,2017-11-17,Express,Cash,70
OD4232,2016-10-09,2016-10-09,2016-10-09,2016-10-09,Same Day,UPI,150
OD4233,2018-04-11,2018-04-11,2018-04-13,2018-04-12,Express,Credit Card,70
OD4234,2016-01-17,2016-01-18,2016-01-20,2016-01-19,Express,Credit Card,70
OD4235,2017-09-02,2017-09-03,2017-09-05,2017-09-05,Express,UPI,80
OD4236,2015-11-03,2015-11-03,2015-11-03,2015-11-03,Same Day,Cash,150
OD4238,2015-06-06,2015-06-06,2015-06-06,2015-06-06,Same Day,UPI,120
OD4239,2018-09-21,2018-09-23,2018-09-25,2018-09-24,Express,Debit Card,80
OD4241,2016-10-09,2016-10-09,2016-10-09,2016-10-09,Same Day,Credit Card,150
OD4242,2016-10-09,2016-10-09,2016-10-09,2016-10-09,Same Day,Debit Card,100
OD4243,2018-11-03,2018-11-05,2018-11-07,2018-11-07,Express,UPI,70
OD4244,2018-02-03,2018-02-03,2018-02-03,2018-02-03,Same Day,Credit Card,120
OD4245,2017-05-20,2017-05-20,2017-05-20,2017-05-20,Same Day,UPI,120
OD4246,2015-02-02,2015-02-02,2015-02-07,2015-02-10,Standard,Debit Card,40
OD4247,2017-09-06,2017-09-07,2017-09-12,2017-09-12,Standard,UPI,50
OD4248,2018-11-04,2018-11-04,2018-11-04,2018-11-04,Same Day,UPI,120
OD4249,2018-01-14,2018-01-14,2018-01-14,2018-01-14,Same Day,Cash,100
OD4250,2016-11-22,2016-11-24,2016-11-26,2016-11-26,Express,UPI,90
OD4251,2016-06-09,2016-06-09,2016-06-14,2016-06-15,Standard,Credit Card,30
OD4252,2018-01-07,2018-01-07,2018-01-07,2018-01-07,Same Day,UPI,100
OD4253,2018-06-03,2018-06-04,2018-06-09,2018-06-09,Standard,Debit Card,30
OD4254,2016-12-04,2016-12-05,2016-12-07,2016-12-07,Express,UPI,90
OD4255,2017-07-29,2017-07-29,2017-07-29,2017-07-29,Same Day,UPI,100
OD4256,2016-03-21,2016-03-22,2016-03-27,2016-03-27,Standard,Debit Card,50
OD4257,2017-05-29,2017-05-29,2017-05-29,2017-05-29,Same Day,Debit Card,100
OD4258,2016-11-20,2016-11-22,2016-11-24,2016-11-25,Express,UPI,90
OD4260,2018-06-11,2018-06-11,2018-06-11,2018-06-11,Same Day,UPI,150
OD4261,2016-09-13,2016-09-14,2016-09-16,2016-09-16,Express,Credit Card,80
OD4262,2016-05-20,2016-05-21,2016-05-26,2016-05-25,Standard,Credit Card,50
OD4263,2016-06-09,2016-06-09,2016-06-14,2016-06-14,Standard,Credit Card,50
OD4264,2016-11-20,2016-11-20,2016-11-25,2016-11-25,Standard,Debit Card,50
OD4265,2017-10-28,2017-10-28,2017-11-02,2017-11-05,Standard,UPI,30
OD4266,2017-09-02,2017-09-02,2017-09-07,2017-09-09,Standard,Credit Card,40
OD4267,2015-03-22,2015-03-24,2015-03-29,2015-04-01,Standard,UPI,40
OD4268,2016-12-03,2016-12-05,2016-12-10,2016-12-11,Standard,Cash,40
OD4269,2018-01-14,2018-01-14,2018-01-14,2018-01-14,Same Day,Debit Card,100
OD4270,2016-11-13,2016-11-15,2016-11-17,2016-11-19,Express,Cash,70
OD4271,2018-12-03,2018-12-03,2018-12-05,2018-12-04,Express,UPI,80
OD4272,2018-08-13,2018-08-15,2018-08-20,2018-08-21,Standard,UPI,30
OD4273,2016-09-20,2016-09-22,2016-09-27,2016-09-27,Standard,UPI,50
OD4274,2017-09-02,2017-09-04,2017-09-06,2017-09-06,Express,Debit Card,90
OD4275,2015-11-03,2015-11-03,2015-11-03,2015-11-03,Same Day,Debit Card,120
OD4276,2017-01-08,2017-01-09,2017-01-14,2017-01-14,Standard,Debit Card,30
OD4277,2017-09-22,2017-09-22,2017-09-22,2017-09-22,Same Day,Debit Card,100
OD4278,2018-11-11,2018-11-11,2018-11-13,2018-11-12,Express,UPI,80
OD4279,2017-05-12,2017-05-14,2017-05-16,2017-05-18,Express,Cash,90
OD4280,2018-06-15,2018-06-17,2018-06-19,2018-06-21,Express,UPI,70
OD4281,2015-08-11,2015-08-11,2015-08-11,2015-08-11,Same Day,Cash,150
OD4282,2015-10-11,2015-10-12,2015-10-14,2015-10-14,Express,Cash,70
OD4283,2017-12-06,2017-12-08,2017-12-10,2017-12-10,Express,Cash,80
OD4284,2017-09-25,2017-09-25,2017-09-25,2017-09-25,Same Day,UPI,120
OD4285,2016-08-27,2016-08-29,2016-09-03,2016-09-03,Standard,Credit Card,40
OD4286,2015-08-09,2015-08-11,2015-08-16,2015-08-18,Standard,Credit Card,30
OD4287,2016-06-19,2016-06-19,2016-06-21,2016-06-22,Express,Credit Card,80
OD4288,2015-09-29,2015-09-29,2015-10-01,2015-10-02,Express,Credit Card,70
OD4289,2017-12-04,2017-12-06,2017-12-11,2017-12-11,Standard,Credit Card,40
OD4290,2016-12-06,2016-12-06,2016-12-11,2016-12-10,Standard,UPI,40
OD4291,2018-12-28,2018-12-30,2019-01-04,2019-01-04,Standard,UPI,40
OD4292,2015-09-29,2015-09-29,2015-10-04,2015-10-04,Standard,Debit Card,30
OD4293,2017-12-29,2017-12-31,2018-01-05,2018-01-05,Standard,Cash,50
OD4294,2015-01-27,2015-01-29,2015-02-03,2015-02-03,Standard,Debit Card,40
OD4295,2018-11-25,2018-11-25,2018-11-30,2018-11-30,Standard,Debit Card,40
OD4296,2015-03-14,2015-03-15,2015-03-17,2015-03-18,Express,Credit Card,90
OD4297,2018-06-10,2018-06-10,2018-06-10,2018-06-10,Same Day,Cash,120
OD4298,2018-01-29,2018-01-30,2018-02-01,2018-01-31,Express,UPI,70
OD4299,2017-05-28,2017-05-29,2017-06-03,2017-06-06,Standard,Cash,50
OD4300,2016-12-27,2016-12-28,2016-12-30,2016-12-30,Express,Cash,80
OD4302,2017-11-03,2017-11-03,2017-11-03,2017-11-03,Same Day,Cash,150
OD4303,2016-12-06,2016-12-06,2016-12-06,2016-12-06,Same Day,Credit Card,100
OD4304,2015-03-31,2015-04-02,2015-04-04,2015-04-04,Express,Debit Card,90
OD4305,2018-09-23,2018-09-23,2018-09-23,2018-09-23,Same Day,Credit Card,100
OD4306,2018-09-15,2018-09-16,2018-09-18,2018-09-18,Express,Credit Card,70
OD4307,2018-03-08,2018-03-08,2018-03-08,2018-03-08,Same Day,Cash,150
OD4308,2017-09-25,2017-09-27,2017-09-29,2017-09-28,Express,Credit Card,90
OD4309,2016-06-25,2016-06-25,2016-06-25,2016-06-25,Same Day,Cash,150
OD4310,2018-11-06,2018-11-06,2018-11-06,2018-11-06,Same Day,Cash,120
OD4311,2016-06-18,2016-06-19,2016-06-21,2016-06-21,Express,UPI,90
OD4312,2015-03-25,2015-03-25,2015-03-27,2015-03-27,Express,Cash,80
OD4313,2015-03-25,2015-03-27,2015-04-01,2015-04-01,Standard,UPI,30
OD4314,2016-04-17,2016-04-18,2016-04-23,2016-04-22,Standard,Debit Card,30
OD4315,2015-08-05,2015-08-05,2015-08-05,2015-08-05,Same Day,Credit Card,120
OD4316,2018-11-25,2018-11-25,2018-11-27,2018-11-27,Express,Cash,70
OD4317,2017-09-08,2017-09-08,2017-09-08,2017-09-08,Same Day,Debit Card,100
OD4318,2017-07-07,2017-07-09,2017-07-14,2017-07-13,Standard,Debit Card,50
OD4319,2015-09-08,2015-09-09,2015-09-11,2015-09-12,Express,Cash,70
OD4320,2016-09-25,2016-09-25,2016-09-25,2016-09-25,Same Day,Credit Card,150
OD4321,2018-11-06,2018-11-06,2018-11-06,2018-11-06,Same Day,UPI,150
OD4322,2015-09-21,2015-09-23,2015-09-25,2015-09-28,Express,Cash,90
OD4324,2018-05-05,2018-05-07,2018-05-09,2018-05-09,Express,Debit Card,80
OD4325,2015-04-18,2015-04-18,2015-04-20,2015-04-20,Express,Credit Card,70
OD4326,2017-10-30,2017-10-31,2017-11-02,2017-11-02,Express,Debit Card,70
OD4327,2015-08-11,2015-08-11,2015-08-11,2015-08-11,Same Day,Debit Card,120
OD4328,2017-09-25,2017-09-25,2017-09-25,2017-09-25,Same Day,UPI,100
OD4329,2016-02-18,2016-02-18,2016-02-23,2016-02-25,Standard,UPI,40
OD4330,2018-04-17,2018-04-17,2018-04-19,2018-04-19,Express,Cash,80
OD4331,2016-05-22,2016-05-22,2016-05-24,2016-05-24,Express,UPI,70
OD4332,2016-03-19,2016-03-19,2016-03-19,2016-03-19,Same Day,Debit Card,100
OD4333,2018-04-01,2018-04-01,2018-04-01,2018-04-01,Same Day,Cash,150
OD4334,2016-12-10,2016-12-10,2016-12-10,2016-12-10,Same Day,Cash,150
OD4335,2017-11-14,2017-11-14,2017-11-14,2017-11-14,Same Day,Credit Card,100
OD4336,2017-09-10,2017-09-10,2017-09-15,2017-09-15,Standard,Debit Card,40
OD4337,2017-06-11,2017-06-11,2017-06-13,2017-06-12,Express,Credit Card,90
OD4338,2018-11-12,2018-11-14,2018-11-16,2018-11-15,Express,Debit Card,80
OD4340,2017-03-12,2017-03-12,2017-03-17,2017-03-17,Standard,Cash,50
OD4341,2015-11-12,2015-11-12,2015-11-12,2015-11-12,Same Day,UPI,100
OD4342,2017-05-27,2017-05-28,2017-05-30,2017-05-31,Express,Debit Card,70
OD4343,2015-01-20,2015-01-21,2015-01-26,2015-01-26,Standard,UPI,50
OD4345,2017-06-17,2017-06-18,2017-06-23,2017-06-23,Standard,Credit Card,40
OD4346,2018-07-21,2018-07-21,2018-07-21,2018-07-21,Same Day,Credit Card,120
OD4347,2015-09-27,2015-09-29,2015-10-01,2015-10-01,Express,Cash,90
OD4348,2018-11-05,2018-11-05,2018-11-05,2018-11-05,Same Day,Debit Card,150
OD4349,2018-06-19,2018-06-19,2018-06-24,2018-06-24,Standard,Cash,40
OD4350,2018-12-13,2018-12-15,2018-12-17,2018-12-16,Express,Credit Card,90
OD4351,2016-04-17,2016-04-19,2016-04-24,2016-04-24,Standard,UPI,40
OD4352,2018-10-30,2018-10-30,2018-11-01,2018-11-03,Express,Debit Card,70
OD4353,2015-05-10,2015-05-12,2015-05-14,2015-05-15,Express,UPI,70
OD4354,2018-08-07,2018-08-07,2018-08-09,2018-08-12,Express,Debit Card,90
OD4355,2017-07-07,2017-07-07,2017-07-09,2017-07-10,Express,Credit Card,70
OD4356,2015-05-23,2015-05-24,2015-05-29,2015-05-29,Standard,UPI,30
OD4357,2017-09-10,2017-09-11,2017-09-16,2017-09-16,Standard,Cash,40
OD4358,2017-01-22,2017-01-23,2017-01-28,2017-01-28,Standard,UPI,40
OD4360,2018-12-21,2018-12-22,2018-12-27,2018-12-28,Standard,Credit Card,30
OD4361,2015-11-02,2015-11-04,2015-11-09,2015-11-09,Standard,Cash,50
OD4363,2016-12-12,2016-12-12,2016-12-12,2016-12-12,Same Day,UPI,120
OD4365,2018-09-04,2018-09-06,2018-09-11,2018-09-11,Standard,Cash,30
OD4366,2017-09-08,2017-09-10,2017-09-15,2017-09-14,Standard,Cash,30
OD4367,2015-03-14,2015-03-16,2015-03-21,2015-03-21,Standard,Cash,30
OD4368,2016-05-31,2016-05-31,2016-06-02,2016-06-01,Express,Credit Card,80
OD4369,2015-09-17,2015-09-19,2015-09-24,2015-09-24,Standard,UPI,40
OD4370,2016-10-12,2016-10-12,2016-10-12,2016-10-12,Same Day,UPI,150
OD4371,2017-12-29,2017-12-29,2017-12-29,2017-12-29,Same Day,Credit Card,100
OD4372,2016-05-01,2016-05-03,2016-05-08,2016-05-08,Standard,Debit Card,40
OD4373,2018-09-22,2018-09-22,2018-09-27,2018-09-27,Standard,UPI,30
OD4374,2017-06-25,2017-06-26,2017-07-01,2017-07-01,Standard,UPI,40
OD4375,2017-12-12,2017-12-12,2017-12-12,2017-12-12,Same Day,Credit Card,120
OD4376,2015-08-15,2015-08-17,2015-08-19,2015-08-19,Express,Debit Card,70
OD4377,2017-04-10,2017-04-11,2017-04-13,2017-04-14,Express,Credit Card,90
OD4378,2017-12-10,2017-12-11,2017-12-13,2017-12-13,Express,Cash,70
OD4379,2017-12-10,2017-12-10,2017-12-10,2017-12-10,Same Day,Cash,150
OD4380,2015-11-25,2015-11-25,2015-11-25,2015-11-25,Same Day,Cash,150
OD4381,2015-11-11,2015-11-11,2015-11-11,2015-11-11,Same Day,UPI,120
OD4382,2016-04-22,2016-04-22,2016-04-22,2016-04-22,Same Day,Credit Card,150
OD4383,2017-10-21,2017-10-22,2017-10-27,2017-10-29,Standard,Credit Card,40
OD4384,2018-05-02,2018-05-03,2018-05-05,2018-05-05,Express,Debit Card,90
OD4385,2017-12-13,2017-12-13,2017-12-13,2017-12-13,Same Day,Credit Card,100
OD4386,2015-03-11,2015-03-12,2015-03-17,2015-03-17,Standard,Cash,40
OD4387,2015-09-21,2015-09-21,2015-09-21,2015-09-21,Same Day,UPI,120
OD4388,2018-01-29,2018-01-29,2018-02-03,2018-02-06,Standard,UPI,30
OD4389,2018-01-03,2018-01-03,2018-01-05,2018-01-05,Express,UPI,70
OD4390,2016-10-25,2016-10-25,2016-10-27,2016-10-27,Express,Debit Card,80
OD4391,2018-09-02,2018-09-02,2018-09-04,2018-09-03,Express,Credit Card,70
OD4392,2015-10-09,2015-10-11,2015-10-13,2015-10-13,Express,Cash,80
OD4394,2018-02-13,2018-02-15,2018-02-20,2018-02-19,Standard,UPI,30
OD4395,2018-11-12,2018-11-12,2018-11-12,2018-11-12,Same Day,Cash,120
OD4396,2015-09-17,2015-09-17,2015-09-19,2015-09-19,Express,Cash,80
OD4397,2016-06-19,2016-06-19,2016-06-19,2016-06-19,Same Day,UPI,150
OD4398,2016-12-30,2016-12-31,2017-01-05,2017-01-04,Standard,Credit Card,40
OD4399,2017-04-23,2017-04-23,2017-04-28,2017-04-28,Standard,Credit Card,40
OD4400,2017-08-16,2017-08-18,2017-08-20,2017-08-20,Express,UPI,80
OD4401,2015-05-10,2015-05-10,2015-05-10,2015-05-10,Same Day,Credit Card,100
OD4402,2016-06-23,2016-06-25,2016-06-30,2016-07-01,Standard,UPI,50
OD4403,2015-12-05,2015-12-06,2015-12-11,2015-12-12,Standard,Cash,50
OD4404,2017-02-22,2017-02-22,2017-02-22,2017-02-22,Same Day,Cash,150
OD4405,2018-07-07,2018-07-07,2018-07-07,2018-07-07,Same Day,UPI,120
OD4406,2017-05-26,2017-05-26,2017-05-26,2017-05-26,Same Day,Credit Card,150
OD4407,2016-11-08,2016-11-10,2016-11-12,2016-11-12,Express,Credit Card,80
OD4408,2018-02-19,2018-02-21,2018-02-26,2018-02-26,Standard,Credit Card,50
OD4409,2017-09-12,2017-09-12,2017-09-12,2017-09-12,Same Day,UPI,120
OD4411,2017-07-28,2017-07-28,2017-07-28,2017-07-28,Same Day,UPI,120
OD4412,2016-09-11,2016-09-11,2016-09-11,2016-09-11,Same Day,Cash,120
OD4413,2017-02-05,2017-02-05,2017-02-05,2017-02-05,Same Day,UPI,100
OD4414,2017-01-22,2017-01-22,2017-01-27,2017-01-30,Standard,UPI,40
OD4416,2016-12-06,2016-12-06,2016-12-06,2016-12-06,Same Day,Cash,150
OD4417,2015-12-20,2015-12-20,2015-12-22,2015-12-24,Express,Cash,90
OD4418,2017-09-12,2017-09-12,2017-09-17,2017-09-16,Standard,Credit Card,40
OD4419,2018-11-13,2018-11-13,2018-11-15,2018-11-15,Express,Debit Card,90
OD4420,2018-12-15,2018-12-15,2018-12-15,2018-12-15,Same Day,UPI,100
OD4422,2016-02-16,2016-02-16,2016-02-16,2016-02-16,Same Day,Debit Card,100
OD4423,2018-04-25,2018-04-25,2018-04-25,2018-04-25,Same Day,UPI,120
OD4424,2018-11-11,2018-11-11,2018-11-13,2018-11-13,Express,Debit Card,80
OD4425,2016-11-24,2016-11-24,2016-11-29,2016-11-30,Standard,UPI,40
OD4426,2017-08-14,2017-08-14,2017-08-14,2017-08-14,Same Day,Debit Card,120
OD4427,2015-11-04,2015-11-05,2015-11-10,2015-11-10,Standard,Debit Card,50
OD4428,2016-12-30,2016-12-30,2016-12-30,2016-12-30,Same Day,Debit Card,100
OD4429,2017-11-03,2017-11-03,2017-11-03,2017-11-03,Same Day,Credit Card,150
OD4430,2017-11-03,2017-11-03,2017-11-08,2017-11-07,Standard,Debit Card,30
OD4431,2017-11-03,2017-11-03,2017-11-03,2017-11-03,Same Day,Cash,120
OD4432,2017-10-21,2017-10-21,2017-10-21,2017-10-21,Same Day,Cash,100
OD4433,2016-03-14,2016-03-16,2016-03-18,2016-03-18,Express,Debit Card,90
OD4434,2015-09-21,2015-09-22,2015-09-24,2015-09-23,Express,Credit Card,80
OD4435,2017-05-18,2017-05-18,2017-05-18,2017-05-18,Same Day,Cash,150
OD4436,2015-08-15,2015-08-15,2015-08-15,2015-08-15,Same Day,Debit Card,150
OD4437,2016-05-12,2016-05-14,2016-05-19,2016-05-19,Standard,Credit Card,30
OD4438,2015-12-27,2015-12-28,2015-12-30,2015-12-30,Express,Debit Card,80
OD4439,2018-11-02,2018-11-03,2018-11-08,2018-11-08,Standard,Cash,30
OD4440,2016-11-08,2016-11-08,2016-11-08,2016-11-08,Same Day,Debit Card,100
OD4441,2016-10-18,2016-10-18,2016-10-23,2016-10-24,Standard,UPI,40
OD4442,2017-08-15,2017-08-15,2017-08-20,2017-08-20,Standard,Debit Card,40
OD4443,2017-09-02,2017-09-02,2017-09-02,2017-09-02,Same Day,Debit Card,100
OD4445,2017-10-21,2017-10-22,2017-10-24,2017-10-24,Express,Debit Card,70
OD4446,2016-12-30,2016-12-31,2017-01-05,2017-01-07,Standard,Cash,40
OD4448,2016-08-27,2016-08-28,2016-08-30,2016-08-31,Express,Cash,80
OD4449,2016-08-15,2016-08-15,2016-08-20,2016-08-20,Standard,Cash,30
OD4450,2017-02-05,2017-02-05,2017-02-07,2017-02-07,Express,Credit Card,70
OD4451,2017-10-21,2017-10-21,2017-10-21,2017-10-21,Same Day,Credit Card,100
OD4452,2018-08-31,2018-08-31,2018-08-31,2018-08-31,Same Day,Credit Card,100
OD4453,2016-05-01,2016-05-01,2016-05-01,2016-05-01,Same Day,Cash,150
OD4454,2017-05-18,2017-05-20,2017-05-22,2017-05-22,Express,Cash,70
OD4455,2017-04-10,2017-04-11,2017-04-13,2017-04-12,Express,UPI,80
OD4456,2017-12-02,2017-12-04,2017-12-06,2017-12-06,Express,UPI,80
OD4457,2017-09-11,2017-09-12,2017-09-17,2017-09-17,Standard,Cash,40
OD4458,2015-09-17,2015-09-17,2015-09-22,2015-09-23,Standard,Debit Card,50
OD4459,2018-08-12,2018-08-12,2018-08-14,2018-08-15,Express,Credit Card,90
OD4460,2018-11-13,2018-11-14,2018-11-16,2018-11-18,Express,Cash,80
OD4461,2015-12-26,2015-12-26,2015-12-26,2015-12-26,Same Day,UPI,120
OD4462,2016-08-27,2016-08-29,2016-08-31,2016-08-31,Express,Debit Card,70
OD4463,2018-11-12,2018-11-12,2018-11-12,2018-11-12,Same Day,Debit Card,150
OD4465,2018-02-02,2018-02-02,2018-02-02,2018-02-02,Same Day,UPI,150
OD4466,2016-03-29,2016-03-29,2016-03-29,2016-03-29,Same Day,Credit Card,150
OD4467,2015-04-18,2015-04-19,2015-04-24,2015-04-24,Standard,UPI,30
OD4468,2015-01-27,2015-01-27,2015-01-27,2015-01-27,Same Day,Credit Card,120
OD4469,2017-09-25,2017-09-26,2017-10-01,2017-10-01,Standard,Debit Card,30
OD4470,2015-12-22,2015-12-23,2015-12-25,2015-12-25,Express,Debit Card,70
OD4471,2018-07-14,2018-07-14,2018-07-14,2018-07-14,Same Day,Debit Card,150
OD4472,2018-03-18,2018-03-19,2018-03-21,2018-03-20,Express,Cash,70
OD4473,2016-12-24,2016-12-24,2016-12-24,2016-12-24,Same Day,Cash,150
OD4474,2015-09-29,2015-09-30,2015-10-05,2015-10-05,Standard,Credit Card,30
OD4475,2018-07-14,2018-07-14,2018-07-16,2018-07-15,Express,Cash,70
OD4476,2018-06-10,2018-06-10,2018-06-10,2018-06-10,Same Day,UPI,120
OD4477,2015-10-04,2015-10-04,2015-10-04,2015-10-04,Same Day,Debit Card,100
OD4478,2018-02-26,2018-02-28,2018-03-05,2018-03-08,Standard,Credit Card,40
OD4479,2017-08-15,2017-08-15,2017-08-17,2017-08-18,Express,Debit Card,80
OD4480,2018-08-20,2018-08-22,2018-08-24,2018-08-24,Express,UPI,70
OD4481,2015-12-05,2015-12-05,2015-12-05,2015-12-05,Same Day,Debit Card,100
OD4482,2017-12-02,2017-12-03,2017-12-08,2017-12-08,Standard,UPI,30
OD4483,2018-05-03,2018-05-05,2018-05-07,2018-05-07,Express,Credit Card,70
OD4484,2018-08-12,2018-08-14,2018-08-16,2018-08-15,Express,Cash,90
OD4485,2017-12-10,2017-12-12,2017-12-17,2017-12-18,Standard,Credit Card,40
OD4486,2018-07-03,2018-07-04,2018-07-06,2018-07-07,Express,Credit Card,80
OD4487,2016-05-14,2016-05-16,2016-05-21,2016-05-21,Standard,UPI,50
OD4488,2018-02-02,2018-02-04,2018-02-06,2018-02-06,Express,UPI,70
OD4489,2017-12-03,2017-12-03,2017-12-03,2017-12-03,Same Day,Debit Card,100
OD4490,2018-04-16,2018-04-16,2018-04-16,2018-04-16,Same Day,UPI,100
OD4491,2016-03-19,2016-03-20,2016-03-25,2016-03-26,Standard,Cash,50
OD4492,2017-08-23,2017-08-25,2017-08-30,2017-09-01,Standard,UPI,30
OD4493,2018-11-02,2018-11-03,2018-11-05,2018-11-04,Express,Cash,80
OD4494,2016-04-17,2016-04-18,2016-04-20,2016-04-22,Express,UPI,90
OD4495,2018-08-07,2018-08-07,2018-08-07,2018-08-07,Same Day,UPI,120
OD4496,2018-05-20,2018-05-21,2018-05-23,2018-05-23,Express,UPI,80
OD4497,2018-11-10,2018-11-11,2018-11-13,2018-11-15,Express,Credit Card,70
OD4498,2017-08-23,2017-08-24,2017-08-29,2017-08-29,Standard,Credit Card,30
OD4499,2018-09-02,2018-09-02,2018-09-07,2018-09-07,Standard,UPI,40
OD4500,2016-12-04,2016-12-04,2016-12-04,2016-12-04,Same Day,UPI,150
OD4501,2016-11-24,2016-11-25,2016-11-30,2016-11-30,Standard,Credit Card,30
OD4502,2015-04-18,2015-04-19,2015-04-21,2015-04-21,Express,Credit Card,70
OD4503,2015-01-13,2015-01-13,2015-01-18,2015-01-20,Standard,Credit Card,40
OD4504,2018-10-30,2018-11-01,2018-11-06,2018-11-06,Standard,UPI,40
OD4505,2018-01-20,2018-01-20,2018-01-25,2018-01-26,Standard,Debit Card,30
OD4506,2017-09-15,2017-09-15,2017-09-15,2017-09-15,Same Day,UPI,150
OD4507,2015-09-21,2015-09-21,2015-09-23,2015-09-23,Express,Debit Card,80
OD4509,2017-08-23,2017-08-23,2017-08-25,2017-08-26,Express,UPI,70
OD4510,2018-04-17,2018-04-18,2018-04-23,2018-04-23,Standard,Credit Card,40
OD4511,2015-11-29,2015-11-29,2015-12-04,2015-12-04,Standard,UPI,30
OD4512,2018-12-29,2018-12-29,2019-01-03,2019-01-04,Standard,Credit Card,50
OD4513,2015-06-17,2015-06-19,2015-06-24,2015-06-24,Standard,Debit Card,30
OD4514,2018-09-02,2018-09-02,2018-09-02,2018-09-02,Same Day,Credit Card,150
OD4515,2018-11-28,2018-11-28,2018-12-03,2018-12-03,Standard,Cash,50
OD4516,2017-01-22,2017-01-24,2017-01-26,2017-01-25,Express,UPI,90
OD4517,2015-10-04,2015-10-06,2015-10-08,2015-10-10,Express,Debit Card,80
OD4518,2016-05-31,2016-05-31,2016-06-02,2016-06-02,Express,Cash,70
OD4519,2017-08-16,2017-08-17,2017-08-19,2017-08-19,Express,Cash,80
OD4520,2017-09-25,2017-09-25,2017-09-27,2017-09-27,Express,Credit Card,80
OD4521,2018-01-14,2018-01-14,2018-01-14,2018-01-14,Same Day,UPI,120
OD4522,2018-06-30,2018-06-30,2018-06-30,2018-06-30,Same Day,Cash,150
OD4523,2018-05-02,2018-05-03,2018-05-05,2018-05-05,Express,Debit Card,90
OD4524,2018-05-02,2018-05-04,2018-05-06,2018-05-05,Express,Credit Card,90
OD4525,2016-11-17,2016-11-17,2016-11-17,2016-11-17,Same Day,Cash,100
OD4526,2016-08-27,2016-08-27,2016-08-27,2016-08-27,Same Day,UPI,100
OD4527,2018-08-07,2018-08-09,2018-08-14,2018-08-14,Standard,Credit Card,30
OD4528,2017-12-26,2017-12-26,2017-12-26,2017-12-26,Same Day,Cash,100
OD4529,2017-12-06,2017-12-07,2017-12-12,2017-12-14,Standard,Debit Card,40
OD4530,2017-09-15,2017-09-15,2017-09-15,2017-09-15,Same Day,Credit Card,150
OD4531,2018-09-04,2018-09-05,2018-09-10,2018-09-10,Standard,Credit Card,30
OD4532,2018-02-09,2018-02-09,2018-02-14,2018-02-13,Standard,UPI,50
OD4533,2016-08-28,2016-08-29,2016-08-31,2016-08-31,Express,UPI,80
OD4534,2016-11-17,2016-11-19,2016-11-21,2016-11-21,Express,Cash,90
OD4535,2015-01-13,2015-01-13,2015-01-15,2015-01-15,Express,UPI,90
OD4536,2015-09-22,2015-09-24,2015-09-26,2015-09-26,Express,Debit Card,70
OD4538,2018-12-28,2018-12-30,2019-01-04,2019-01-04,Standard,Debit Card,50
OD4539,2015-09-29,2015-10-01,2015-10-03,2015-10-03,Express,UPI,90
OD4540,2016-03-27,2016-03-27,2016-03-27,2016-03-27,Same Day,Credit Card,100
OD4541,2015-12-28,2015-12-28,2015-12-28,2015-12-28,Same Day,UPI,100
OD4542,2018-05-30,2018-06-01,2018-06-06,2018-06-07,Standard,Debit Card,40
OD4543,2015-03-25,2015-03-27,2015-04-01,2015-04-01,Standard,UPI,50
OD4544,2015-12-29,2015-12-29,2015-12-29,2015-12-29,Same Day,Credit Card,100
OD4545,2018-10-30,2018-10-31,2018-11-02,2018-11-03,Express,Credit Card,90
OD4546,2018-02-23,2018-02-23,2018-02-28,2018-03-01,Standard,UPI,30
OD4547,2018-06-18,2018-06-18,2018-06-18,2018-06-18,Same Day,Cash,120
OD4548,2018-01-03,2018-01-03,2018-01-05,2018-01-06,Express,Debit Card,90
OD4549,2016-03-19,2016-03-19,2016-03-19,2016-03-19,Same Day,Cash,120
OD4550,2018-11-03,2018-11-05,2018-11-10,2018-11-12,Standard,Cash,40
OD4551,2016-05-12,2016-05-12,2016-05-12,2016-05-12,Same Day,Debit Card,120
OD4552,2018-12-13,2018-12-14,2018-12-19,2018-12-20,Standard,Credit Card,50
OD4553,2015-01-23,2015-01-24,2015-01-26,2015-01-26,Express,Cash,80
OD4554,2017-08-23,2017-08-23,2017-08-28,2017-08-27,Standard,Debit Card,30
OD4555,2015-09-08,2015-09-08,2015-09-08,2015-09-08,Same Day,UPI,100
OD4556,2018-12-24,2018-12-26,2018-12-28,2018-12-28,Express,Cash,70
OD4557,2016-09-21,2016-09-21,2016-09-26,2016-09-26,Standard,Cash,30
OD4558,2015-05-10,2015-05-10,2015-05-10,2015-05-10,Same Day,UPI,120
OD4559,2017-07-14,2017-07-16,2017-07-18,2017-07-18,Express,UPI,70
OD4560,2018-02-26,2018-02-26,2018-02-26,2018-02-26,Same Day,Credit Card,120
OD4561,2017-09-02,2017-09-04,2017-09-06,2017-09-06,Express,Credit Card,70
OD4562,2018-04-11,2018-04-11,2018-04-11,2018-04-11,Same Day,UPI,120
OD4563,2018-05-03,2018-05-04,2018-05-06,2018-05-06,Express,Cash,90
OD4564,2017-12-24,2017-12-24,2017-12-24,2017-12-24,Same Day,Cash,120
OD4565,2017-11-03,2017-11-03,2017-11-03,2017-11-03,Same Day,Debit Card,120
OD4566,2016-12-27,2016-12-27,2016-12-27,2016-12-27,Same Day,Cash,120
OD4567,2016-02-16,2016-02-16,2016-02-16,2016-02-16,Same Day,Cash,120
OD4568,2018-12-01,2018-12-03,2018-12-05,2018-12-04,Express,Credit Card,80
OD4570,2018-09-21,2018-09-21,2018-09-21,2018-09-21,Same Day,UPI,100
OD4572,2017-05-26,2017-05-28,2017-05-30,2017-05-30,Express,Credit Card,90
OD4573,2017-09-19,2017-09-19,2017-09-19,2017-09-19,Same Day,UPI,120
OD4574,2017-09-08,2017-09-10,2017-09-15,2017-09-14,Standard,Debit Card,30
OD4575,2017-12-06,2017-12-06,2017-12-06,2017-12-06,Same Day,UPI,120
OD4576,2018-12-01,2018-12-01,2018-12-06,2018-12-06,Standard,UPI,50
OD4577,2018-11-16,2018-11-16,2018-11-21,2018-11-20,Standard,Cash,50
OD4578,2016-11-24,2016-11-26,2016-11-28,2016-11-27,Express,Cash,70
OD4579,2016-05-22,2016-05-22,2016-05-22,2016-05-22,Same Day,UPI,150
OD4580,2016-11-17,2016-11-19,2016-11-24,2016-11-25,Standard,Cash,50
OD4581,2015-04-11,2015-04-11,2015-04-13,2015-04-15,Express,UPI,90
OD4582,2018-09-29,2018-09-29,2018-09-29,2018-09-29,Same Day,Cash,100
OD4583,2018-11-14,2018-11-15,2018-11-20,2018-11-20,Standard,Debit Card,40
OD4584,2017-12-03,2017-12-05,2017-12-10,2017-12-10,Standard,UPI,50
OD4585,2015-09-08,2015-09-08,2015-09-08,2015-09-08,Same Day,Debit Card,100
OD4586,2018-01-26,2018-01-28,2018-01-30,2018-01-30,Express,UPI,90
OD4587,2018-04-17,2018-04-19,2018-04-21,2018-04-23,Express,Cash,70
OD4588,2015-11-10,2015-11-10,2015-11-10,2015-11-10,Same Day,Credit Card,100
OD4589,2018-07-08,2018-07-09,2018-07-11,2018-07-11,Express,UPI,90
OD4590,2017-05-28,2017-05-28,2017-05-28,2017-05-28,Same Day,Debit Card,100
OD4591,2018-09-23,2018-09-24,2018-09-26,2018-09-26,Express,Cash,80
OD4592,2015-11-10,2015-11-10,2015-11-12,2015-11-13,Express,Debit Card,90
OD4593,2017-09-08,2017-09-08,2017-09-13,2017-09-13,Standard,Credit Card,50
OD4594,2018-11-21,2018-11-23,2018-11-28,2018-11-29,Standard,Credit Card,40
OD4595,2018-11-16,2018-11-16,2018-11-16,2018-11-16,Same Day,Cash,120
OD4596,2017-11-26,2017-11-28,2017-12-03,2017-12-02,Standard,UPI,50
OD4597,2015-12-05,2015-12-05,2015-12-05,2015-12-05,Same Day,Debit Card,150
OD4598,2016-09-11,2016-09-13,2016-09-15,2016-09-16,Express,Credit Card,70
OD4599,2016-12-06,2016-12-07,2016-12-09,2016-12-12,Express,Debit Card,70
OD4600,2016-11-24,2016-11-25,2016-11-30,2016-11-29,Standard,UPI,30
OD4601,2015-11-22,2015-11-22,2015-11-22,2015-11-22,Same Day,Cash,100
OD4602,2015-09-21,2015-09-23,2015-09-28,2015-09-29,Standard,Cash,30
OD4603,2015-12-28,2015-12-30,2016-01-01,2016-01-04,Express,Cash,80
OD4604,2016-08-28,2016-08-28,2016-08-28,2016-08-28,Same Day,UPI,150
OD4605,2018-11-19,2018-11-19,2018-11-19,2018-11-19,Same Day,Cash,150
OD4606,2017-04-10,2017-04-12,2017-04-17,2017-04-17,Standard,UPI,50
OD4607,2018-09-15,2018-09-17,2018-09-19,2018-09-18,Express,Debit Card,70
OD4608,2017-10-07,2017-10-07,2017-10-07,2017-10-07,Same Day,Credit Card,150
OD4609,2018-10-30,2018-10-31,2018-11-02,2018-11-02,Express,Credit Card,80
OD4610,2016-04-14,2016-04-15,2016-04-17,2016-04-17,Express,Credit Card,70
OD4611,2016-08-16,2016-08-17,2016-08-22,2016-08-23,Standard,UPI,40
OD4612,2017-04-12,2017-04-12,2017-04-17,2017-04-17,Standard,Debit Card,50
OD4613,2017-09-02,2017-09-03,2017-09-05,2017-09-05,Express,UPI,90
OD4614,2016-05-01,2016-05-01,2016-05-01,2016-05-01,Same Day,Debit Card,100
OD4615,2018-09-15,2018-09-17,2018-09-19,2018-09-21,Express,Credit Card,80
OD4617,2018-11-10,2018-11-10,2018-11-10,2018-11-10,Same Day,Debit Card,150
OD4618,2016-12-20,2016-12-20,2016-12-20,2016-12-20,Same Day,Debit Card,150
OD4619,2016-09-28,2016-09-28,2016-09-30,2016-09-29,Express,UPI,90
OD4620,2018-08-21,2018-08-21,2018-08-21,2018-08-21,Same Day,Debit Card,150
OD4622,2016-04-13,2016-04-13,2016-04-18,2016-04-18,Standard,Cash,40
OD4623,2018-08-31,2018-08-31,2018-08-31,2018-08-31,Same Day,Credit Card,150
OD4625,2018-10-06,2018-10-06,2018-10-06,2018-10-06,Same Day,Credit Card,150
OD4626,2016-05-08,2016-05-08,2016-05-13,2016-05-13,Standard,Credit Card,30
OD4627,2015-09-17,2015-09-19,2015-09-21,2015-09-21,Express,Credit Card,90
OD4628,2018-09-04,2018-09-04,2018-09-04,2018-09-04,Same Day,Credit Card,150
OD4629,2018-12-01,2018-12-03,2018-12-08,2018-12-08,Standard,UPI,30
OD4630,2016-11-24,2016-11-24,2016-11-26,2016-11-26,Express,UPI,80
OD4631,2017-10-07,2017-10-07,2017-10-07,2017-10-07,Same Day,Credit Card,120
OD4632,2017-11-03,2017-11-05,2017-11-10,2017-11-09,Standard,Credit Card,50
OD4633,2016-03-19,2016-03-21,2016-03-23,2016-03-22,Express,UPI,80
OD4634,2016-11-13,2016-11-13,2016-11-13,2016-11-13,Same Day,Cash,120
OD4635,2016-07-10,2016-07-11,2016-07-16,2016-07-15,Standard,Cash,30
OD4636,2018-08-07,2018-08-07,2018-08-12,2018-08-12,Standard,Cash,40
OD4637,2016-12-14,2016-12-14,2016-12-14,2016-12-14,Same Day,Cash,150
OD4638,2015-09-08,2015-09-08,2015-09-10,2015-09-10,Express,Credit Card,80
OD4639,2015-03-31,2015-03-31,2015-03-31,2015-03-31,Same Day,UPI,120
OD4640,2017-01-30,2017-01-30,2017-01-30,2017-01-30,Same Day,Cash,150
OD4641,2017-11-07,2017-11-07,2017-11-07,2017-11-07,Same Day,Credit Card,150
OD4642,2017-09-11,2017-09-13,2017-09-18,2017-09-18,Standard,UPI,40
OD4643,2015-10-04,2015-10-06,2015-10-11,2015-10-14,Standard,Debit Card,50
OD4644,2018-07-14,2018-07-15,2018-07-17,2018-07-17,Express,Debit Card,70
OD4645,2016-12-31,2016-12-31,2017-01-05,2017-01-05,Standard,Credit Card,50
OD4646,2018-05-20,2018-05-22,2018-05-27,2018-05-28,Standard,UPI,50
OD4647,2015-03-14,2015-03-14,2015-03-19,2015-03-19,Standard,Debit Card,40
OD4648,2018-07-08,2018-07-09,2018-07-11,2018-07-11,Express,UPI,80
OD4649,2016-12-01,2016-12-02,2016-12-04,2016-12-07,Express,Cash,70
OD4650,2016-08-02,2016-08-04,2016-08-06,2016-08-06,Express,Debit Card,80
OD4651,2015-09-29,2015-09-29,2015-10-04,2015-10-03,Standard,Debit Card,30
OD4652,2018-10-30,2018-10-30,2018-10-30,2018-10-30,Same Day,Debit Card,120
OD4653,2016-08-16,2016-08-16,2016-08-16,2016-08-16,Same Day,Cash,100
OD4654,2016-06-15,2016-06-17,2016-06-22,2016-06-22,Standard,UPI,50
OD4655,2018-09-09,2018-09-10,2018-09-15,2018-09-15,Standard,Cash,30
OD4656,2018-07-18,2018-07-19,2018-07-21,2018-07-21,Express,Credit Card,70
OD4657,2015-12-08,2015-12-08,2015-12-08,2015-12-08,Same Day,Credit Card,120
OD4658,2016-06-15,2016-06-15,2016-06-17,2016-06-17,Express,Cash,90
OD4659,2018-06-08,2018-06-08,2018-06-13,2018-06-13,Standard,Credit Card,30
OD4660,2018-09-19,2018-09-20,2018-09-22,2018-09-24,Express,Credit Card,80
OD4661,2018-12-19,2018-12-19,2018-12-21,2018-12-23,Express,UPI,70
OD4662,2018-03-13,2018-03-15,2018-03-20,2018-03-20,Standard,UPI,30
OD4663,2016-10-02,2016-10-02,2016-10-04,2016-10-03,Express,Credit Card,90
OD4664,2016-08-17,2016-08-17,2016-08-17,2016-08-17,Same Day,UPI,150
OD4665,2016-12-11,2016-12-11,2016-12-11,2016-12-11,Same Day,Credit Card,120
OD4666,2016-12-24,2016-12-24,2016-12-24,2016-12-24,Same Day,Debit Card,150
OD4667,2015-09-17,2015-09-18,2015-09-23,2015-09-23,Standard,UPI,40
OD4668,2016-01-13,2016-01-14,2016-01-19,2016-01-19,Standard,Cash,30
OD4669,2018-04-25,2018-04-25,2018-04-25,2018-04-25,Same Day,Credit Card,100
OD4670,2018-09-23,2018-09-25,2018-09-30,2018-10-01,Standard,Credit Card,30
OD4671,2016-06-25,2016-06-25,2016-06-25,2016-06-25,Same Day,Debit Card,120
OD4672,2017-12-29,2017-12-31,2018-01-02,2018-01-02,Express,UPI,80
OD4673,2015-11-04,2015-11-04,2015-11-09,2015-11-09,Standard,Debit Card,50
OD4674,2015-10-24,2015-10-25,2015-10-30,2015-10-30,Standard,Debit Card,30
OD4675,2018-07-21,2018-07-22,2018-07-27,2018-07-29,Standard,Credit Card,40
OD4676,2016-11-02,2016-11-02,2016-11-02,2016-11-02,Same Day,Cash,120
OD4677,2017-12-31,2017-12-31,2017-12-31,2017-12-31,Same Day,UPI,120
OD4678,2015-08-15,2015-08-15,2015-08-15,2015-08-15,Same Day,Debit Card,100
OD4679,2018-10-19,2018-10-19,2018-10-21,2018-10-20,Express,UPI,90
OD4680,2018-08-07,2018-08-07,2018-08-07,2018-08-07,Same Day,UPI,150
OD4681,2018-08-07,2018-08-07,2018-08-09,2018-08-08,Express,Cash,80
OD4682,2017-11-17,2017-11-19,2017-11-24,2017-11-24,Standard,Debit Card,40
OD4683,2018-08-19,2018-08-21,2018-08-23,2018-08-23,Express,Cash,90
OD4684,2018-12-05,2018-12-05,2018-12-10,2018-12-10,Standard,Credit Card,50
OD4685,2017-09-10,2017-09-10,2017-09-15,2017-09-14,Standard,UPI,30
OD4686,2017-09-10,2017-09-11,2017-09-16,2017-09-16,Standard,Cash,40
OD4687,2017-12-10,2017-12-10,2017-12-15,2017-12-15,Standard,UPI,40
OD4688,2017-07-08,2017-07-08,2017-07-08,2017-07-08,Same Day,UPI,100
OD4689,2015-06-17,2015-06-17,2015-06-17,2015-06-17,Same Day,Cash,100
OD4690,2017-12-06,2017-12-08,2017-12-10,2017-12-09,Express,UPI,70
OD4691,2018-10-30,2018-11-01,2018-11-06,2018-11-06,Standard,Credit Card,40
OD4692,2016-05-12,2016-05-12,2016-05-14,2016-05-14,Express,UPI,70
OD4693,2015-11-23,2015-11-25,2015-11-27,2015-11-27,Express,Cash,70
OD4694,2015-08-09,2015-08-11,2015-08-13,2015-08-13,Express,Debit Card,90
OD4695,2018-08-31,2018-09-01,2018-09-06,2018-09-08,Standard,Debit Card,50
OD4696,2016-09-28,2016-09-28,2016-09-28,2016-09-28,Same Day,Debit Card,100
OD4697,2018-12-30,2018-12-30,2019-01-01,2018-12-31,Express,Debit Card,70
OD4698,2016-12-11,2016-12-13,2016-12-18,2016-12-18,Standard,Credit Card,50
OD4699,2016-12-11,2016-12-11,2016-12-11,2016-12-11,Same Day,Credit Card,150
OD4700,2015-08-23,2015-08-25,2015-08-30,2015-08-30,Standard,Debit Card,30
OD4701,2017-08-28,2017-08-30,2017-09-01,2017-08-31,Express,Credit Card,70
OD4702,2015-02-24,2015-02-25,2015-03-02,2015-03-02,Standard,Cash,30
OD4703,2015-11-26,2015-11-26,2015-11-28,2015-11-28,Express,Debit Card,70
OD4704,2015-03-10,2015-03-11,2015-03-16,2015-03-16,Standard,Debit Card,30
OD4705,2018-08-21,2018-08-21,2018-08-21,2018-08-21,Same Day,Debit Card,100
OD4706,2018-09-07,2018-09-07,2018-09-12,2018-09-12,Standard,Cash,40
OD4707,2015-12-08,2015-12-10,2015-12-15,2015-12-14,Standard,Debit Card,30
OD4708,2016-05-23,2016-05-24,2016-05-26,2016-05-25,Express,Cash,70
OD4709,2016-08-10,2016-08-10,2016-08-10,2016-08-10,Same Day,Cash,100
OD4710,2018-04-25,2018-04-25,2018-04-30,2018-04-30,Standard,Credit Card,30
OD4711,2015-03-10,2015-03-12,2015-03-17,2015-03-16,Standard,Debit Card,50
OD4712,2017-05-28,2017-05-29,2017-06-03,2017-06-03,Standard,UPI,30
OD4713,2016-12-24,2016-12-24,2016-12-29,2016-12-29,Standard,Credit Card,40
OD4714,2015-08-15,2015-08-17,2015-08-19,2015-08-19,Express,Debit Card,70
OD4715,2017-04-10,2017-04-10,2017-04-12,2017-04-12,Express,Credit Card,80
OD4716,2018-11-07,2018-11-07,2018-11-07,2018-11-07,Same Day,UPI,120
OD4717,2016-11-21,2016-11-21,2016-11-26,2016-11-26,Standard,UPI,40
OD4718,2015-03-14,2015-03-15,2015-03-20,2015-03-20,Standard,Cash,50
OD4719,2017-09-12,2017-09-12,2017-09-12,2017-09-12,Same Day,Credit Card,100
OD4720,2015-05-28,2015-05-29,2015-05-31,2015-05-31,Express,UPI,90
OD4721,2017-08-17,2017-08-18,2017-08-23,2017-08-23,Standard,Credit Card,30
OD4723,2018-05-06,2018-05-06,2018-05-06,2018-05-06,Same Day,UPI,100
OD4724,2015-02-24,2015-02-25,2015-02-27,2015-02-28,Express,Cash,80
OD4725,2017-11-27,2017-11-27,2017-11-27,2017-11-27,Same Day,Debit Card,120
OD4726,2016-12-11,2016-12-12,2016-12-14,2016-12-15,Express,Cash,80
OD4727,2018-03-08,2018-03-09,2018-03-11,2018-03-14,Express,Credit Card,70
OD4728,2015-04-21,2015-04-21,2015-04-21,2015-04-21,Same Day,Cash,150
OD4729,2018-03-09,2018-03-10,2018-03-12,2018-03-12,Express,Credit Card,80
OD4730,2018-11-11,2018-11-11,2018-11-13,2018-11-13,Express,Credit Card,70
OD4731,2016-08-28,2016-08-29,2016-08-31,2016-09-01,Express,Credit Card,80
OD4732,2018-09-02,2018-09-04,2018-09-06,2018-09-06,Express,Debit Card,80
OD4733,2017-09-29,2017-10-01,2017-10-06,2017-10-06,Standard,UPI,30
OD4735,2016-11-08,2016-11-08,2016-11-08,2016-11-08,Same Day,Credit Card,150
OD4736,2018-09-01,2018-09-01,2018-09-06,2018-09-06,Standard,UPI,40
OD4737,2018-11-21,2018-11-21,2018-11-21,2018-11-21,Same Day,Debit Card,120
OD4738,2015-09-17,2015-09-18,2015-09-23,2015-09-23,Standard,Debit Card,50
OD4739,2015-12-08,2015-12-10,2015-12-12,2015-12-12,Express,UPI,70
OD4740,2016-12-06,2016-12-06,2016-12-06,2016-12-06,Same Day,Debit Card,120
OD4742,2015-07-14,2015-07-14,2015-07-16,2015-07-18,Express,Credit Card,80
OD4743,2015-11-01,2015-11-01,2015-11-01,2015-11-01,Same Day,Credit Card,150
OD4744,2015-11-26,2015-11-26,2015-11-26,2015-11-26,Same Day,UPI,100
OD4745,2015-12-08,2015-12-08,2015-12-08,2015-12-08,Same Day,Cash,120
OD4746,2016-12-06,2016-12-07,2016-12-12,2016-12-13,Standard,Debit Card,40
OD4748,2018-09-23,2018-09-23,2018-09-23,2018-09-23,Same Day,UPI,150
OD4749,2018-12-05,2018-12-05,2018-12-05,2018-12-05,Same Day,Debit Card,150
OD4750,2018-08-12,2018-08-12,2018-08-12,2018-08-12,Same Day,Cash,120
OD4751,2015-08-23,2015-08-24,2015-08-29,2015-08-31,Standard,Cash,30
OD4752,2015-09-17,2015-09-19,2015-09-21,2015-09-21,Express,UPI,70
OD4753,2016-12-06,2016-12-06,2016-12-11,2016-12-10,Standard,Debit Card,40
OD4754,2018-10-02,2018-10-03,2018-10-08,2018-10-07,Standard,Debit Card,30
OD4755,2018-10-02,2018-10-03,2018-10-08,2018-10-08,Standard,UPI,40
OD4756,2015-11-25,2015-11-25,2015-11-25,2015-11-25,Same Day,Cash,150
OD4757,2018-11-27,2018-11-28,2018-12-03,2018-12-04,Standard,Debit Card,30
OD4758,2018-09-15,2018-09-15,2018-09-20,2018-09-23,Standard,UPI,30
OD4759,2017-04-23,2017-04-23,2017-04-23,2017-04-23,Same Day,Credit Card,120
OD4760,2016-11-02,2016-11-02,2016-11-04,2016-11-04,Express,Credit Card,70
OD4761,2015-11-07,2015-11-07,2015-11-07,2015-11-07,Same Day,Debit Card,120
OD4762,2018-09-18,2018-09-18,2018-09-18,2018-09-18,Same Day,Credit Card,120
OD4763,2015-08-09,2015-08-09,2015-08-11,2015-08-13,Express,Debit Card,90
OD4764,2015-09-30,2015-10-01,2015-10-06,2015-10-05,Standard,Credit Card,30
OD4765,2017-12-06,2017-12-07,2017-12-12,2017-12-13,Standard,Credit Card,50
OD4767,2015-09-10,2015-09-10,2015-09-10,2015-09-10,Same Day,Cash,150
OD4768,2015-12-08,2015-12-08,2015-12-13,2015-12-13,Standard,UPI,50
OD4769,2016-08-17,2016-08-19,2016-08-21,2016-08-21,Express,UPI,80
OD4770,2016-12-24,2016-12-24,2016-12-24,2016-12-24,Same Day,Cash,120
OD4771,2017-07-08,2017-07-08,2017-07-08,2017-07-08,Same Day,Debit Card,100
OD4772,2015-11-30,2015-11-30,2015-12-02,2015-12-02,Express,Cash,70
OD4773,2016-11-24,2016-11-24,2016-11-26,2016-11-26,Express,Cash,70
OD4774,2018-01-29,2018-01-31,2018-02-02,2018-02-02,Express,Credit Card,90
OD4775,2018-01-03,2018-01-03,2018-01-03,2018-01-03,Same Day,Cash,100
OD4776,2016-08-16,2016-08-16,2016-08-21,2016-08-21,Standard,Credit Card,30
OD4777,2016-12-06,2016-12-08,2016-12-10,2016-12-10,Express,UPI,90
OD4778,2018-06-29,2018-07-01,2018-07-06,2018-07-06,Standard,Cash,40
OD4779,2015-08-23,2015-08-25,2015-08-30,2015-08-30,Standard,Credit Card,30
OD4780,2017-11-11,2017-11-11,2017-11-11,2017-11-11,Same Day,Cash,100
OD4781,2016-09-20,2016-09-21,2016-09-23,2016-09-23,Express,Cash,70
OD4782,2018-11-13,2018-11-15,2018-11-17,2018-11-16,Express,UPI,70
OD4783,2017-11-03,2017-11-05,2017-11-07,2017-11-07,Express,Cash,70
OD4784,2016-05-25,2016-05-26,2016-05-31,2016-05-31,Standard,Debit Card,30
OD4785,2018-04-01,2018-04-03,2018-04-08,2018-04-08,Standard,UPI,40
OD4786,2017-06-11,2017-06-12,2017-06-17,2017-06-19,Standard,Cash,50
OD4787,2018-10-21,2018-10-23,2018-10-28,2018-10-28,Standard,Debit Card,40
OD4788,2018-06-08,2018-06-08,2018-06-13,2018-06-16,Standard,Debit Card,40
OD4789,2016-09-28,2016-09-28,2016-09-28,2016-09-28,Same Day,Credit Card,120
OD4790,2017-07-08,2017-07-08,2017-07-08,2017-07-08,Same Day,Credit Card,100
OD4791,2018-09-19,2018-09-19,2018-09-24,2018-09-24,Standard,Cash,40
OD4792,2018-07-18,2018-07-20,2018-07-25,2018-07-25,Standard,Cash,40
OD4794,2015-12-08,2015-12-08,2015-12-08,2015-12-08,Same Day,Cash,100
OD4795,2017-11-12,2017-11-12,2017-11-12,2017-11-12,Same Day,UPI,100
OD4796,2015-08-09,2015-08-10,2015-08-15,2015-08-16,Standard,Cash,50
OD4797,2015-12-27,2015-12-28,2016-01-02,2016-01-01,Standard,Debit Card,50
OD4798,2017-11-12,2017-11-14,2017-11-19,2017-11-19,Standard,Cash,30
OD4799,2016-05-23,2016-05-24,2016-05-26,2016-05-26,Express,Cash,70
OD4800,2018-10-02,2018-10-02,2018-10-02,2018-10-02,Same Day,Cash,120
OD4801,2017-08-22,2017-08-22,2017-08-27,2017-08-26,Standard,UPI,50
OD4802,2017-12-22,2017-12-23,2017-12-25,2017-12-24,Express,UPI,90
OD4803,2018-12-22,2018-12-24,2018-12-29,2018-12-29,Standard,UPI,40
OD4804,2016-12-11,2016-12-11,2016-12-11,2016-12-11,Same Day,Credit Card,120
OD4805,2017-10-01,2017-10-02,2017-10-04,2017-10-06,Express,Debit Card,90
OD4806,2017-11-10,2017-11-10,2017-11-15,2017-11-15,Standard,Cash,30
OD4807,2016-12-27,2016-12-27,2016-12-27,2016-12-27,Same Day,UPI,120
OD4808,2017-09-05,2017-09-05,2017-09-05,2017-09-05,Same Day,Cash,150
OD4809,2018-12-22,2018-12-22,2018-12-24,2018-12-25,Express,Credit Card,70
OD4810,2017-09-11,2017-09-13,2017-09-18,2017-09-18,Standard,Credit Card,40
OD4811,2016-12-11,2016-12-11,2016-12-16,2016-12-17,Standard,Cash,40
OD4812,2018-05-14,2018-05-15,2018-05-20,2018-05-19,Standard,UPI,50
OD4813,2018-01-15,2018-01-16,2018-01-21,2018-01-20,Standard,Credit Card,40
OD4814,2018-08-01,2018-08-01,2018-08-03,2018-08-06,Express,Debit Card,90
OD4815,2015-09-20,2015-09-22,2015-09-24,2015-09-24,Express,Cash,70
OD4816,2018-11-11,2018-11-13,2018-11-18,2018-11-18,Standard,UPI,50
OD4817,2016-10-23,2016-10-25,2016-10-30,2016-10-30,Standard,Credit Card,50
OD4818,2016-11-29,2016-11-29,2016-11-29,2016-11-29,Same Day,Credit Card,120
OD4821,2018-06-05,2018-06-07,2018-06-09,2018-06-09,Express,Debit Card,70
OD4822,2017-11-17,2017-11-18,2017-11-23,2017-11-22,Standard,Credit Card,40
OD4823,2015-07-11,2015-07-12,2015-07-14,2015-07-16,Express,UPI,70
OD4824,2018-01-15,2018-01-16,2018-01-18,2018-01-19,Express,Credit Card,70
OD4825,2017-07-23,2017-07-24,2017-07-29,2017-07-29,Standard,Cash,40
OD4826,2017-12-04,2017-12-05,2017-12-10,2017-12-10,Standard,Credit Card,40
OD4827,2015-07-23,2015-07-23,2015-07-25,2015-07-25,Express,Cash,80
OD4828,2018-09-22,2018-09-24,2018-09-29,2018-09-28,Standard,Credit Card,50
OD4829,2015-12-01,2015-12-01,2015-12-03,2015-12-04,Express,Cash,80
OD4830,2016-06-16,2016-06-16,2016-06-16,2016-06-16,Same Day,UPI,100
OD4831,2016-08-09,2016-08-09,2016-08-11,2016-08-12,Express,UPI,70
OD4832,2015-10-14,2015-10-14,2015-10-19,2015-10-22,Standard,UPI,40
OD4833,2016-05-30,2016-05-30,2016-05-30,2016-05-30,Same Day,Cash,150
OD4834,2016-05-30,2016-05-30,2016-06-01,2016-06-01,Express,Debit Card,70
OD4835,2015-06-21,2015-06-22,2015-06-24,2015-06-24,Express,Cash,70
OD4836,2018-11-20,2018-11-22,2018-11-24,2018-11-24,Express,Debit Card,70
OD4837,2015-07-11,2015-07-11,2015-07-11,2015-07-11,Same Day,Debit Card,100
OD4838,2017-11-07,2017-11-09,2017-11-14,2017-11-14,Standard,Cash,50
OD4839,2016-08-09,2016-08-10,2016-08-12,2016-08-12,Express,Debit Card,90
OD4840,2017-11-24,2017-11-25,2017-11-30,2017-12-03,Standard,Credit Card,30
OD4841,2018-03-26,2018-03-27,2018-04-01,2018-03-31,Standard,Credit Card,40
OD4842,2017-11-07,2017-11-07,2017-11-07,2017-11-07,Same Day,Cash,100
OD4843,2018-12-02,2018-12-02,2018-12-04,2018-12-05,Express,Debit Card,80
OD4844,2015-09-20,2015-09-20,2015-09-20,2015-09-20,Same Day,Cash,120
OD4845,2016-08-09,2016-08-10,2016-08-15,2016-08-18,Standard,UPI,30
OD4846,2017-10-21,2017-10-23,2017-10-28,2017-10-28,Standard,Debit Card,30
OD4847,2016-12-07,2016-12-08,2016-12-10,2016-12-09,Express,Credit Card,80
OD4848,2015-09-20,2015-09-20,2015-09-20,2015-09-20,Same Day,Cash,150
OD4849,2015-11-19,2015-11-21,2015-11-23,2015-11-23,Express,Debit Card,90
OD4850,2015-07-06,2015-07-06,2015-07-11,2015-07-10,Standard,Credit Card,30
OD4851,2018-12-07,2018-12-07,2018-12-07,2018-12-07,Same Day,Credit Card,150
OD4852,2018-07-07,2018-07-07,2018-07-09,2018-07-09,Express,Credit Card,70
OD4853,2018-09-16,2018-09-16,2018-09-16,2018-09-16,Same Day,Cash,150
OD4854,2016-10-05,2016-10-06,2016-10-08,2016-10-08,Express,UPI,80
OD4855,2017-05-03,2017-05-05,2017-05-07,2017-05-09,Express,Debit Card,90
OD4856,2018-07-07,2018-07-07,2018-07-12,2018-07-11,Standard,Debit Card,30
OD4857,2018-09-16,2018-09-16,2018-09-18,2018-09-19,Express,UPI,90
OD4858,2016-09-22,2016-09-22,2016-09-22,2016-09-22,Same Day,Cash,150
OD4859,2017-05-03,2017-05-04,2017-05-09,2017-05-09,Standard,Cash,50
OD4860,2016-12-15,2016-12-15,2016-12-20,2016-12-20,Standard,UPI,40
OD4861,2016-12-15,2016-12-17,2016-12-22,2016-12-22,Standard,Cash,40
OD4862,2018-07-07,2018-07-09,2018-07-11,2018-07-11,Express,Credit Card,80
OD4863,2018-12-08,2018-12-10,2018-12-12,2018-12-12,Express,Cash,90
OD4864,2017-07-25,2017-07-25,2017-07-27,2017-07-27,Express,Cash,80
OD4865,2018-06-01,2018-06-01,2018-06-01,2018-06-01,Same Day,UPI,150
OD4866,2015-05-08,2015-05-08,2015-05-08,2015-05-08,Same Day,Cash,150
OD4867,2018-12-22,2018-12-23,2018-12-25,2018-12-27,Express,UPI,70
OD4868,2018-09-14,2018-09-14,2018-09-16,2018-09-17,Express,UPI,80
OD4869,2016-12-15,2016-12-16,2016-12-18,2016-12-18,Express,UPI,80
OD4870,2018-09-14,2018-09-15,2018-09-17,2018-09-19,Express,Cash,80
OD4871,2017-05-03,2017-05-03,2017-05-05,2017-05-05,Express,Cash,70
OD4872,2017-11-25,2017-11-27,2017-11-29,2017-11-29,Express,Credit Card,90
OD4873,2016-04-16,2016-04-16,2016-04-16,2016-04-16,Same Day,Cash,100
OD4874,2017-06-06,2017-06-06,2017-06-08,2017-06-08,Express,Credit Card,70
OD4875,2017-06-06,2017-06-08,2017-06-10,2017-06-10,Express,Debit Card,90
OD4876,2017-11-05,2017-11-05,2017-11-05,2017-11-05,Same Day,UPI,120
OD4877,2018-12-21,2018-12-22,2018-12-24,2018-12-24,Express,UPI,70
OD4879,2015-01-15,2015-01-15,2015-01-17,2015-01-17,Express,Debit Card,70
OD4880,2017-06-06,2017-06-06,2017-06-06,2017-06-06,Same Day,Debit Card,120
OD4881,2016-04-18,2016-04-18,2016-04-23,2016-04-23,Standard,Cash,30
OD4882,2015-08-12,2015-08-12,2015-08-14,2015-08-14,Express,Debit Card,80
OD4883,2016-06-15,2016-06-17,2016-06-22,2016-06-22,Standard,Debit Card,40
OD4884,2017-06-14,2017-06-14,2017-06-14,2017-06-14,Same Day,Cash,120
OD4885,2017-08-09,2017-08-09,2017-08-09,2017-08-09,Same Day,Credit Card,120
OD4886,2017-03-26,2017-03-27,2017-03-29,2017-03-30,Express,Cash,80
OD4887,2016-12-21,2016-12-22,2016-12-27,2016-12-27,Standard,UPI,30
OD4888,2018-08-01,2018-08-02,2018-08-07,2018-08-07,Standard,UPI,30
OD4889,2018-01-14,2018-01-14,2018-01-19,2018-01-19,Standard,Debit Card,50
OD4890,2018-12-25,2018-12-27,2018-12-29,2018-12-29,Express,Credit Card,70
OD4891,2017-06-09,2017-06-09,2017-06-14,2017-06-14,Standard,Debit Card,50
OD4892,2016-11-22,2016-11-22,2016-11-24,2016-11-23,Express,Cash,70
OD4893,2015-11-23,2015-11-23,2015-11-23,2015-11-23,Same Day,UPI,120
OD4894,2016-12-13,2016-12-15,2016-12-20,2016-12-20,Standard,Cash,40
OD4895,2018-04-21,2018-04-21,2018-04-26,2018-04-26,Standard,Debit Card,50
OD4896,2015-10-05,2015-10-05,2015-10-10,2015-10-09,Standard,Cash,40
OD4897,2018-03-19,2018-03-21,2018-03-23,2018-03-25,Express,Debit Card,70
OD4898,2018-09-21,2018-09-23,2018-09-25,2018-09-25,Express,Debit Card,80
OD4899,2018-09-21,2018-09-23,2018-09-25,2018-09-25,Express,Cash,80
OD4900,2015-11-15,2015-11-15,2015-11-20,2015-11-21,Standard,Cash,30
OD4901,2018-06-29,2018-06-29,2018-07-04,2018-07-04,Standard,Cash,40
OD4902,2018-09-17,2018-09-17,2018-09-17,2018-09-17,Same Day,Credit Card,100
OD4903,2016-05-03,2016-05-03,2016-05-08,2016-05-07,Standard,Cash,50
OD4906,2018-03-23,2018-03-23,2018-03-23,2018-03-23,Same Day,Cash,100
OD4907,2018-12-22,2018-12-22,2018-12-22,2018-12-22,Same Day,Debit Card,150
OD4908,2017-11-03,2017-11-03,2017-11-08,2017-11-08,Standard,Debit Card,40
OD4910,2016-12-13,2016-12-13,2016-12-13,2016-12-13,Same Day,UPI,100
OD4911,2016-12-12,2016-12-12,2016-12-12,2016-12-12,Same Day,Cash,100
OD4912,2015-11-28,2015-11-30,2015-12-05,2015-12-04,Standard,Credit Card,40
OD4913,2018-03-25,2018-03-26,2018-03-31,2018-03-30,Standard,Credit Card,40
OD4914,2016-03-22,2016-03-22,2016-03-22,2016-03-22,Same Day,Credit Card,150
OD4915,2018-05-18,2018-05-18,2018-05-20,2018-05-20,Express,Credit Card,80
OD4916,2016-10-01,2016-10-01,2016-10-01,2016-10-01,Same Day,Credit Card,100
OD4917,2018-09-07,2018-09-07,2018-09-07,2018-09-07,Same Day,UPI,150
OD4918,2015-12-20,2015-12-20,2015-12-20,2015-12-20,Same Day,Debit Card,100
OD4919,2016-10-02,2016-10-03,2016-10-08,2016-10-09,Standard,Credit Card,50
OD4920,2016-12-13,2016-12-13,2016-12-18,2016-12-19,Standard,Cash,40
OD4921,2018-05-27,2018-05-27,2018-05-27,2018-05-27,Same Day,UPI,120
OD4922,2018-11-16,2018-11-16,2018-11-16,2018-11-16,Same Day,Cash,120
OD4923,2018-03-25,2018-03-26,2018-03-28,2018-03-28,Express,Credit Card,70
OD4924,2018-08-21,2018-08-21,2018-08-23,2018-08-24,Express,Cash,90
OD4925,2018-11-19,2018-11-20,2018-11-22,2018-11-22,Express,Cash,70
OD4926,2018-09-07,2018-09-07,2018-09-07,2018-09-07,Same Day,UPI,120
OD4927,2016-10-02,2016-10-03,2016-10-05,2016-10-06,Express,Credit Card,70
OD4928,2015-04-28,2015-04-28,2015-04-30,2015-04-30,Express,UPI,70
OD4929,2018-03-19,2018-03-19,2018-03-24,2018-03-25,Standard,Debit Card,50
OD4930,2016-06-20,2016-06-22,2016-06-27,2016-06-27,Standard,UPI,50
OD4931,2018-04-24,2018-04-25,2018-04-30,2018-04-30,Standard,Cash,30
OD4932,2017-11-03,2017-11-03,2017-11-08,2017-11-07,Standard,Cash,40
OD4933,2016-04-04,2016-04-06,2016-04-08,2016-04-08,Express,UPI,70
OD4934,2016-04-04,2016-04-06,2016-04-08,2016-04-09,Express,UPI,70
OD4935,2018-09-07,2018-09-07,2018-09-09,2018-09-08,Express,Debit Card,90
OD4936,2017-03-25,2017-03-25,2017-03-27,2017-03-27,Express,Debit Card,70
OD4937,2017-05-26,2017-05-27,2017-06-01,2017-06-02,Standard,Credit Card,50
OD4938,2018-07-31,2018-07-31,2018-07-31,2018-07-31,Same Day,Credit Card,120
OD4939,2016-12-11,2016-12-12,2016-12-17,2016-12-16,Standard,Credit Card,30
OD4940,2018-12-14,2018-12-14,2018-12-14,2018-12-14,Same Day,Credit Card,100
OD4941,2017-10-01,2017-10-01,2017-10-06,2017-10-05,Standard,Debit Card,40
OD4942,2016-10-15,2016-10-15,2016-10-17,2016-10-17,Express,Debit Card,70
OD4943,2018-04-10,2018-04-10,2018-04-10,2018-04-10,Same Day,Cash,100
OD4944,2018-11-21,2018-11-22,2018-11-27,2018-11-27,Standard,UPI,40
OD4945,2017-05-30,2017-05-30,2017-05-30,2017-05-30,Same Day,Debit Card,100
OD4946,2017-05-30,2017-06-01,2017-06-03,2017-06-04,Express,Cash,80
OD4947,2016-12-18,2016-12-18,2016-12-18,2016-12-18,Same Day,Debit Card,150
OD4948,2015-09-14,2015-09-15,2015-09-17,2015-09-17,Express,Cash,80
OD4949,2017-03-17,2017-03-19,2017-03-24,2017-03-23,Standard,Cash,30
OD4950,2017-06-04,2017-06-06,2017-06-08,2017-06-10,Express,UPI,80
OD4951,2015-06-21,2015-06-23,2015-06-28,2015-06-28,Standard,Credit Card,30
OD4952,2015-09-14,2015-09-15,2015-09-17,2015-09-19,Express,Debit Card,80
OD4953,2015-09-14,2015-09-14,2015-09-19,2015-09-19,Standard,Credit Card,40
OD4954,2015-11-26,2015-11-26,2015-11-28,2015-12-01,Express,Debit Card,80
OD4955,2018-11-16,2018-11-18,2018-11-20,2018-11-20,Express,UPI,90
OD4956,2016-07-31,2016-08-01,2016-08-03,2016-08-03,Express,UPI,90
OD4957,2018-05-25,2018-05-27,2018-05-29,2018-05-29,Express,Debit Card,80
OD4958,2017-05-08,2017-05-08,2017-05-08,2017-05-08,Same Day,Credit Card,150
OD4959,2018-03-16,2018-03-16,2018-03-18,2018-03-17,Express,UPI,90
OD4960,2015-10-03,2015-10-04,2015-10-09,2015-10-08,Standard,UPI,50
OD4961,2018-03-16,2018-03-18,2018-03-23,2018-03-23,Standard,UPI,50
OD4962,2016-12-06,2016-12-06,2016-12-08,2016-12-07,Express,Cash,80
OD4963,2015-10-10,2015-10-11,2015-10-16,2015-10-18,Standard,UPI,30
OD4964,2017-07-14,2017-07-14,2017-07-14,2017-07-14,Same Day,Debit Card,150
OD4965,2017-08-13,2017-08-15,2017-08-17,2017-08-16,Express,UPI,90
OD4966,2017-02-07,2017-02-08,2017-02-13,2017-02-13,Standard,Credit Card,30
OD4967,2017-11-30,2017-11-30,2017-12-05,2017-12-05,Standard,Credit Card,40
OD4968,2016-10-23,2016-10-23,2016-10-23,2016-10-23,Same Day,Credit Card,100
OD4969,2015-10-08,2015-10-08,2015-10-13,2015-10-14,Standard,Credit Card,40
OD4970,2018-05-06,2018-05-08,2018-05-10,2018-05-13,Express,Cash,80
OD4971,2017-07-08,2017-07-09,2017-07-11,2017-07-12,Express,UPI,70
OD4972,2016-03-22,2016-03-22,2016-03-24,2016-03-26,Express,Credit Card,90
OD4973,2016-10-23,2016-10-23,2016-10-23,2016-10-23,Same Day,Cash,120
OD4974,2017-12-01,2017-12-01,2017-12-06,2017-12-06,Standard,Debit Card,30
OD4975,2017-10-24,2017-10-25,2017-10-27,2017-10-27,Express,Debit Card,70
OD4976,2015-09-13,2015-09-14,2015-09-19,2015-09-19,Standard,Debit Card,50
OD4977,2015-09-13,2015-09-15,2015-09-20,2015-09-20,Standard,Credit Card,40
OD4978,2015-10-16,2015-10-18,2015-10-23,2015-10-25,Standard,UPI,40
OD4979,2017-12-11,2017-12-11,2017-12-11,2017-12-11,Same Day,UPI,100
OD4980,2015-09-13,2015-09-13,2015-09-15,2015-09-15,Express,Debit Card,90
OD4981,2016-04-05,2016-04-07,2016-04-12,2016-04-12,Standard,Cash,30
OD4982,2016-11-02,2016-11-02,2016-11-07,2016-11-09,Standard,Debit Card,30
OD4983,2018-03-30,2018-04-01,2018-04-06,2018-04-06,Standard,Credit Card,50
OD4984,2016-10-31,2016-10-31,2016-11-02,2016-11-02,Express,Credit Card,90
OD4985,2017-09-04,2017-09-04,2017-09-09,2017-09-12,Standard,Debit Card,40
OD4986,2018-09-11,2018-09-13,2018-09-15,2018-09-15,Express,Cash,90
OD4987,2015-12-20,2015-12-22,2015-12-27,2015-12-27,Standard,UPI,40
OD4988,2018-07-21,2018-07-21,2018-07-21,2018-07-21,Same Day,Cash,150
OD4989,2016-11-21,2016-11-22,2016-11-27,2016-11-26,Standard,Credit Card,50
OD4990,2016-11-21,2016-11-21,2016-11-21,2016-11-21,Same Day,Credit Card,150
OD4991,2017-03-03,2017-03-04,2017-03-06,2017-03-08,Express,Debit Card,70
OD4992,2016-10-12,2016-10-12,2016-10-12,2016-10-12,Same Day,Credit Card,120
OD4994,2016-10-12,2016-10-14,2016-10-16,2016-10-17,Express,Cash,70
OD4995,2018-07-23,2018-07-23,2018-07-28,2018-07-28,Standard,Credit Card,30
OD4996,2016-07-20,2016-07-20,2016-07-20,2016-07-20,Same Day,Debit Card,120
OD4997,2018-09-10,2018-09-12,2018-09-17,2018-09-20,Standard,Cash,30
OD4998,2018-04-23,2018-04-24,2018-04-29,2018-04-29,Standard,Cash,40
OD4999,2018-12-09,2018-12-11,2018-12-13,2018-12-14,Express,Cash,90
OD5000,2018-09-10,2018-09-10,2018-09-15,2018-09-18,Standard,Cash,40
OD5001,2015-11-24,2015-11-26,2015-11-28,2015-11-27,Express,Credit Card,70
OD5002,2017-08-03,2017-08-03,2017-08-05,2017-08-04,Express,UPI,80
OD5003,2017-11-24,2017-11-24,2017-11-24,2017-11-24,Same Day,Credit Card,100
OD5004,2018-10-28,2018-10-28,2018-10-28,2018-10-28,Same Day,Debit Card,120
OD5005,2018-10-28,2018-10-30,2018-11-04,2018-11-04,Standard,Cash,40
OD5006,2016-07-12,2016-07-12,2016-07-12,2016-07-12,Same Day,Debit Card,120
OD5008,2015-10-17,2015-10-18,2015-10-20,2015-10-20,Express,Cash,70
OD5009,2017-11-24,2017-11-26,2017-12-01,2017-12-01,Standard,Cash,40
OD5010,2017-07-18,2017-07-18,2017-07-18,2017-07-18,Same Day,Credit Card,120
OD5011,2017-06-28,2017-06-29,2017-07-01,2017-06-30,Express,UPI,90
OD5012,2016-12-19,2016-12-19,2016-12-21,2016-12-20,Express,Cash,70
OD5013,2015-07-12,2015-07-14,2015-07-16,2015-07-15,Express,Debit Card,80
OD5014,2015-12-16,2015-12-16,2015-12-16,2015-12-16,Same Day,Cash,120
OD5015,2016-07-12,2016-07-12,2016-07-17,2016-07-17,Standard,UPI,40
OD5016,2018-11-17,2018-11-17,2018-11-17,2018-11-17,Same Day,UPI,100
OD5017,2016-01-03,2016-01-05,2016-01-10,2016-01-10,Standard,UPI,40
OD5018,2017-09-10,2017-09-12,2017-09-14,2017-09-15,Express,Debit Card,90
OD5019,2018-10-23,2018-10-23,2018-10-28,2018-10-28,Standard,UPI,30
OD5020,2016-02-09,2016-02-09,2016-02-09,2016-02-09,Same Day,Credit Card,100
OD5021,2017-08-12,2017-08-14,2017-08-16,2017-08-16,Express,Debit Card,80
OD5022,2016-07-12,2016-07-14,2016-07-16,2016-07-16,Express,Credit Card,80
OD5023,2017-07-14,2017-07-15,2017-07-17,2017-07-18,Express,Credit Card,70
OD5024,2016-05-26,2016-05-26,2016-05-28,2016-05-31,Express,Debit Card,80
OD5025,2016-10-11,2016-10-12,2016-10-17,2016-10-17,Standard,Debit Card,30
OD5026,2018-09-15,2018-09-17,2018-09-19,2018-09-19,Express,Cash,70
OD5027,2016-07-18,2016-07-18,2016-07-18,2016-07-18,Same Day,Credit Card,150
OD5028,2018-07-15,2018-07-16,2018-07-18,2018-07-18,Express,UPI,90
OD5029,2017-09-06,2017-09-06,2017-09-11,2017-09-12,Standard,Debit Card,30
OD5030,2016-11-09,2016-11-11,2016-11-16,2016-11-16,Standard,Debit Card,40
OD5031,2016-11-23,2016-11-24,2016-11-29,2016-11-30,Standard,UPI,50
OD5032,2018-11-05,2018-11-05,2018-11-05,2018-11-05,Same Day,Debit Card,120
OD5034,2018-03-17,2018-03-17,2018-03-19,2018-03-19,Express,Cash,70
OD5036,2015-03-05,2015-03-05,2015-03-07,2015-03-09,Express,Credit Card,80
OD5038,2017-08-27,2017-08-27,2017-08-29,2017-09-01,Express,Cash,90
OD5039,2018-03-31,2018-03-31,2018-04-02,2018-04-04,Express,Cash,90
OD5040,2016-10-09,2016-10-09,2016-10-09,2016-10-09,Same Day,UPI,100
OD5041,2018-05-12,2018-05-12,2018-05-12,2018-05-12,Same Day,Cash,150
OD5042,2016-11-09,2016-11-09,2016-11-11,2016-11-11,Express,Debit Card,80
OD5044,2018-11-26,2018-11-27,2018-11-29,2018-11-29,Express,Cash,70
OD5045,2016-12-04,2016-12-04,2016-12-04,2016-12-04,Same Day,Credit Card,100
OD5046,2018-07-11,2018-07-11,2018-07-13,2018-07-13,Express,UPI,90
OD5047,2018-03-17,2018-03-17,2018-03-17,2018-03-17,Same Day,UPI,100
OD5048,2015-11-14,2015-11-16,2015-11-21,2015-11-20,Standard,UPI,30
OD5049,2018-03-17,2018-03-17,2018-03-22,2018-03-21,Standard,Debit Card,50
OD5050,2018-09-22,2018-09-22,2018-09-24,2018-09-24,Express,Credit Card,80
OD5051,2016-09-19,2016-09-21,2016-09-26,2016-09-29,Standard,Credit Card,50
OD5052,2017-12-27,2017-12-27,2017-12-27,2017-12-27,Same Day,UPI,150
OD5053,2017-03-31,2017-03-31,2017-03-31,2017-03-31,Same Day,UPI,120
OD5054,2018-09-22,2018-09-24,2018-09-29,2018-09-30,Standard,UPI,30
OD5055,2016-12-05,2016-12-05,2016-12-05,2016-12-05,Same Day,UPI,100
OD5056,2018-01-27,2018-01-28,2018-01-30,2018-01-31,Express,UPI,80
OD5057,2016-03-26,2016-03-27,2016-03-29,2016-03-30,Express,UPI,80
OD5058,2018-09-25,2018-09-27,2018-10-02,2018-10-02,Standard,UPI,50
OD5059,2018-06-16,2018-06-16,2018-06-21,2018-06-21,Standard,Credit Card,30
OD5060,2015-09-09,2015-09-11,2015-09-16,2015-09-17,Standard,Debit Card,30
OD5061,2016-01-27,2016-01-27,2016-01-29,2016-02-01,Express,UPI,90
OD5062,2015-09-09,2015-09-09,2015-09-09,2015-09-09,Same Day,Credit Card,100
OD5063,2018-07-13,2018-07-15,2018-07-17,2018-07-17,Express,Debit Card,70
OD5064,2016-09-26,2016-09-28,2016-10-03,2016-10-02,Standard,Credit Card,30
OD5065,2015-12-01,2015-12-01,2015-12-01,2015-12-01,Same Day,Cash,120
OD5066,2015-11-18,2015-11-19,2015-11-24,2015-11-24,Standard,UPI,50
OD5067,2018-01-19,2018-01-20,2018-01-25,2018-01-24,Standard,Cash,40
OD5068,2016-08-24,2016-08-26,2016-08-28,2016-08-28,Express,Cash,80
OD5069,2018-01-27,2018-01-29,2018-02-03,2018-02-04,Standard,Cash,30
OD5070,2016-07-09,2016-07-11,2016-07-13,2016-07-14,Express,Debit Card,80
OD5071,2017-03-31,2017-03-31,2017-04-05,2017-04-05,Standard,Debit Card,40
OD5072,2017-11-14,2017-11-16,2017-11-18,2017-11-18,Express,Debit Card,90
OD5073,2016-01-27,2016-01-28,2016-01-30,2016-02-01,Express,UPI,90
OD5074,2016-04-30,2016-04-30,2016-05-05,2016-05-05,Standard,Debit Card,40
OD5075,2017-11-14,2017-11-14,2017-11-16,2017-11-16,Express,Cash,80
OD5077,2018-12-09,2018-12-09,2018-12-09,2018-12-09,Same Day,UPI,120
OD5078,2017-12-05,2017-12-05,2017-12-05,2017-12-05,Same Day,Cash,120
OD5079,2015-04-30,2015-04-30,2015-05-02,2015-05-05,Express,UPI,90
OD5080,2015-08-06,2015-08-07,2015-08-09,2015-08-09,Express,Debit Card,70
OD5081,2018-02-17,2018-02-17,2018-02-22,2018-02-21,Standard,UPI,50
OD5082,2018-09-23,2018-09-25,2018-09-30,2018-09-30,Standard,Credit Card,30
OD5083,2018-12-09,2018-12-09,2018-12-09,2018-12-09,Same Day,Debit Card,120
OD5084,2017-02-02,2017-02-04,2017-02-06,2017-02-06,Express,Debit Card,90
OD5085,2016-11-08,2016-11-10,2016-11-12,2016-11-11,Express,Cash,70
OD5086,2018-03-27,2018-03-29,2018-04-03,2018-04-05,Standard,Debit Card,30
OD5087,2016-12-06,2016-12-06,2016-12-06,2016-12-06,Same Day,UPI,150
OD5088,2018-12-03,2018-12-03,2018-12-08,2018-12-08,Standard,UPI,30
OD5089,2018-08-07,2018-08-07,2018-08-09,2018-08-09,Express,Credit Card,80
OD5090,2015-05-02,2015-05-02,2015-05-07,2015-05-07,Standard,Cash,40
OD5091,2017-09-05,2017-09-05,2017-09-05,2017-09-05,Same Day,Debit Card,150
OD5092,2015-04-11,2015-04-13,2015-04-18,2015-04-18,Standard,Debit Card,30
OD5093,2018-07-29,2018-07-30,2018-08-01,2018-08-02,Express,Debit Card,80
OD5094,2015-04-11,2015-04-11,2015-04-11,2015-04-11,Same Day,Debit Card,100
OD5095,2018-08-23,2018-08-23,2018-08-28,2018-08-27,Standard,Cash,50
OD5096,2015-05-27,2015-05-29,2015-06-03,2015-06-04,Standard,Debit Card,30
OD5097,2016-12-21,2016-12-21,2016-12-21,2016-12-21,Same Day,UPI,150
OD5098,2018-12-18,2018-12-20,2018-12-25,2018-12-24,Standard,Credit Card,50
OD5099,2016-06-04,2016-06-04,2016-06-09,2016-06-09,Standard,Debit Card,40
OD5100,2016-12-14,2016-12-14,2016-12-14,2016-12-14,Same Day,Credit Card,100
OD5101,2015-07-27,2015-07-29,2015-07-31,2015-08-02,Express,Debit Card,90
OD5102,2016-09-12,2016-09-12,2016-09-12,2016-09-12,Same Day,Cash,150
OD5103,2016-06-04,2016-06-04,2016-06-04,2016-06-04,Same Day,Debit Card,100
OD5104,2016-03-29,2016-03-31,2016-04-02,2016-04-02,Express,UPI,80
OD5105,2018-04-25,2018-04-25,2018-04-27,2018-04-27,Express,UPI,80
OD5106,2017-07-17,2017-07-19,2017-07-24,2017-07-26,Standard,Cash,50
OD5108,2017-11-05,2017-11-05,2017-11-10,2017-11-13,Standard,UPI,50
OD5109,2018-11-13,2018-11-14,2018-11-19,2018-11-21,Standard,Credit Card,40
OD5111,2018-05-22,2018-05-22,2018-05-22,2018-05-22,Same Day,Credit Card,120
OD5112,2016-10-23,2016-10-24,2016-10-29,2016-10-31,Standard,Debit Card,30
OD5113,2016-02-27,2016-02-27,2016-03-03,2016-03-06,Standard,Debit Card,50
OD5114,2018-10-12,2018-10-12,2018-10-12,2018-10-12,Same Day,Debit Card,100
OD5116,2016-09-24,2016-09-24,2016-09-24,2016-09-24,Same Day,UPI,120
OD5118,2016-12-17,2016-12-19,2016-12-24,2016-12-24,Standard,Credit Card,30
OD5120,2017-03-17,2017-03-19,2017-03-24,2017-03-24,Standard,Cash,50
OD5121,2017-06-27,2017-06-27,2017-06-29,2017-06-29,Express,Debit Card,80
OD5122,2017-07-17,2017-07-19,2017-07-21,2017-07-23,Express,Cash,90
OD5123,2016-06-09,2016-06-10,2016-06-15,2016-06-16,Standard,UPI,40
OD5124,2015-12-29,2015-12-29,2015-12-29,2015-12-29,Same Day,Cash,150
OD5125,2018-06-12,2018-06-13,2018-06-15,2018-06-15,Express,Debit Card,90
OD5126,2016-04-11,2016-04-11,2016-04-11,2016-04-11,Same Day,Debit Card,120
OD5127,2017-06-24,2017-06-25,2017-06-30,2017-06-30,Standard,Credit Card,30
OD5128,2018-12-10,2018-12-12,2018-12-17,2018-12-17,Standard,Debit Card,40
OD5129,2016-12-14,2016-12-14,2016-12-16,2016-12-16,Express,Debit Card,80
OD5130,2016-06-23,2016-06-24,2016-06-26,2016-06-26,Express,Cash,90
OD5131,2017-07-07,2017-07-07,2017-07-07,2017-07-07,Same Day,Debit Card,120
OD5132,2016-12-25,2016-12-25,2016-12-25,2016-12-25,Same Day,UPI,100
OD5133,2018-06-11,2018-06-12,2018-06-14,2018-06-14,Express,Cash,80
OD5134,2017-04-19,2017-04-21,2017-04-23,2017-04-23,Express,Credit Card,90
OD5135,2015-08-04,2015-08-04,2015-08-04,2015-08-04,Same Day,Cash,100
OD5136,2015-10-26,2015-10-27,2015-10-29,2015-10-29,Express,UPI,80
OD5138,2015-03-23,2015-03-24,2015-03-29,2015-03-29,Standard,UPI,40
OD5139,2017-06-23,2017-06-23,2017-06-25,2017-06-25,Express,Debit Card,90
OD5140,2018-12-03,2018-12-05,2018-12-07,2018-12-07,Express,Credit Card,70
OD5141,2015-10-31,2015-11-02,2015-11-07,2015-11-09,Standard,Credit Card,30
OD5142,2015-05-27,2015-05-27,2015-05-29,2015-05-31,Express,UPI,80
OD5143,2017-07-22,2017-07-24,2017-07-26,2017-07-26,Express,Cash,70
OD5144,2018-12-04,2018-12-04,2018-12-04,2018-12-04,Same Day,Credit Card,120
OD5145,2018-09-07,2018-09-07,2018-09-09,2018-09-09,Express,UPI,70
OD5146,2017-07-31,2017-07-31,2017-07-31,2017-07-31,Same Day,Cash,120
OD5147,2017-09-01,2017-09-01,2017-09-01,2017-09-01,Same Day,UPI,100
OD5148,2017-12-09,2017-12-11,2017-12-16,2017-12-16,Standard,Cash,30
OD5149,2018-08-05,2018-08-05,2018-08-05,2018-08-05,Same Day,Debit Card,120
OD5150,2018-03-03,2018-03-05,2018-03-07,2018-03-08,Express,Debit Card,90
OD5151,2017-12-09,2017-12-11,2017-12-13,2017-12-14,Express,UPI,80
OD5152,2016-03-05,2016-03-05,2016-03-05,2016-03-05,Same Day,UPI,100
OD5153,2016-06-01,2016-06-01,2016-06-01,2016-06-01,Same Day,Debit Card,150
OD5154,2016-06-01,2016-06-01,2016-06-06,2016-06-06,Standard,Cash,30
OD5155,2017-11-11,2017-11-13,2017-11-18,2017-11-20,Standard,Credit Card,50
OD5156,2017-09-22,2017-09-22,2017-09-27,2017-09-27,Standard,UPI,50
OD5157,2017-10-20,2017-10-21,2017-10-26,2017-10-26,Standard,Cash,40
OD5159,2017-08-26,2017-08-26,2017-08-26,2017-08-26,Same Day,Credit Card,100
OD5161,2016-11-13,2016-11-13,2016-11-18,2016-11-18,Standard,Debit Card,40
OD5162,2017-08-26,2017-08-26,2017-08-26,2017-08-26,Same Day,Debit Card,100
OD5163,2015-11-19,2015-11-19,2015-11-19,2015-11-19,Same Day,Cash,120
OD5164,2016-05-08,2016-05-08,2016-05-13,2016-05-12,Standard,UPI,50
OD5165,2017-09-13,2017-09-13,2017-09-18,2017-09-20,Standard,Credit Card,30
OD5167,2016-09-13,2016-09-15,2016-09-17,2016-09-18,Express,Debit Card,80
OD5168,2018-08-07,2018-08-07,2018-08-07,2018-08-07,Same Day,UPI,120
OD5169,2018-09-23,2018-09-24,2018-09-29,2018-10-01,Standard,Credit Card,30
OD5170,2017-04-03,2017-04-03,2017-04-03,2017-04-03,Same Day,Credit Card,120
OD5171,2016-11-08,2016-11-08,2016-11-08,2016-11-08,Same Day,Cash,150
OD5172,2017-07-31,2017-08-01,2017-08-03,2017-08-03,Express,Credit Card,80
OD5173,2018-12-02,2018-12-02,2018-12-02,2018-12-02,Same Day,UPI,120
OD5174,2015-12-03,2015-12-05,2015-12-10,2015-12-10,Standard,UPI,30
OD5175,2016-07-04,2016-07-06,2016-07-08,2016-07-08,Express,Credit Card,70
OD5176,2018-12-04,2018-12-05,2018-12-07,2018-12-08,Express,Credit Card,80
OD5177,2017-09-04,2017-09-04,2017-09-04,2017-09-04,Same Day,UPI,150
OD5178,2017-10-14,2017-10-14,2017-10-14,2017-10-14,Same Day,UPI,120
OD5180,2016-03-08,2016-03-08,2016-03-08,2016-03-08,Same Day,Debit Card,150
OD5181,2017-10-20,2017-10-20,2017-10-20,2017-10-20,Same Day,Credit Card,150
OD5182,2018-08-10,2018-08-11,2018-08-16,2018-08-16,Standard,Debit Card,50
OD5183,2017-06-24,2017-06-26,2017-06-28,2017-06-28,Express,UPI,90
OD5184,2018-10-23,2018-10-24,2018-10-29,2018-10-30,Standard,Debit Card,40
OD5185,2018-02-21,2018-02-22,2018-02-24,2018-02-24,Express,Debit Card,70
OD5186,2018-03-27,2018-03-29,2018-04-03,2018-04-04,Standard,UPI,40
OD5187,2017-11-20,2017-11-20,2017-11-20,2017-11-20,Same Day,UPI,100
OD5188,2018-05-19,2018-05-19,2018-05-19,2018-05-19,Same Day,Credit Card,100
OD5189,2017-05-06,2017-05-08,2017-05-13,2017-05-13,Standard,Debit Card,50
OD5190,2015-03-31,2015-03-31,2015-03-31,2015-03-31,Same Day,Credit Card,120
OD5191,2015-11-12,2015-11-14,2015-11-19,2015-11-19,Standard,Credit Card,50
OD5192,2016-04-06,2016-04-07,2016-04-12,2016-04-11,Standard,Credit Card,40
OD5193,2018-02-09,2018-02-10,2018-02-15,2018-02-18,Standard,Cash,50
OD5194,2016-02-06,2016-02-08,2016-02-13,2016-02-13,Standard,UPI,30
OD5195,2017-11-22,2017-11-22,2017-11-22,2017-11-22,Same Day,Cash,100
OD5196,2015-05-11,2015-05-11,2015-05-13,2015-05-13,Express,Debit Card,90
OD5197,2018-06-25,2018-06-27,2018-07-02,2018-07-02,Standard,Debit Card,50
OD5198,2018-11-23,2018-11-23,2018-11-25,2018-11-26,Express,Credit Card,80
OD5199,2016-12-20,2016-12-20,2016-12-20,2016-12-20,Same Day,Credit Card,150
OD5200,2018-05-15,2018-05-15,2018-05-15,2018-05-15,Same Day,Cash,100
OD5201,2018-09-23,2018-09-23,2018-09-23,2018-09-23,Same Day,Cash,100
OD5202,2016-07-20,2016-07-20,2016-07-22,2016-07-22,Express,Credit Card,70
OD5203,2017-05-09,2017-05-09,2017-05-11,2017-05-11,Express,Cash,80
OD5204,2016-03-05,2016-03-05,2016-03-07,2016-03-07,Express,Cash,80
OD5205,2015-11-11,2015-11-12,2015-11-17,2015-11-17,Standard,Cash,30
OD5206,2015-06-20,2015-06-22,2015-06-24,2015-06-24,Express,Debit Card,70
OD5207,2018-08-03,2018-08-05,2018-08-07,2018-08-09,Express,Credit Card,70
OD5208,2015-12-14,2015-12-16,2015-12-21,2015-12-22,Standard,Cash,30
OD5209,2016-06-08,2016-06-08,2016-06-13,2016-06-13,Standard,Cash,40
OD5210,2017-11-21,2017-11-22,2017-11-27,2017-11-27,Standard,UPI,40
OD5211,2017-11-01,2017-11-03,2017-11-08,2017-11-08,Standard,UPI,30
OD5212,2018-09-02,2018-09-02,2018-09-02,2018-09-02,Same Day,Credit Card,100
OD5213,2016-04-16,2016-04-16,2016-04-16,2016-04-16,Same Day,Cash,150
OD5214,2016-04-02,2016-04-03,2016-04-05,2016-04-05,Express,Debit Card,90
OD5215,2015-04-18,2015-04-18,2015-04-18,2015-04-18,Same Day,Credit Card,120
OD5216,2017-10-13,2017-10-14,2017-10-16,2017-10-19,Express,Credit Card,90
OD5217,2016-10-23,2016-10-23,2016-10-25,2016-10-26,Express,Cash,90
OD5218,2015-12-19,2015-12-20,2015-12-25,2015-12-24,Standard,UPI,50
OD5219,2016-06-26,2016-06-27,2016-06-29,2016-06-30,Express,Credit Card,90
OD5220,2015-11-11,2015-11-13,2015-11-18,2015-11-18,Standard,Cash,40
OD5221,2018-10-19,2018-10-20,2018-10-25,2018-10-25,Standard,Cash,40
OD5222,2016-04-13,2016-04-13,2016-04-15,2016-04-15,Express,Credit Card,80
OD5223,2015-11-02,2015-11-02,2015-11-07,2015-11-08,Standard,Credit Card,40
OD5224,2017-03-03,2017-03-04,2017-03-06,2017-03-07,Express,Debit Card,80
OD5225,2018-03-25,2018-03-25,2018-03-27,2018-03-27,Express,UPI,70
OD5226,2016-12-20,2016-12-20,2016-12-20,2016-12-20,Same Day,Credit Card,150
OD5227,2018-05-06,2018-05-08,2018-05-13,2018-05-16,Standard,UPI,40
OD5228,2016-10-01,2016-10-01,2016-10-06,2016-10-06,Standard,Cash,40
OD5229,2016-12-12,2016-12-12,2016-12-12,2016-12-12,Same Day,Debit Card,100
OD5230,2016-04-16,2016-04-16,2016-04-16,2016-04-16,Same Day,UPI,100
OD5231,2018-01-30,2018-01-30,2018-02-04,2018-02-06,Standard,Credit Card,30
OD5232,2015-12-06,2015-12-08,2015-12-10,2015-12-10,Express,Cash,80
OD5233,2018-04-04,2018-04-04,2018-04-06,2018-04-07,Express,Debit Card,70
OD5234,2017-01-30,2017-01-30,2017-01-30,2017-01-30,Same Day,UPI,120
OD5235,2016-07-12,2016-07-14,2016-07-19,2016-07-20,Standard,Debit Card,30
OD5236,2018-05-28,2018-05-28,2018-05-30,2018-05-31,Express,Cash,80
OD5237,2018-07-03,2018-07-03,2018-07-03,2018-07-03,Same Day,Credit Card,100
OD5238,2015-12-20,2015-12-20,2015-12-20,2015-12-20,Same Day,Credit Card,150
OD5239,2017-11-05,2017-11-05,2017-11-10,2017-11-09,Standard,Debit Card,40
OD5240,2015-10-14,2015-10-15,2015-10-17,2015-10-16,Express,Debit Card,90
OD5241,2018-11-23,2018-11-25,2018-11-30,2018-11-30,Standard,Debit Card,40
OD5242,2018-12-01,2018-12-02,2018-12-07,2018-12-07,Standard,Credit Card,40
OD5243,2017-11-19,2017-11-20,2017-11-22,2017-11-22,Express,Cash,70
OD5244,2018-11-25,2018-11-25,2018-11-25,2018-11-25,Same Day,Credit Card,120
OD5245,2018-11-14,2018-11-14,2018-11-14,2018-11-14,Same Day,Cash,150
OD5246,2017-10-21,2017-10-23,2017-10-25,2017-10-25,Express,Cash,90
OD5247,2016-04-07,2016-04-07,2016-04-07,2016-04-07,Same Day,Debit Card,150
OD5248,2017-11-24,2017-11-24,2017-11-26,2017-11-26,Express,Credit Card,70
OD5249,2016-05-12,2016-05-12,2016-05-17,2016-05-17,Standard,Debit Card,50
OD5250,2015-09-02,2015-09-02,2015-09-02,2015-09-02,Same Day,UPI,120
OD5251,2016-04-02,2016-04-04,2016-04-09,2016-04-09,Standard,Credit Card,30
OD5252,2017-11-10,2017-11-10,2017-11-12,2017-11-12,Express,Cash,90
OD5253,2017-03-03,2017-03-05,2017-03-07,2017-03-06,Express,Credit Card,70
OD5254,2018-03-18,2018-03-18,2018-03-20,2018-03-22,Express,Cash,80
OD5255,2017-04-08,2017-04-10,2017-04-15,2017-04-15,Standard,Cash,50
OD5256,2015-07-26,2015-07-26,2015-07-26,2015-07-26,Same Day,UPI,100
OD5257,2017-05-23,2017-05-23,2017-05-23,2017-05-23,Same Day,Debit Card,100
OD5258,2015-09-26,2015-09-28,2015-10-03,2015-10-03,Standard,UPI,50
OD5259,2017-09-02,2017-09-03,2017-09-08,2017-09-08,Standard,UPI,40
OD5260,2015-06-20,2015-06-20,2015-06-22,2015-06-23,Express,Credit Card,70
OD5261,2016-11-07,2016-11-07,2016-11-07,2016-11-07,Same Day,UPI,120
OD5262,2017-03-03,2017-03-04,2017-03-09,2017-03-09,Standard,Credit Card,50
OD5263,2015-11-28,2015-11-28,2015-11-28,2015-11-28,Same Day,Cash,120
OD5264,2016-04-17,2016-04-17,2016-04-22,2016-04-22,Standard,Credit Card,30
OD5265,2016-08-08,2016-08-08,2016-08-13,2016-08-12,Standard,UPI,50
OD5266,2018-12-03,2018-12-03,2018-12-03,2018-12-03,Same Day,Debit Card,150
OD5267,2016-11-01,2016-11-03,2016-11-05,2016-11-05,Express,Debit Card,90
OD5268,2016-05-28,2016-05-30,2016-06-01,2016-06-01,Express,Cash,70
OD5269,2016-02-14,2016-02-14,2016-02-14,2016-02-14,Same Day,Credit Card,150
OD5270,2018-03-20,2018-03-21,2018-03-23,2018-03-24,Express,Cash,70
OD5271,2015-09-20,2015-09-20,2015-09-20,2015-09-20,Same Day,Cash,120
OD5272,2018-08-18,2018-08-20,2018-08-25,2018-08-26,Standard,Debit Card,40
OD5273,2017-09-01,2017-09-03,2017-09-05,2017-09-05,Express,Credit Card,80
OD5274,2016-12-25,2016-12-25,2016-12-25,2016-12-25,Same Day,Cash,150
OD5275,2016-09-17,2016-09-17,2016-09-17,2016-09-17,Same Day,Debit Card,100
OD5276,2016-09-26,2016-09-28,2016-09-30,2016-09-30,Express,Cash,70
OD5277,2018-09-20,2018-09-22,2018-09-27,2018-09-27,Standard,UPI,30
OD5278,2018-09-20,2018-09-20,2018-09-25,2018-09-27,Standard,Credit Card,30
OD5279,2015-08-06,2015-08-06,2015-08-11,2015-08-11,Standard,Cash,30
OD5280,2018-07-09,2018-07-09,2018-07-09,2018-07-09,Same Day,Credit Card,100
OD5281,2015-04-29,2015-04-29,2015-05-04,2015-05-03,Standard,Debit Card,40
OD5282,2016-11-13,2016-11-13,2016-11-18,2016-11-17,Standard,Debit Card,50
OD5283,2017-02-04,2017-02-04,2017-02-04,2017-02-04,Same Day,Cash,150
OD5284,2017-05-22,2017-05-24,2017-05-26,2017-05-25,Express,UPI,70
OD5285,2015-07-02,2015-07-02,2015-07-04,2015-07-04,Express,Cash,90
OD5286,2018-03-13,2018-03-13,2018-03-13,2018-03-13,Same Day,UPI,100
OD5287,2018-12-11,2018-12-11,2018-12-11,2018-12-11,Same Day,UPI,150
OD5288,2017-11-14,2017-11-15,2017-11-20,2017-11-21,Standard,Credit Card,50
OD5289,2017-04-19,2017-04-20,2017-04-22,2017-04-22,Express,Cash,70
OD5290,2018-09-20,2018-09-21,2018-09-26,2018-09-25,Standard,Credit Card,50
OD5291,2018-12-25,2018-12-25,2018-12-25,2018-12-25,Same Day,Cash,100
OD5292,2018-10-12,2018-10-12,2018-10-14,2018-10-14,Express,UPI,70
OD5293,2015-09-01,2015-09-03,2015-09-05,2015-09-05,Express,Cash,90
OD5294,2017-11-11,2017-11-11,2017-11-11,2017-11-11,Same Day,Credit Card,100
OD5296,2017-02-16,2017-02-16,2017-02-21,2017-02-21,Standard,Credit Card,30
OD5297,2018-09-20,2018-09-22,2018-09-27,2018-09-28,Standard,Credit Card,50
OD5298,2018-11-17,2018-11-18,2018-11-20,2018-11-20,Express,Credit Card,80
OD5299,2015-06-17,2015-06-17,2015-06-17,2015-06-17,Same Day,UPI,100
OD5300,2016-07-09,2016-07-09,2016-07-09,2016-07-09,Same Day,UPI,120
OD5301,2016-11-13,2016-11-14,2016-11-16,2016-11-17,Express,Debit Card,80
OD5302,2017-11-14,2017-11-15,2017-11-17,2017-11-16,Express,UPI,80
OD5303,2017-12-01,2017-12-01,2017-12-01,2017-12-01,Same Day,Cash,150
OD5304,2018-12-21,2018-12-21,2018-12-21,2018-12-21,Same Day,UPI,100
OD5305,2017-09-14,2017-09-14,2017-09-16,2017-09-16,Express,UPI,70
OD5306,2015-09-07,2015-09-09,2015-09-14,2015-09-14,Standard,UPI,40
OD5307,2018-06-26,2018-06-26,2018-06-26,2018-06-26,Same Day,Debit Card,100
OD5308,2018-05-14,2018-05-15,2018-05-17,2018-05-17,Express,UPI,70
OD5309,2016-09-17,2016-09-19,2016-09-24,2016-09-25,Standard,UPI,50
OD5310,2018-09-20,2018-09-20,2018-09-22,2018-09-22,Express,Debit Card,70
OD5311,2018-01-27,2018-01-27,2018-01-27,2018-01-27,Same Day,Credit Card,150
OD5312,2018-09-04,2018-09-04,2018-09-06,2018-09-06,Express,UPI,80
OD5313,2018-11-07,2018-11-08,2018-11-13,2018-11-13,Standard,Debit Card,30
OD5314,2018-09-17,2018-09-19,2018-09-21,2018-09-20,Express,UPI,80
OD5315,2015-12-14,2015-12-16,2015-12-21,2015-12-21,Standard,Cash,40
OD5316,2016-12-04,2016-12-05,2016-12-10,2016-12-10,Standard,Cash,50
OD5317,2015-11-03,2015-11-05,2015-11-07,2015-11-08,Express,Debit Card,80
OD5318,2016-11-01,2016-11-02,2016-11-04,2016-11-03,Express,Credit Card,80
OD5319,2016-11-19,2016-11-20,2016-11-22,2016-11-22,Express,UPI,90
OD5320,2016-09-17,2016-09-17,2016-09-17,2016-09-17,Same Day,UPI,100
OD5321,2017-05-22,2017-05-23,2017-05-28,2017-05-28,Standard,Debit Card,30
OD5322,2017-05-07,2017-05-08,2017-05-13,2017-05-13,Standard,UPI,50
OD5323,2018-11-05,2018-11-05,2018-11-05,2018-11-05,Same Day,Debit Card,120
OD5324,2017-05-07,2017-05-07,2017-05-07,2017-05-07,Same Day,Debit Card,150
OD5325,2017-03-03,2017-03-04,2017-03-09,2017-03-09,Standard,Debit Card,50
OD5326,2018-07-30,2018-08-01,2018-08-06,2018-08-09,Standard,Cash,50
OD5327,2017-05-22,2017-05-22,2017-05-22,2017-05-22,Same Day,Debit Card,120
OD5328,2018-11-18,2018-11-19,2018-11-24,2018-11-24,Standard,Debit Card,40
OD5329,2018-03-31,2018-03-31,2018-04-05,2018-04-07,Standard,Cash,40
OD5330,2017-09-01,2017-09-01,2017-09-01,2017-09-01,Same Day,Debit Card,150
OD5332,2016-11-01,2016-11-01,2016-11-06,2016-11-06,Standard,Debit Card,30
OD5333,2016-09-26,2016-09-26,2016-09-26,2016-09-26,Same Day,Debit Card,120
OD5334,2017-03-01,2017-03-01,2017-03-03,2017-03-03,Express,Cash,70
OD5335,2015-06-21,2015-06-21,2015-06-21,2015-06-21,Same Day,Cash,120
OD5336,2015-11-19,2015-11-19,2015-11-19,2015-11-19,Same Day,UPI,150
OD5337,2017-11-10,2017-11-11,2017-11-16,2017-11-16,Standard,UPI,50
OD5338,2016-04-27,2016-04-27,2016-04-27,2016-04-27,Same Day,Credit Card,150
OD5339,2018-07-27,2018-07-28,2018-07-30,2018-07-30,Express,UPI,90
OD5340,2016-12-06,2016-12-06,2016-12-06,2016-12-06,Same Day,Cash,120
OD5341,2015-12-14,2015-12-14,2015-12-19,2015-12-18,Standard,Cash,30
OD5342,2018-12-10,2018-12-12,2018-12-14,2018-12-16,Express,Credit Card,80
OD5343,2017-03-10,2017-03-12,2017-03-14,2017-03-15,Express,Cash,70
OD5344,2016-12-10,2016-12-10,2016-12-12,2016-12-12,Express,Credit Card,80
OD5345,2018-04-11,2018-04-11,2018-04-16,2018-04-19,Standard,Debit Card,30
OD5346,2018-06-12,2018-06-14,2018-06-19,2018-06-19,Standard,Credit Card,40
OD5347,2015-12-30,2015-12-30,2016-01-01,2016-01-02,Express,UPI,70
OD5348,2015-11-05,2015-11-07,2015-11-09,2015-11-09,Express,UPI,70
OD5349,2016-09-14,2016-09-16,2016-09-18,2016-09-18,Express,Cash,90
OD5350,2016-09-12,2016-09-14,2016-09-19,2016-09-21,Standard,Cash,40
OD5351,2016-02-14,2016-02-14,2016-02-14,2016-02-14,Same Day,Debit Card,150
OD5353,2015-10-25,2015-10-25,2015-10-30,2015-10-31,Standard,Cash,40
OD5354,2018-05-18,2018-05-19,2018-05-24,2018-05-27,Standard,Credit Card,30
OD5355,2016-07-05,2016-07-05,2016-07-05,2016-07-05,Same Day,Debit Card,100
OD5356,2018-11-03,2018-11-03,2018-11-05,2018-11-06,Express,Debit Card,80
OD5359,2016-10-05,2016-10-05,2016-10-10,2016-10-09,Standard,Credit Card,40
OD5360,2018-09-10,2018-09-10,2018-09-10,2018-09-10,Same Day,Cash,100
OD5361,2018-09-04,2018-09-06,2018-09-08,2018-09-08,Express,Cash,70
OD5362,2015-06-21,2015-06-23,2015-06-25,2015-06-25,Express,Credit Card,90
OD5363,2015-11-05,2015-11-06,2015-11-08,2015-11-08,Express,Credit Card,90
OD5364,2018-12-25,2018-12-26,2018-12-31,2018-12-31,Standard,Debit Card,50
OD5365,2018-10-30,2018-10-30,2018-10-30,2018-10-30,Same Day,Cash,100
OD5366,2016-05-08,2016-05-09,2016-05-11,2016-05-14,Express,Debit Card,90
OD5367,2015-07-14,2015-07-14,2015-07-14,2015-07-14,Same Day,Debit Card,100
OD5368,2015-05-18,2015-05-19,2015-05-21,2015-05-20,Express,Credit Card,70
OD5369,2018-09-10,2018-09-10,2018-09-10,2018-09-10,Same Day,Debit Card,120
OD5370,2018-09-08,2018-09-08,2018-09-08,2018-09-08,Same Day,Cash,150
OD5371,2015-07-14,2015-07-14,2015-07-14,2015-07-14,Same Day,Credit Card,120
OD5372,2018-10-21,2018-10-21,2018-10-23,2018-10-25,Express,Cash,90
OD5373,2016-02-14,2016-02-16,2016-02-21,2016-02-21,Standard,Cash,30
OD5374,2015-06-22,2015-06-22,2015-06-22,2015-06-22,Same Day,UPI,100
OD5375,2017-05-23,2017-05-23,2017-05-23,2017-05-23,Same Day,Credit Card,120
OD5376,2017-11-26,2017-11-26,2017-11-28,2017-11-29,Express,Credit Card,80
OD5377,2018-03-10,2018-03-10,2018-03-15,2018-03-15,Standard,Debit Card,30
OD5378,2017-04-05,2017-04-05,2017-04-05,2017-04-05,Same Day,Debit Card,100
OD5379,2018-06-26,2018-06-28,2018-06-30,2018-06-30,Express,Credit Card,90
OD5380,2017-05-23,2017-05-25,2017-05-30,2017-05-30,Standard,Credit Card,40
OD5381,2015-12-09,2015-12-09,2015-12-09,2015-12-09,Same Day,UPI,100
OD5382,2017-03-29,2017-03-29,2017-03-29,2017-03-29,Same Day,Credit Card,150
OD5383,2015-11-24,2015-11-26,2015-12-01,2015-12-04,Standard,Debit Card,50
OD5384,2017-03-08,2017-03-09,2017-03-14,2017-03-14,Standard,Debit Card,40
OD5385,2018-07-31,2018-07-31,2018-07-31,2018-07-31,Same Day,Cash,120
OD5386,2016-11-30,2016-12-02,2016-12-04,2016-12-03,Express,Debit Card,70
OD5387,2018-07-18,2018-07-18,2018-07-18,2018-07-18,Same Day,UPI,100
OD5388,2018-11-07,2018-11-08,2018-11-10,2018-11-09,Express,Debit Card,70
OD5389,2016-11-21,2016-11-23,2016-11-25,2016-11-25,Express,Credit Card,70
OD5390,2018-10-26,2018-10-26,2018-10-26,2018-10-26,Same Day,Debit Card,120
OD5391,2015-11-02,2015-11-04,2015-11-09,2015-11-09,Standard,Debit Card,50
OD5392,2015-11-18,2015-11-18,2015-11-20,2015-11-20,Express,Debit Card,70
OD5393,2015-11-02,2015-11-04,2015-11-06,2015-11-08,Express,Debit Card,90
OD5394,2018-11-26,2018-11-27,2018-12-02,2018-12-02,Standard,Cash,30
OD5395,2017-10-21,2017-10-21,2017-10-21,2017-10-21,Same Day,Cash,150
OD5396,2018-07-14,2018-07-15,2018-07-17,2018-07-17,Express,Credit Card,90
OD5397,2018-06-26,2018-06-26,2018-06-28,2018-06-28,Express,Cash,70
OD5399,2017-11-25,2017-11-25,2017-11-25,2017-11-25,Same Day,Credit Card,100
OD5400,2017-11-21,2017-11-21,2017-11-23,2017-11-23,Express,Credit Card,80
OD5401,2016-02-20,2016-02-21,2016-02-23,2016-02-24,Express,Cash,70
OD5402,2015-05-22,2015-05-22,2015-05-22,2015-05-22,Same Day,UPI,150
OD5403,2017-06-26,2017-06-27,2017-07-02,2017-07-02,Standard,Credit Card,30
OD5404,2017-12-25,2017-12-25,2017-12-25,2017-12-25,Same Day,Credit Card,100
OD5405,2018-08-31,2018-09-01,2018-09-03,2018-09-03,Express,Cash,70
OD5406,2018-05-26,2018-05-26,2018-05-28,2018-05-28,Express,Debit Card,80
OD5407,2015-05-22,2015-05-22,2015-05-24,2015-05-24,Express,Cash,90
OD5408,2017-09-29,2017-09-30,2017-10-05,2017-10-07,Standard,Cash,30
OD5409,2017-12-20,2017-12-20,2017-12-20,2017-12-20,Same Day,Debit Card,120
OD5410,2015-02-11,2015-02-12,2015-02-14,2015-02-14,Express,Debit Card,90
OD5411,2018-12-24,2018-12-24,2018-12-24,2018-12-24,Same Day,Debit Card,100
OD5412,2015-09-08,2015-09-08,2015-09-08,2015-09-08,Same Day,Debit Card,100
OD5413,2016-09-15,2016-09-16,2016-09-18,2016-09-19,Express,UPI,90
OD5414,2018-05-19,2018-05-19,2018-05-19,2018-05-19,Same Day,UPI,150
OD5415,2018-07-03,2018-07-03,2018-07-08,2018-07-08,Standard,Debit Card,30
OD5416,2015-06-02,2015-06-02,2015-06-02,2015-06-02,Same Day,UPI,100
OD5417,2016-08-24,2016-08-24,2016-08-24,2016-08-24,Same Day,Credit Card,100
OD5418,2016-07-27,2016-07-29,2016-08-03,2016-08-04,Standard,Debit Card,50
OD5419,2015-05-31,2015-05-31,2015-05-31,2015-05-31,Same Day,Cash,150
OD5420,2015-05-31,2015-06-01,2015-06-06,2015-06-05,Standard,Debit Card,40
OD5421,2016-09-21,2016-09-22,2016-09-27,2016-09-27,Standard,Debit Card,50
OD5422,2016-06-18,2016-06-18,2016-06-18,2016-06-18,Same Day,Debit Card,120
OD5423,2018-05-19,2018-05-19,2018-05-21,2018-05-21,Express,Credit Card,90
OD5424,2016-08-24,2016-08-24,2016-08-24,2016-08-24,Same Day,Debit Card,100
OD5425,2018-12-07,2018-12-07,2018-12-09,2018-12-09,Express,Cash,90
OD5426,2015-06-27,2015-06-27,2015-06-27,2015-06-27,Same Day,UPI,120
OD5427,2017-09-17,2017-09-17,2017-09-17,2017-09-17,Same Day,Credit Card,150
OD5428,2017-04-18,2017-04-20,2017-04-25,2017-04-25,Standard,Credit Card,40
OD5429,2018-06-20,2018-06-21,2018-06-26,2018-06-26,Standard,Debit Card,40
OD5430,2018-07-21,2018-07-21,2018-07-21,2018-07-21,Same Day,Debit Card,150
OD5431,2017-12-12,2017-12-13,2017-12-15,2017-12-14,Express,Credit Card,70
OD5432,2017-09-19,2017-09-19,2017-09-21,2017-09-21,Express,Credit Card,70
OD5434,2016-04-21,2016-04-21,2016-04-21,2016-04-21,Same Day,Credit Card,150
OD5435,2016-09-21,2016-09-22,2016-09-24,2016-09-25,Express,Cash,70
OD5436,2016-12-10,2016-12-10,2016-12-10,2016-12-10,Same Day,UPI,150
OD5437,2016-06-11,2016-06-12,2016-06-14,2016-06-14,Express,Credit Card,90
OD5438,2016-08-24,2016-08-25,2016-08-30,2016-08-30,Standard,Cash,40
OD5439,2015-01-20,2015-01-20,2015-01-22,2015-01-23,Express,Debit Card,70
OD5440,2015-06-01,2015-06-03,2015-06-08,2015-06-09,Standard,Credit Card,40
OD5441,2015-04-02,2015-04-04,2015-04-09,2015-04-09,Standard,UPI,30
OD5442,2018-01-26,2018-01-27,2018-01-29,2018-01-30,Express,UPI,90
OD5443,2018-11-13,2018-11-15,2018-11-17,2018-11-20,Express,UPI,80
OD5444,2017-09-11,2017-09-11,2017-09-11,2017-09-11,Same Day,Credit Card,120
OD5445,2016-08-23,2016-08-24,2016-08-29,2016-08-30,Standard,UPI,50
OD5446,2016-09-27,2016-09-27,2016-09-27,2016-09-27,Same Day,Cash,120
OD5447,2018-06-03,2018-06-03,2018-06-03,2018-06-03,Same Day,Cash,100
OD5448,2017-10-14,2017-10-16,2017-10-18,2017-10-18,Express,Cash,70
OD5450,2018-06-03,2018-06-03,2018-06-08,2018-06-09,Standard,Credit Card,50
OD5451,2018-07-03,2018-07-03,2018-07-05,2018-07-05,Express,UPI,80
OD5452,2015-09-17,2015-09-18,2015-09-20,2015-09-21,Express,Cash,90
OD5453,2018-12-22,2018-12-22,2018-12-24,2018-12-24,Express,UPI,70
OD5454,2018-08-13,2018-08-13,2018-08-13,2018-08-13,Same Day,Cash,120
OD5455,2018-11-03,2018-11-05,2018-11-07,2018-11-07,Express,Debit Card,70
OD5456,2018-04-28,2018-04-30,2018-05-02,2018-05-02,Express,Credit Card,90
OD5457,2016-06-12,2016-06-12,2016-06-12,2016-06-12,Same Day,UPI,150
OD5458,2017-12-08,2017-12-08,2017-12-08,2017-12-08,Same Day,Credit Card,100
OD5459,2016-12-03,2016-12-04,2016-12-06,2016-12-07,Express,Cash,90
OD5461,2018-01-14,2018-01-15,2018-01-17,2018-01-17,Express,Debit Card,80
OD5462,2016-09-17,2016-09-18,2016-09-20,2016-09-19,Express,Credit Card,70
OD5463,2018-11-30,2018-11-30,2018-11-30,2018-11-30,Same Day,UPI,100
OD5464,2017-09-02,2017-09-04,2017-09-06,2017-09-06,Express,Debit Card,80
OD5465,2017-12-08,2017-12-08,2017-12-10,2017-12-10,Express,Cash,70
OD5466,2017-12-08,2017-12-08,2017-12-10,2017-12-13,Express,Debit Card,90
OD5467,2018-11-04,2018-11-06,2018-11-08,2018-11-11,Express,UPI,90
OD5468,2016-06-21,2016-06-22,2016-06-27,2016-06-29,Standard,Credit Card,50
OD5469,2018-10-23,2018-10-25,2018-10-30,2018-10-30,Standard,Debit Card,50
OD5471,2015-04-25,2015-04-25,2015-04-25,2015-04-25,Same Day,Credit Card,150
OD5472,2017-12-09,2017-12-11,2017-12-16,2017-12-16,Standard,Cash,50
OD5473,2017-09-08,2017-09-08,2017-09-10,2017-09-10,Express,Credit Card,70
OD5474,2018-09-05,2018-09-07,2018-09-12,2018-09-13,Standard,Cash,30
OD5475,2017-04-16,2017-04-17,2017-04-22,2017-04-22,Standard,UPI,50
OD5476,2015-12-01,2015-12-01,2015-12-03,2015-12-06,Express,Debit Card,70
OD5477,2016-11-13,2016-11-15,2016-11-17,2016-11-19,Express,Credit Card,70
OD5478,2016-06-09,2016-06-09,2016-06-09,2016-06-09,Same Day,UPI,120
OD5479,2018-11-17,2018-11-19,2018-11-21,2018-11-21,Express,UPI,70
OD5480,2017-03-08,2017-03-09,2017-03-14,2017-03-14,Standard,Debit Card,30
OD5481,2018-06-03,2018-06-05,2018-06-10,2018-06-10,Standard,Credit Card,40
OD5483,2016-12-21,2016-12-21,2016-12-21,2016-12-21,Same Day,Credit Card,100
OD5484,2017-08-15,2017-08-15,2017-08-15,2017-08-15,Same Day,Credit Card,120
OD5485,2018-11-04,2018-11-04,2018-11-04,2018-11-04,Same Day,UPI,150
OD5486,2015-09-09,2015-09-09,2015-09-09,2015-09-09,Same Day,Debit Card,100
OD5487,2018-12-04,2018-12-06,2018-12-11,2018-12-10,Standard,Debit Card,30
OD5488,2015-09-19,2015-09-20,2015-09-25,2015-09-25,Standard,UPI,30
OD5489,2017-09-29,2017-10-01,2017-10-03,2017-10-04,Express,Cash,80
OD5492,2015-08-05,2015-08-05,2015-08-10,2015-08-12,Standard,Credit Card,40
OD5493,2018-09-01,2018-09-02,2018-09-04,2018-09-04,Express,UPI,70
OD5494,2018-08-12,2018-08-12,2018-08-12,2018-08-12,Same Day,UPI,100
OD5495,2017-12-18,2017-12-18,2017-12-20,2017-12-22,Express,UPI,90
OD5496,2016-11-08,2016-11-10,2016-11-12,2016-11-11,Express,UPI,80
OD5497,2018-07-08,2018-07-09,2018-07-11,2018-07-14,Express,Credit Card,90
OD5498,2016-10-12,2016-10-14,2016-10-16,2016-10-16,Express,Debit Card,80
OD5499,2017-09-02,2017-09-02,2017-09-02,2017-09-02,Same Day,Credit Card,100
OD5500,2016-12-19,2016-12-19,2016-12-19,2016-12-19,Same Day,Credit Card,100
OD5501,2015-05-13,2015-05-15,2015-05-17,2015-05-17,Express,Credit Card,70
OD5502,2017-11-09,2017-11-10,2017-11-15,2017-11-15,Standard,UPI,50
OD5503,2017-12-18,2017-12-19,2017-12-21,2017-12-20,Express,Debit Card,70
OD5504,2015-05-16,2015-05-17,2015-05-19,2015-05-19,Express,Cash,80
OD5505,2016-04-17,2016-04-17,2016-04-17,2016-04-17,Same Day,UPI,120
OD5506,2018-07-14,2018-07-15,2018-07-20,2018-07-19,Standard,Credit Card,40
OD5507,2015-07-26,2015-07-28,2015-08-02,2015-08-03,Standard,Cash,50
OD5508,2018-09-18,2018-09-18,2018-09-18,2018-09-18,Same Day,Cash,100
OD5509,2017-06-11,2017-06-11,2017-06-11,2017-06-11,Same Day,Cash,150
OD5510,2018-07-29,2018-07-31,2018-08-02,2018-08-01,Express,UPI,80
OD5512,2016-07-18,2016-07-19,2016-07-21,2016-07-22,Express,Debit Card,70
OD5513,2018-10-14,2018-10-14,2018-10-14,2018-10-14,Same Day,Credit Card,150
OD5514,2015-03-25,2015-03-26,2015-03-28,2015-03-28,Express,Credit Card,90
OD5515,2018-11-07,2018-11-07,2018-11-07,2018-11-07,Same Day,UPI,120
OD5516,2018-08-07,2018-08-08,2018-08-13,2018-08-16,Standard,Debit Card,50
OD5517,2018-02-13,2018-02-14,2018-02-19,2018-02-19,Standard,Cash,50
OD5518,2017-11-05,2017-11-05,2017-11-05,2017-11-05,Same Day,Cash,100
OD5519,2018-04-11,2018-04-12,2018-04-14,2018-04-13,Express,Cash,70
OD5520,2017-11-18,2017-11-20,2017-11-25,2017-11-25,Standard,Credit Card,50
OD5521,2018-08-12,2018-08-12,2018-08-12,2018-08-12,Same Day,Credit Card,120
OD5522,2017-12-10,2017-12-10,2017-12-15,2017-12-15,Standard,UPI,40
OD5523,2017-05-12,2017-05-12,2017-05-17,2017-05-17,Standard,Credit Card,50
OD5524,2015-04-11,2015-04-13,2015-04-18,2015-04-21,Standard,Credit Card,40
OD5525,2017-05-28,2017-05-28,2017-05-30,2017-05-30,Express,Credit Card,80
OD5526,2018-11-10,2018-11-11,2018-11-13,2018-11-15,Express,UPI,90
OD5527,2018-03-03,2018-03-05,2018-03-07,2018-03-06,Express,UPI,90
OD5528,2018-10-07,2018-10-07,2018-10-07,2018-10-07,Same Day,UPI,120
OD5529,2015-08-31,2015-08-31,2015-08-31,2015-08-31,Same Day,UPI,150
OD5530,2018-04-17,2018-04-19,2018-04-24,2018-04-24,Standard,Credit Card,50
OD5531,2015-03-14,2015-03-15,2015-03-20,2015-03-20,Standard,Credit Card,30
OD5532,2018-11-24,2018-11-24,2018-11-24,2018-11-24,Same Day,Cash,120
OD5533,2018-11-21,2018-11-21,2018-11-21,2018-11-21,Same Day,Debit Card,150
OD5534,2017-07-18,2017-07-20,2017-07-25,2017-07-25,Standard,Debit Card,50
OD5535,2018-09-04,2018-09-04,2018-09-04,2018-09-04,Same Day,Debit Card,120
OD5536,2015-10-09,2015-10-10,2015-10-12,2015-10-14,Express,Credit Card,80
OD5537,2017-07-08,2017-07-10,2017-07-12,2017-07-12,Express,UPI,70
OD5538,2017-12-06,2017-12-06,2017-12-11,2017-12-11,Standard,Credit Card,30
OD5539,2017-11-12,2017-11-12,2017-11-17,2017-11-17,Standard,UPI,30
OD5540,2016-08-17,2016-08-18,2016-08-20,2016-08-20,Express,Debit Card,70
OD5541,2018-09-19,2018-09-19,2018-09-19,2018-09-19,Same Day,Cash,120
OD5542,2018-09-23,2018-09-25,2018-09-27,2018-09-28,Express,Credit Card,70
OD5543,2018-03-09,2018-03-10,2018-03-12,2018-03-12,Express,Credit Card,70
OD5544,2016-03-06,2016-03-06,2016-03-11,2016-03-11,Standard,Credit Card,40
OD5545,2017-05-28,2017-05-28,2017-06-02,2017-06-04,Standard,Debit Card,50
OD5546,2015-09-29,2015-10-01,2015-10-06,2015-10-06,Standard,Debit Card,40
OD5547,2017-11-04,2017-11-06,2017-11-11,2017-11-13,Standard,UPI,40
OD5548,2016-08-02,2016-08-03,2016-08-05,2016-08-05,Express,Cash,70
OD5549,2018-09-19,2018-09-19,2018-09-24,2018-09-26,Standard,Cash,50
OD5550,2016-12-24,2016-12-24,2016-12-24,2016-12-24,Same Day,Debit Card,100
OD5551,2018-09-02,2018-09-03,2018-09-08,2018-09-08,Standard,Debit Card,40
OD5552,2018-02-26,2018-02-27,2018-03-01,2018-03-01,Express,Cash,80
OD5553,2016-06-23,2016-06-25,2016-06-30,2016-07-02,Standard,Credit Card,50
OD5554,2016-12-06,2016-12-08,2016-12-13,2016-12-12,Standard,Credit Card,40
OD5555,2015-09-21,2015-09-21,2015-09-21,2015-09-21,Same Day,Cash,150
OD5556,2015-11-29,2015-11-29,2015-11-29,2015-11-29,Same Day,Credit Card,150
OD5557,2018-10-30,2018-10-30,2018-10-30,2018-10-30,Same Day,Cash,100
OD5558,2015-11-02,2015-11-02,2015-11-02,2015-11-02,Same Day,UPI,120
OD5559,2017-09-18,2017-09-20,2017-09-22,2017-09-23,Express,Cash,80
OD5560,2016-05-12,2016-05-13,2016-05-15,2016-05-16,Express,Debit Card,70
OD5561,2015-04-11,2015-04-11,2015-04-11,2015-04-11,Same Day,Debit Card,100
OD5562,2015-07-26,2015-07-26,2015-07-26,2015-07-26,Same Day,Debit Card,120
OD5563,2017-09-27,2017-09-27,2017-09-27,2017-09-27,Same Day,Cash,150
OD5564,2016-10-18,2016-10-18,2016-10-18,2016-10-18,Same Day,Cash,150
OD5565,2015-08-08,2015-08-08,2015-08-13,2015-08-16,Standard,Cash,40
OD5566,2017-09-25,2017-09-25,2017-09-27,2017-09-27,Express,Debit Card,80
OD5567,2016-01-30,2016-01-30,2016-02-04,2016-02-04,Standard,Credit Card,50
OD5568,2016-04-02,2016-04-04,2016-04-06,2016-04-07,Express,Cash,90
OD5569,2017-05-26,2017-05-26,2017-05-26,2017-05-26,Same Day,Cash,100
OD5570,2017-08-23,2017-08-25,2017-08-30,2017-08-30,Standard,UPI,30
OD5571,2017-12-31,2017-12-31,2018-01-02,2018-01-05,Express,Credit Card,90
OD5572,2018-12-15,2018-12-15,2018-12-17,2018-12-17,Express,Cash,80
OD5573,2016-06-23,2016-06-23,2016-06-23,2016-06-23,Same Day,Credit Card,120
OD5574,2017-08-15,2017-08-15,2017-08-20,2017-08-23,Standard,Credit Card,30
OD5575,2016-04-22,2016-04-22,2016-04-27,2016-04-26,Standard,Credit Card,40
OD5577,2018-01-20,2018-01-21,2018-01-26,2018-01-26,Standard,Cash,50
OD5578,2016-08-28,2016-08-28,2016-08-28,2016-08-28,Same Day,Cash,100
OD5579,2016-12-30,2016-12-30,2016-12-30,2016-12-30,Same Day,UPI,120
OD5580,2018-12-29,2018-12-29,2018-12-29,2018-12-29,Same Day,Credit Card,150
OD5581,2015-11-08,2015-11-09,2015-11-11,2015-11-11,Express,UPI,70
OD5582,2017-07-14,2017-07-14,2017-07-14,2017-07-14,Same Day,Credit Card,120
OD5583,2018-01-20,2018-01-20,2018-01-22,2018-01-23,Express,Debit Card,90
OD5584,2018-08-07,2018-08-07,2018-08-07,2018-08-07,Same Day,Cash,100
OD5585,2018-07-14,2018-07-16,2018-07-18,2018-07-20,Express,Credit Card,80
OD5586,2017-08-28,2017-08-28,2017-09-02,2017-09-02,Standard,Cash,50
OD5587,2015-11-01,2015-11-01,2015-11-01,2015-11-01,Same Day,Cash,100
OD5588,2015-12-08,2015-12-08,2015-12-10,2015-12-12,Express,UPI,90
OD5589,2018-06-10,2018-06-12,2018-06-14,2018-06-14,Express,Cash,70
OD5590,2017-12-06,2017-12-06,2017-12-06,2017-12-06,Same Day,Debit Card,100
OD5591,2015-11-30,2015-11-30,2015-11-30,2015-11-30,Same Day,Credit Card,100
OD5592,2016-08-17,2016-08-17,2016-08-17,2016-08-17,Same Day,Cash,120
OD5593,2016-12-11,2016-12-11,2016-12-11,2016-12-11,Same Day,Debit Card,120
OD5594,2016-05-10,2016-05-10,2016-05-10,2016-05-10,Same Day,Debit Card,100
OD5595,2015-11-04,2015-11-04,2015-11-04,2015-11-04,Same Day,Cash,150
OD5596,2015-04-18,2015-04-19,2015-04-21,2015-04-23,Express,UPI,70
OD5597,2015-12-29,2015-12-29,2015-12-29,2015-12-29,Same Day,UPI,150
OD5598,2017-08-06,2017-08-06,2017-08-06,2017-08-06,Same Day,UPI,100
OD5599,2018-11-27,2018-11-29,2018-12-04,2018-12-04,Standard,Credit Card,40
OD5600,2017-09-02,2017-09-02,2017-09-02,2017-09-02,Same Day,Cash,150
OD5601,2017-06-24,2017-06-24,2017-06-29,2017-06-29,Standard,Debit Card,30
OD5602,2017-02-05,2017-02-05,2017-02-05,2017-02-05,Same Day,Credit Card,120
OD5603,2016-11-17,2016-11-17,2016-11-22,2016-11-22,Standard,UPI,30
OD5604,2017-05-26,2017-05-26,2017-05-26,2017-05-26,Same Day,Debit Card,100
OD5605,2016-08-10,2016-08-10,2016-08-15,2016-08-14,Standard,UPI,40
OD5606,2015-11-26,2015-11-26,2015-11-26,2015-11-26,Same Day,Credit Card,150
OD5607,2016-04-02,2016-04-04,2016-04-06,2016-04-05,Express,Debit Card,90
OD5608,2016-08-16,2016-08-16,2016-08-18,2016-08-17,Express,Credit Card,70
OD5609,2018-11-13,2018-11-14,2018-11-16,2018-11-16,Express,Cash,80
OD5610,2015-11-25,2015-11-25,2015-11-25,2015-11-25,Same Day,Cash,150
OD5611,2017-08-30,2017-09-01,2017-09-06,2017-09-08,Standard,UPI,30
OD5612,2016-07-25,2016-07-25,2016-07-27,2016-07-27,Express,Cash,70
OD5613,2015-06-18,2015-06-19,2015-06-24,2015-06-23,Standard,Credit Card,40
OD5615,2016-12-19,2016-12-20,2016-12-22,2016-12-22,Express,UPI,90
OD5616,2018-08-07,2018-08-07,2018-08-07,2018-08-07,Same Day,Credit Card,100
OD5617,2016-04-17,2016-04-17,2016-04-17,2016-04-17,Same Day,Cash,120
OD5618,2015-05-10,2015-05-12,2015-05-17,2015-05-17,Standard,Credit Card,40
OD5619,2015-05-10,2015-05-12,2015-05-14,2015-05-14,Express,Cash,70
OD5620,2017-08-14,2017-08-15,2017-08-17,2017-08-17,Express,Credit Card,80
OD5621,2016-12-30,2016-12-30,2017-01-04,2017-01-04,Standard,UPI,50
OD5622,2016-05-22,2016-05-22,2016-05-22,2016-05-22,Same Day,UPI,150
OD5623,2018-06-08,2018-06-09,2018-06-11,2018-06-11,Express,Debit Card,70
OD5624,2018-09-07,2018-09-08,2018-09-13,2018-09-13,Standard,Cash,40
OD5625,2016-05-22,2016-05-22,2016-05-22,2016-05-22,Same Day,Debit Card,100
OD5627,2015-11-04,2015-11-04,2015-11-04,2015-11-04,Same Day,Cash,100
OD5628,2018-09-15,2018-09-17,2018-09-22,2018-09-24,Standard,UPI,30
OD5629,2016-11-20,2016-11-21,2016-11-23,2016-11-24,Express,Credit Card,90
OD5630,2018-05-07,2018-05-07,2018-05-09,2018-05-10,Express,Cash,70
OD5631,2016-08-10,2016-08-10,2016-08-10,2016-08-10,Same Day,Cash,100
OD5632,2015-08-25,2015-08-25,2015-08-27,2015-08-28,Express,Credit Card,90
OD5633,2017-09-25,2017-09-25,2017-09-25,2017-09-25,Same Day,Credit Card,150
OD5634,2015-11-10,2015-11-12,2015-11-17,2015-11-17,Standard,Credit Card,40
OD5635,2015-08-12,2015-08-14,2015-08-19,2015-08-20,Standard,Cash,40
OD5636,2018-08-12,2018-08-14,2018-08-16,2018-08-17,Express,Credit Card,70
OD5637,2018-06-26,2018-06-27,2018-06-29,2018-06-28,Express,Debit Card,90
OD5638,2015-08-23,2015-08-23,2015-08-25,2015-08-28,Express,UPI,80
OD5640,2015-12-08,2015-12-10,2015-12-15,2015-12-14,Standard,Credit Card,50
OD5641,2015-09-17,2015-09-17,2015-09-22,2015-09-22,Standard,UPI,40
OD5643,2018-10-02,2018-10-04,2018-10-09,2018-10-09,Standard,UPI,50
OD5644,2015-09-17,2015-09-17,2015-09-17,2015-09-17,Same Day,UPI,120
OD5645,2015-01-26,2015-01-28,2015-01-30,2015-01-30,Express,Debit Card,80
OD5646,2018-11-23,2018-11-23,2018-11-23,2018-11-23,Same Day,Debit Card,100
OD5647,2017-12-23,2017-12-23,2017-12-23,2017-12-23,Same Day,Debit Card,150
OD5648,2018-09-08,2018-09-08,2018-09-08,2018-09-08,Same Day,Cash,100
OD5649,2017-07-02,2017-07-02,2017-07-02,2017-07-02,Same Day,Debit Card,100
OD5650,2017-03-03,2017-03-04,2017-03-09,2017-03-09,Standard,UPI,50
OD5651,2017-08-26,2017-08-26,2017-08-26,2017-08-26,Same Day,Credit Card,120
OD5652,2018-11-19,2018-11-19,2018-11-19,2018-11-19,Same Day,Credit Card,150
OD5653,2018-09-04,2018-09-05,2018-09-07,2018-09-09,Express,UPI,90
OD5654,2016-03-01,2016-03-03,2016-03-08,2016-03-10,Standard,Credit Card,40
OD5655,2018-09-08,2018-09-08,2018-09-08,2018-09-08,Same Day,Debit Card,120
OD5656,2017-09-05,2017-09-07,2017-09-09,2017-09-09,Express,Credit Card,90
OD5657,2016-09-21,2016-09-22,2016-09-24,2016-09-23,Express,Debit Card,80
OD5658,2017-11-12,2017-11-12,2017-11-12,2017-11-12,Same Day,Debit Card,100
OD5659,2016-05-04,2016-05-05,2016-05-07,2016-05-09,Express,Credit Card,90
OD5660,2017-12-05,2017-12-05,2017-12-05,2017-12-05,Same Day,Debit Card,150
OD5661,2018-05-14,2018-05-14,2018-05-14,2018-05-14,Same Day,UPI,120
OD5662,2018-06-29,2018-06-29,2018-06-29,2018-06-29,Same Day,UPI,120
OD5663,2015-08-24,2015-08-26,2015-08-31,2015-08-30,Standard,Credit Card,50
OD5664,2018-10-23,2018-10-25,2018-10-27,2018-10-29,Express,Debit Card,80
OD5665,2018-10-23,2018-10-24,2018-10-26,2018-10-27,Express,Cash,90
OD5666,2017-02-21,2017-02-21,2017-02-21,2017-02-21,Same Day,UPI,120
OD5667,2018-06-29,2018-06-30,2018-07-02,2018-07-02,Express,UPI,80
OD5668,2018-10-16,2018-10-16,2018-10-18,2018-10-19,Express,UPI,80
OD5669,2018-08-17,2018-08-19,2018-08-24,2018-08-24,Standard,UPI,30
OD5670,2018-03-24,2018-03-24,2018-03-24,2018-03-24,Same Day,Cash,100
OD5671,2016-11-03,2016-11-03,2016-11-03,2016-11-03,Same Day,Debit Card,120
OD5672,2015-11-01,2015-11-01,2015-11-01,2015-11-01,Same Day,Debit Card,100
OD5673,2018-04-20,2018-04-21,2018-04-26,2018-04-27,Standard,Cash,30
OD5674,2016-07-03,2016-07-03,2016-07-03,2016-07-03,Same Day,Credit Card,150
OD5675,2018-04-20,2018-04-22,2018-04-24,2018-04-24,Express,Debit Card,80
OD5676,2018-12-04,2018-12-04,2018-12-09,2018-12-09,Standard,Debit Card,40
OD5677,2016-05-29,2016-05-29,2016-05-29,2016-05-29,Same Day,Debit Card,120
OD5678,2018-10-09,2018-10-10,2018-10-12,2018-10-12,Express,Credit Card,80
OD5679,2016-07-03,2016-07-03,2016-07-03,2016-07-03,Same Day,Cash,100
OD5680,2016-05-29,2016-05-29,2016-05-29,2016-05-29,Same Day,Cash,120
OD5681,2018-10-23,2018-10-23,2018-10-28,2018-10-28,Standard,Credit Card,50
OD5682,2016-07-11,2016-07-11,2016-07-16,2016-07-17,Standard,Credit Card,30
OD5683,2018-10-23,2018-10-25,2018-10-27,2018-10-27,Express,UPI,80
OD5684,2016-12-22,2016-12-22,2016-12-22,2016-12-22,Same Day,UPI,100
OD5685,2015-01-14,2015-01-15,2015-01-17,2015-01-17,Express,UPI,70
OD5686,2018-05-18,2018-05-18,2018-05-20,2018-05-20,Express,UPI,70
OD5687,2018-04-01,2018-04-01,2018-04-01,2018-04-01,Same Day,UPI,120
OD5688,2015-08-27,2015-08-29,2015-08-31,2015-09-01,Express,UPI,90
OD5689,2018-07-15,2018-07-15,2018-07-15,2018-07-15,Same Day,Debit Card,120
OD5690,2015-08-27,2015-08-27,2015-09-01,2015-09-01,Standard,Debit Card,40
OD5691,2017-11-06,2017-11-06,2017-11-06,2017-11-06,Same Day,Credit Card,150
OD5692,2016-12-05,2016-12-05,2016-12-05,2016-12-05,Same Day,Cash,100
OD5693,2017-11-06,2017-11-06,2017-11-06,2017-11-06,Same Day,Debit Card,150
OD5694,2015-07-05,2015-07-05,2015-07-05,2015-07-05,Same Day,Credit Card,120
OD5695,2016-11-30,2016-12-02,2016-12-04,2016-12-04,Express,Debit Card,90
OD5696,2018-05-09,2018-05-11,2018-05-13,2018-05-12,Express,Cash,80
OD5697,2016-06-11,2016-06-13,2016-06-15,2016-06-17,Express,Debit Card,90
OD5698,2015-03-19,2015-03-19,2015-03-24,2015-03-24,Standard,UPI,40
OD5699,2015-03-19,2015-03-21,2015-03-23,2015-03-22,Express,Debit Card,80
OD5700,2015-07-05,2015-07-06,2015-07-11,2015-07-11,Standard,Credit Card,40
OD5701,2016-06-18,2016-06-20,2016-06-22,2016-06-22,Express,Credit Card,90
OD5702,2016-06-11,2016-06-11,2016-06-13,2016-06-13,Express,Cash,80
OD5703,2016-07-02,2016-07-02,2016-07-04,2016-07-04,Express,Cash,90
OD5704,2018-11-04,2018-11-04,2018-11-04,2018-11-04,Same Day,Cash,120
OD5705,2015-10-20,2015-10-21,2015-10-23,2015-10-23,Express,Debit Card,90
OD5706,2018-03-28,2018-03-28,2018-03-28,2018-03-28,Same Day,Credit Card,120
OD5707,2018-01-08,2018-01-09,2018-01-14,2018-01-14,Standard,Debit Card,40
OD5708,2016-09-13,2016-09-15,2016-09-20,2016-09-19,Standard,Credit Card,50
OD5709,2016-02-03,2016-02-03,2016-02-03,2016-02-03,Same Day,Debit Card,150
OD5710,2016-09-13,2016-09-13,2016-09-13,2016-09-13,Same Day,Debit Card,150
OD5711,2018-04-15,2018-04-15,2018-04-15,2018-04-15,Same Day,Credit Card,150
OD5712,2015-09-06,2015-09-06,2015-09-06,2015-09-06,Same Day,UPI,120
OD5713,2017-05-05,2017-05-06,2017-05-08,2017-05-08,Express,UPI,80
OD5715,2018-03-28,2018-03-28,2018-03-28,2018-03-28,Same Day,Cash,120
OD5716,2015-05-04,2015-05-05,2015-05-10,2015-05-10,Standard,Credit Card,50
OD5717,2017-09-25,2017-09-25,2017-09-25,2017-09-25,Same Day,Debit Card,150
OD5719,2018-10-27,2018-10-27,2018-10-29,2018-11-01,Express,UPI,90
OD5720,2015-10-28,2015-10-30,2015-11-01,2015-11-01,Express,Credit Card,80
OD5721,2016-08-31,2016-08-31,2016-08-31,2016-08-31,Same Day,Debit Card,100
OD5722,2018-04-01,2018-04-01,2018-04-01,2018-04-01,Same Day,Cash,150
OD5723,2017-10-10,2017-10-12,2017-10-14,2017-10-16,Express,Cash,80
OD5724,2018-10-27,2018-10-29,2018-10-31,2018-10-31,Express,Cash,80
OD5725,2017-12-14,2017-12-15,2017-12-20,2017-12-20,Standard,UPI,30
OD5726,2018-10-21,2018-10-23,2018-10-28,2018-10-27,Standard,Cash,40
OD5727,2017-03-14,2017-03-14,2017-03-14,2017-03-14,Same Day,Credit Card,120
OD5728,2017-08-16,2017-08-16,2017-08-18,2017-08-19,Express,Credit Card,70
OD5729,2016-09-13,2016-09-13,2016-09-13,2016-09-13,Same Day,Cash,150
OD5730,2016-10-10,2016-10-12,2016-10-14,2016-10-14,Express,Debit Card,70
OD5731,2018-11-09,2018-11-10,2018-11-12,2018-11-12,Express,Credit Card,80
OD5732,2018-10-15,2018-10-15,2018-10-17,2018-10-17,Express,Credit Card,90
OD5733,2018-11-10,2018-11-10,2018-11-10,2018-11-10,Same Day,UPI,120
OD5734,2017-08-26,2017-08-27,2017-09-01,2017-09-01,Standard,Credit Card,40
OD5735,2017-03-15,2017-03-17,2017-03-22,2017-03-22,Standard,Debit Card,30
OD5736,2016-09-11,2016-09-13,2016-09-18,2016-09-18,Standard,Credit Card,40
OD5737,2015-06-25,2015-06-25,2015-06-25,2015-06-25,Same Day,Cash,150
OD5738,2018-12-28,2018-12-28,2018-12-28,2018-12-28,Same Day,Credit Card,120
OD5739,2017-10-10,2017-10-10,2017-10-10,2017-10-10,Same Day,Credit Card,120
OD5740,2018-05-11,2018-05-13,2018-05-15,2018-05-14,Express,UPI,80
OD5741,2018-11-18,2018-11-18,2018-11-23,2018-11-24,Standard,Credit Card,50
OD5742,2016-11-08,2016-11-08,2016-11-08,2016-11-08,Same Day,Cash,100
OD5743,2018-08-12,2018-08-12,2018-08-14,2018-08-14,Express,Credit Card,80
OD5744,2017-10-28,2017-10-29,2017-11-03,2017-11-02,Standard,Cash,40
OD5745,2016-11-08,2016-11-10,2016-11-12,2016-11-15,Express,UPI,90
OD5746,2015-09-19,2015-09-19,2015-09-19,2015-09-19,Same Day,Cash,120
OD5747,2017-11-23,2017-11-23,2017-11-23,2017-11-23,Same Day,UPI,150
OD5748,2017-11-23,2017-11-23,2017-11-23,2017-11-23,Same Day,UPI,150
OD5749,2015-11-24,2015-11-24,2015-11-24,2015-11-24,Same Day,Debit Card,120
OD5750,2017-12-11,2017-12-13,2017-12-18,2017-12-18,Standard,Credit Card,50
OD5751,2018-12-04,2018-12-04,2018-12-06,2018-12-06,Express,Debit Card,80
OD5752,2017-12-11,2017-12-12,2017-12-14,2017-12-15,Express,UPI,70
OD5753,2016-09-15,2016-09-16,2016-09-21,2016-09-20,Standard,UPI,30
OD5754,2016-09-15,2016-09-15,2016-09-20,2016-09-20,Standard,Cash,50
OD5756,2018-09-26,2018-09-26,2018-10-01,2018-10-01,Standard,Cash,40
OD5757,2017-03-03,2017-03-05,2017-03-07,2017-03-08,Express,Credit Card,90
OD5758,2018-01-16,2018-01-17,2018-01-22,2018-01-22,Standard,Debit Card,50
OD5759,2018-09-01,2018-09-02,2018-09-04,2018-09-04,Express,UPI,90
OD5760,2017-09-24,2017-09-24,2017-09-29,2017-09-30,Standard,Credit Card,50
OD5761,2018-09-10,2018-09-12,2018-09-17,2018-09-17,Standard,UPI,40
OD5762,2016-07-16,2016-07-18,2016-07-20,2016-07-20,Express,Debit Card,80
OD5763,2016-07-16,2016-07-16,2016-07-18,2016-07-18,Express,Credit Card,90
OD5764,2017-06-14,2017-06-14,2017-06-14,2017-06-14,Same Day,UPI,100
OD5765,2018-01-16,2018-01-16,2018-01-18,2018-01-18,Express,Debit Card,90
OD5766,2016-10-25,2016-10-25,2016-10-25,2016-10-25,Same Day,Debit Card,120
OD5767,2017-08-13,2017-08-13,2017-08-18,2017-08-18,Standard,Credit Card,30
OD5768,2018-01-13,2018-01-15,2018-01-20,2018-01-19,Standard,Credit Card,30
OD5769,2017-07-25,2017-07-27,2017-08-01,2017-08-01,Standard,Credit Card,30
OD5770,2017-05-27,2017-05-29,2017-05-31,2017-05-31,Express,Debit Card,80
OD5771,2017-04-02,2017-04-04,2017-04-06,2017-04-08,Express,Credit Card,80
OD5772,2017-07-25,2017-07-25,2017-07-25,2017-07-25,Same Day,UPI,120
OD5773,2018-06-01,2018-06-03,2018-06-08,2018-06-08,Standard,Cash,30
OD5774,2016-04-18,2016-04-18,2016-04-18,2016-04-18,Same Day,Cash,150
OD5775,2017-07-07,2017-07-08,2017-07-13,2017-07-13,Standard,Debit Card,40
OD5776,2015-11-23,2015-11-23,2015-11-23,2015-11-23,Same Day,UPI,120
OD5777,2018-05-28,2018-05-28,2018-05-28,2018-05-28,Same Day,Debit Card,120
OD5778,2015-12-01,2015-12-03,2015-12-08,2015-12-08,Standard,Credit Card,30
OD5779,2016-11-21,2016-11-21,2016-11-21,2016-11-21,Same Day,UPI,100
OD5780,2017-12-02,2017-12-02,2017-12-02,2017-12-02,Same Day,UPI,150
OD5781,2016-05-31,2016-06-02,2016-06-04,2016-06-05,Express,Cash,70
OD5782,2017-12-23,2017-12-23,2017-12-23,2017-12-23,Same Day,UPI,120
OD5783,2016-02-09,2016-02-09,2016-02-09,2016-02-09,Same Day,Cash,100
OD5784,2017-07-16,2017-07-18,2017-07-23,2017-07-22,Standard,Debit Card,30
OD5785,2015-05-20,2015-05-21,2015-05-26,2015-05-26,Standard,Debit Card,40
OD5786,2015-09-14,2015-09-15,2015-09-20,2015-09-19,Standard,Cash,50
OD5787,2018-11-10,2018-11-12,2018-11-14,2018-11-14,Express,Debit Card,80
OD5788,2017-07-07,2017-07-07,2017-07-07,2017-07-07,Same Day,Credit Card,120
OD5789,2018-12-22,2018-12-23,2018-12-25,2018-12-28,Express,Credit Card,80
OD5790,2017-12-05,2017-12-07,2017-12-09,2017-12-09,Express,Credit Card,90
OD5791,2017-01-25,2017-01-26,2017-01-28,2017-01-28,Express,Cash,70
OD5793,2017-05-08,2017-05-08,2017-05-08,2017-05-08,Same Day,Cash,150
OD5794,2016-05-31,2016-05-31,2016-05-31,2016-05-31,Same Day,Credit Card,100
OD5795,2016-09-11,2016-09-12,2016-09-17,2016-09-19,Standard,Debit Card,50
OD5796,2018-11-07,2018-11-09,2018-11-14,2018-11-14,Standard,Cash,30
OD5797,2018-11-13,2018-11-13,2018-11-13,2018-11-13,Same Day,Cash,150
OD5798,2018-11-20,2018-11-20,2018-11-20,2018-11-20,Same Day,Debit Card,120
OD5799,2017-11-24,2017-11-24,2017-11-24,2017-11-24,Same Day,UPI,150
OD5800,2015-08-05,2015-08-05,2015-08-07,2015-08-07,Express,Credit Card,80
OD5801,2015-09-09,2015-09-10,2015-09-15,2015-09-15,Standard,Debit Card,30
OD5802,2015-05-20,2015-05-20,2015-05-25,2015-05-25,Standard,Debit Card,30
OD5803,2018-05-28,2018-05-29,2018-06-03,2018-06-03,Standard,Cash,30
OD5804,2017-07-24,2017-07-24,2017-07-29,2017-07-29,Standard,Debit Card,40
OD5805,2015-12-20,2015-12-20,2015-12-25,2015-12-24,Standard,UPI,40
OD5806,2016-09-15,2016-09-16,2016-09-18,2016-09-20,Express,Cash,90
OD5807,2017-01-09,2017-01-09,2017-01-09,2017-01-09,Same Day,Cash,120
OD5808,2016-03-05,2016-03-05,2016-03-05,2016-03-05,Same Day,UPI,120
OD5809,2015-11-11,2015-11-13,2015-11-18,2015-11-18,Standard,UPI,40
OD5811,2017-07-14,2017-07-16,2017-07-21,2017-07-21,Standard,Cash,40
OD5812,2017-10-09,2017-10-11,2017-10-13,2017-10-13,Express,Cash,90
OD5813,2015-12-31,2015-12-31,2016-01-02,2016-01-05,Express,UPI,70
OD5814,2016-03-05,2016-03-06,2016-03-11,2016-03-11,Standard,UPI,50
OD5816,2018-06-19,2018-06-21,2018-06-26,2018-06-26,Standard,UPI,50
OD5817,2015-12-15,2015-12-15,2015-12-20,2015-12-20,Standard,Debit Card,40
OD5818,2017-11-26,2017-11-28,2017-11-30,2017-11-30,Express,UPI,80
OD5820,2015-12-30,2015-12-30,2015-12-30,2015-12-30,Same Day,UPI,120
OD5821,2018-04-29,2018-04-29,2018-05-01,2018-05-01,Express,Cash,80
OD5822,2015-10-31,2015-11-01,2015-11-06,2015-11-07,Standard,Debit Card,50
OD5823,2015-11-11,2015-11-11,2015-11-11,2015-11-11,Same Day,Cash,120
OD5824,2016-06-28,2016-06-30,2016-07-02,2016-07-01,Express,UPI,90
OD5825,2018-11-25,2018-11-25,2018-11-30,2018-11-30,Standard,Credit Card,50
OD5826,2018-10-02,2018-10-04,2018-10-09,2018-10-12,Standard,UPI,50
OD5827,2017-11-28,2017-11-28,2017-12-03,2017-12-03,Standard,Credit Card,50
OD5828,2018-11-02,2018-11-02,2018-11-02,2018-11-02,Same Day,Cash,100
OD5829,2015-11-28,2015-11-30,2015-12-02,2015-12-01,Express,UPI,80
OD5830,2015-10-18,2015-10-19,2015-10-24,2015-10-24,Standard,Cash,40
OD5831,2017-03-20,2017-03-20,2017-03-25,2017-03-25,Standard,UPI,50
OD5832,2016-07-05,2016-07-06,2016-07-11,2016-07-14,Standard,UPI,30
OD5833,2018-04-01,2018-04-01,2018-04-06,2018-04-05,Standard,Cash,50
OD5835,2016-07-17,2016-07-17,2016-07-17,2016-07-17,Same Day,UPI,120
OD5836,2018-04-10,2018-04-12,2018-04-14,2018-04-13,Express,Debit Card,70
OD5837,2015-12-16,2015-12-18,2015-12-20,2015-12-20,Express,Credit Card,70
OD5838,2017-12-09,2017-12-09,2017-12-09,2017-12-09,Same Day,Cash,100
OD5839,2017-11-04,2017-11-05,2017-11-07,2017-11-07,Express,Credit Card,70
OD5840,2018-08-27,2018-08-28,2018-08-30,2018-08-30,Express,Credit Card,80
OD5841,2018-12-16,2018-12-16,2018-12-16,2018-12-16,Same Day,Debit Card,150
OD5842,2017-03-13,2017-03-13,2017-03-13,2017-03-13,Same Day,Credit Card,100
OD5843,2018-10-19,2018-10-19,2018-10-24,2018-10-25,Standard,Credit Card,30
OD5844,2015-06-09,2015-06-09,2015-06-14,2015-06-16,Standard,Debit Card,30
OD5845,2018-09-17,2018-09-19,2018-09-24,2018-09-24,Standard,UPI,50
OD5846,2015-11-25,2015-11-25,2015-11-25,2015-11-25,Same Day,Cash,100
OD5847,2018-06-27,2018-06-29,2018-07-01,2018-07-01,Express,UPI,80
OD5849,2016-12-04,2016-12-05,2016-12-10,2016-12-10,Standard,Debit Card,30
OD5850,2016-03-24,2016-03-25,2016-03-27,2016-03-27,Express,Cash,90
OD5851,2016-06-20,2016-06-20,2016-06-22,2016-06-21,Express,UPI,70
OD5852,2015-08-19,2015-08-19,2015-08-21,2015-08-24,Express,Credit Card,90
OD5853,2018-07-17,2018-07-19,2018-07-24,2018-07-24,Standard,Credit Card,30
OD5854,2017-07-02,2017-07-03,2017-07-08,2017-07-08,Standard,Credit Card,30
OD5855,2017-11-04,2017-11-04,2017-11-04,2017-11-04,Same Day,UPI,120
OD5856,2015-10-03,2015-10-04,2015-10-06,2015-10-08,Express,UPI,70
OD5857,2018-12-16,2018-12-17,2018-12-22,2018-12-22,Standard,Credit Card,40
OD5858,2018-12-16,2018-12-16,2018-12-16,2018-12-16,Same Day,UPI,150
OD5859,2018-08-31,2018-08-31,2018-08-31,2018-08-31,Same Day,Debit Card,100
OD5860,2017-08-02,2017-08-02,2017-08-02,2017-08-02,Same Day,UPI,100
OD5861,2016-12-14,2016-12-14,2016-12-19,2016-12-19,Standard,Credit Card,50
OD5862,2017-06-03,2017-06-05,2017-06-07,2017-06-08,Express,UPI,80
OD5863,2018-10-19,2018-10-20,2018-10-22,2018-10-25,Express,Credit Card,70
OD5864,2018-08-27,2018-08-28,2018-09-02,2018-09-02,Standard,Cash,50
OD5865,2015-10-03,2015-10-05,2015-10-07,2015-10-09,Express,UPI,90
OD5866,2016-03-01,2016-03-01,2016-03-06,2016-03-06,Standard,Credit Card,40
OD5867,2017-03-12,2017-03-13,2017-03-18,2017-03-19,Standard,Debit Card,40
OD5868,2017-11-04,2017-11-05,2017-11-10,2017-11-10,Standard,Credit Card,50
OD5869,2018-09-04,2018-09-04,2018-09-04,2018-09-04,Same Day,Credit Card,120
OD5870,2018-02-11,2018-02-11,2018-02-13,2018-02-12,Express,Cash,80
OD5871,2016-10-30,2016-10-30,2016-10-30,2016-10-30,Same Day,UPI,120
OD5872,2018-08-21,2018-08-22,2018-08-24,2018-08-24,Express,Credit Card,80
OD5873,2016-12-25,2016-12-26,2016-12-28,2016-12-27,Express,UPI,70
OD5874,2018-05-07,2018-05-08,2018-05-13,2018-05-13,Standard,Debit Card,40
OD5876,2018-05-07,2018-05-07,2018-05-07,2018-05-07,Same Day,Credit Card,120
OD5877,2016-12-10,2016-12-10,2016-12-10,2016-12-10,Same Day,Cash,100
OD5878,2017-09-25,2017-09-25,2017-09-25,2017-09-25,Same Day,Cash,150
OD5879,2018-04-08,2018-04-08,2018-04-08,2018-04-08,Same Day,Credit Card,150
OD5880,2016-09-05,2016-09-07,2016-09-09,2016-09-11,Express,UPI,70
OD5881,2016-12-24,2016-12-25,2016-12-27,2016-12-28,Express,Debit Card,90
OD5882,2017-11-10,2017-11-10,2017-11-10,2017-11-10,Same Day,UPI,100
OD5883,2017-09-22,2017-09-24,2017-09-29,2017-09-28,Standard,UPI,50
OD5884,2017-03-14,2017-03-14,2017-03-16,2017-03-16,Express,UPI,80
OD5885,2016-12-10,2016-12-11,2016-12-13,2016-12-13,Express,UPI,70
OD5886,2018-12-09,2018-12-09,2018-12-09,2018-12-09,Same Day,Debit Card,150
OD5887,2017-10-31,2017-10-31,2017-10-31,2017-10-31,Same Day,UPI,100
OD5888,2018-07-20,2018-07-20,2018-07-22,2018-07-22,Express,Debit Card,90
OD5889,2015-11-18,2015-11-18,2015-11-20,2015-11-20,Express,Cash,70
OD5890,2018-03-25,2018-03-25,2018-03-27,2018-03-30,Express,Cash,70
OD5891,2018-03-26,2018-03-26,2018-03-26,2018-03-26,Same Day,UPI,100
OD5892,2018-04-08,2018-04-10,2018-04-15,2018-04-16,Standard,UPI,50
OD5893,2017-06-20,2017-06-20,2017-06-20,2017-06-20,Same Day,Debit Card,120
OD5894,2016-09-21,2016-09-21,2016-09-26,2016-09-26,Standard,Debit Card,30
OD5895,2018-09-24,2018-09-24,2018-09-29,2018-09-29,Standard,Debit Card,40
OD5896,2015-02-20,2015-02-21,2015-02-23,2015-02-22,Express,UPI,90
OD5897,2017-11-13,2017-11-14,2017-11-19,2017-11-19,Standard,Credit Card,50
OD5898,2018-05-07,2018-05-09,2018-05-14,2018-05-16,Standard,UPI,50
OD5899,2018-12-18,2018-12-20,2018-12-22,2018-12-21,Express,Credit Card,80
OD5900,2017-01-08,2017-01-08,2017-01-08,2017-01-08,Same Day,UPI,120
OD5901,2017-11-11,2017-11-13,2017-11-18,2017-11-18,Standard,Debit Card,50
OD5902,2018-03-25,2018-03-25,2018-03-27,2018-03-27,Express,Cash,70
OD5903,2017-01-03,2017-01-04,2017-01-06,2017-01-06,Express,Credit Card,80
OD5904,2016-11-29,2016-11-29,2016-11-29,2016-11-29,Same Day,UPI,120
OD5905,2017-11-25,2017-11-25,2017-11-30,2017-11-29,Standard,Cash,40
OD5906,2017-09-25,2017-09-26,2017-10-01,2017-10-01,Standard,Credit Card,30
OD5907,2016-09-10,2016-09-10,2016-09-10,2016-09-10,Same Day,Cash,120
OD5908,2016-08-28,2016-08-29,2016-09-03,2016-09-03,Standard,Credit Card,30
OD5909,2017-11-11,2017-11-12,2017-11-14,2017-11-15,Express,UPI,90
OD5910,2018-12-28,2018-12-30,2019-01-01,2019-01-01,Express,UPI,90
OD5911,2018-11-19,2018-11-19,2018-11-21,2018-11-21,Express,Cash,70
OD5912,2017-03-21,2017-03-21,2017-03-21,2017-03-21,Same Day,Debit Card,100
OD5913,2017-02-16,2017-02-16,2017-02-21,2017-02-23,Standard,UPI,30
OD5914,2017-06-27,2017-06-29,2017-07-04,2017-07-07,Standard,Credit Card,50
OD5915,2017-02-08,2017-02-09,2017-02-11,2017-02-13,Express,Debit Card,90
OD5916,2017-04-18,2017-04-20,2017-04-22,2017-04-22,Express,UPI,70
OD5917,2017-03-15,2017-03-15,2017-03-15,2017-03-15,Same Day,UPI,100
OD5918,2015-07-21,2015-07-21,2015-07-21,2015-07-21,Same Day,Cash,120
OD5919,2017-09-26,2017-09-27,2017-10-02,2017-10-02,Standard,UPI,30
OD5920,2017-11-20,2017-11-20,2017-11-20,2017-11-20,Same Day,Cash,120
OD5921,2015-11-25,2015-11-25,2015-11-25,2015-11-25,Same Day,UPI,120
OD5922,2017-09-05,2017-09-05,2017-09-07,2017-09-07,Express,Debit Card,70
OD5923,2016-10-24,2016-10-26,2016-10-31,2016-10-31,Standard,Cash,40
OD5924,2017-12-27,2017-12-27,2018-01-01,2018-01-01,Standard,Cash,30
OD5926,2015-11-12,2015-11-12,2015-11-12,2015-11-12,Same Day,UPI,120
OD5927,2018-11-13,2018-11-15,2018-11-17,2018-11-16,Express,Cash,70
OD5928,2016-08-06,2016-08-06,2016-08-06,2016-08-06,Same Day,Debit Card,150
OD5929,2018-04-27,2018-04-27,2018-04-27,2018-04-27,Same Day,Cash,100
OD5931,2017-09-27,2017-09-27,2017-09-27,2017-09-27,Same Day,UPI,120
OD5932,2018-10-09,2018-10-10,2018-10-12,2018-10-14,Express,Cash,80
OD5933,2018-10-09,2018-10-11,2018-10-13,2018-10-13,Express,Debit Card,90
OD5934,2018-05-18,2018-05-18,2018-05-18,2018-05-18,Same Day,Cash,100
OD5935,2016-11-16,2016-11-17,2016-11-19,2016-11-19,Express,UPI,80
OD5936,2015-12-15,2015-12-15,2015-12-15,2015-12-15,Same Day,Cash,100
OD5937,2018-12-28,2018-12-28,2018-12-30,2018-12-30,Express,UPI,80
OD5938,2017-02-02,2017-02-02,2017-02-04,2017-02-05,Express,Debit Card,90
OD5939,2016-09-17,2016-09-17,2016-09-19,2016-09-19,Express,Credit Card,80
OD5940,2015-11-23,2015-11-23,2015-11-23,2015-11-23,Same Day,Debit Card,100
OD5941,2015-12-13,2015-12-15,2015-12-20,2015-12-23,Standard,UPI,30
OD5942,2018-05-18,2018-05-20,2018-05-25,2018-05-25,Standard,UPI,50
OD5943,2018-12-28,2018-12-28,2018-12-28,2018-12-28,Same Day,Cash,120
OD5944,2015-11-25,2015-11-25,2015-11-30,2015-12-02,Standard,Credit Card,40
OD5945,2016-10-08,2016-10-08,2016-10-08,2016-10-08,Same Day,Debit Card,100
OD5946,2017-11-20,2017-11-21,2017-11-26,2017-11-26,Standard,Credit Card,50
OD5947,2016-03-31,2016-03-31,2016-03-31,2016-03-31,Same Day,Credit Card,150
OD5948,2015-12-02,2015-12-02,2015-12-02,2015-12-02,Same Day,Cash,150
OD5949,2015-12-02,2015-12-02,2015-12-02,2015-12-02,Same Day,UPI,100
OD5950,2016-08-05,2016-08-06,2016-08-11,2016-08-10,Standard,Cash,50
OD5951,2017-10-03,2017-10-04,2017-10-06,2017-10-06,Express,UPI,90
OD5952,2017-04-18,2017-04-18,2017-04-23,2017-04-23,Standard,Credit Card,30
OD5953,2017-10-23,2017-10-23,2017-10-23,2017-10-23,Same Day,Debit Card,100
OD5954,2017-06-11,2017-06-13,2017-06-18,2017-06-18,Standard,Credit Card,30
OD5955,2017-10-08,2017-10-08,2017-10-13,2017-10-14,Standard,UPI,30
OD5956,2018-07-05,2018-07-07,2018-07-09,2018-07-09,Express,Debit Card,80
OD5957,2016-04-30,2016-04-30,2016-04-30,2016-04-30,Same Day,Credit Card,150
OD5958,2018-12-24,2018-12-26,2018-12-31,2019-01-02,Standard,Credit Card,50
OD5959,2018-03-02,2018-03-02,2018-03-02,2018-03-02,Same Day,Credit Card,120
OD5960,2016-09-10,2016-09-10,2016-09-15,2016-09-15,Standard,Debit Card,50
OD5961,2018-07-08,2018-07-08,2018-07-08,2018-07-08,Same Day,UPI,100
OD5962,2017-09-17,2017-09-19,2017-09-21,2017-09-21,Express,Cash,80
OD5963,2018-05-28,2018-05-29,2018-05-31,2018-05-31,Express,Cash,80
OD5964,2017-04-16,2017-04-17,2017-04-22,2017-04-22,Standard,UPI,30
OD5965,2018-09-02,2018-09-02,2018-09-02,2018-09-02,Same Day,UPI,100
OD5966,2017-05-02,2017-05-02,2017-05-04,2017-05-04,Express,Cash,90
OD5967,2017-11-22,2017-11-22,2017-11-22,2017-11-22,Same Day,Debit Card,150
OD5968,2016-07-06,2016-07-06,2016-07-11,2016-07-11,Standard,UPI,50
OD5969,2018-12-05,2018-12-05,2018-12-07,2018-12-08,Express,UPI,90
OD5970,2018-09-18,2018-09-19,2018-09-21,2018-09-21,Express,Credit Card,80
OD5971,2017-09-12,2017-09-14,2017-09-19,2017-09-19,Standard,Credit Card,40
OD5972,2017-01-02,2017-01-02,2017-01-02,2017-01-02,Same Day,UPI,150
OD5973,2016-12-10,2016-12-10,2016-12-12,2016-12-12,Express,UPI,80
OD5974,2015-07-11,2015-07-11,2015-07-13,2015-07-13,Express,UPI,90
OD5975,2017-12-26,2017-12-26,2017-12-28,2017-12-30,Express,Cash,70
OD5976,2018-12-23,2018-12-23,2018-12-23,2018-12-23,Same Day,Cash,100
OD5977,2015-11-17,2015-11-19,2015-11-21,2015-11-21,Express,Credit Card,70
OD5978,2015-12-02,2015-12-03,2015-12-05,2015-12-05,Express,UPI,70
OD5979,2017-07-22,2017-07-22,2017-07-22,2017-07-22,Same Day,Cash,150
OD5980,2018-05-02,2018-05-04,2018-05-09,2018-05-09,Standard,Cash,40
OD5981,2017-11-27,2017-11-27,2017-11-27,2017-11-27,Same Day,Credit Card,120
OD5982,2016-07-06,2016-07-07,2016-07-12,2016-07-12,Standard,Credit Card,30
OD5983,2018-12-05,2018-12-06,2018-12-08,2018-12-08,Express,Debit Card,70
OD5984,2017-10-13,2017-10-14,2017-10-16,2017-10-16,Express,Cash,70
OD5985,2017-05-12,2017-05-14,2017-05-16,2017-05-16,Express,Cash,90
OD5986,2016-11-28,2016-11-30,2016-12-02,2016-12-05,Express,Cash,90
OD5987,2016-08-09,2016-08-09,2016-08-11,2016-08-11,Express,Cash,90
OD5988,2015-09-30,2015-10-01,2015-10-06,2015-10-06,Standard,Debit Card,40
OD5989,2017-06-26,2017-06-26,2017-06-28,2017-06-28,Express,Credit Card,80
OD5990,2018-09-15,2018-09-15,2018-09-15,2018-09-15,Same Day,Cash,100
OD5991,2018-07-08,2018-07-08,2018-07-08,2018-07-08,Same Day,Cash,150
OD5992,2017-12-25,2017-12-25,2017-12-27,2017-12-29,Express,Debit Card,70
OD5993,2018-07-20,2018-07-22,2018-07-24,2018-07-24,Express,Credit Card,80
OD5994,2017-07-09,2017-07-09,2017-07-11,2017-07-11,Express,Debit Card,90
OD5995,2016-11-08,2016-11-10,2016-11-12,2016-11-12,Express,UPI,90
OD5996,2016-10-25,2016-10-26,2016-10-28,2016-10-29,Express,Cash,80
OD5997,2016-04-30,2016-05-02,2016-05-07,2016-05-06,Standard,Debit Card,30
OD5998,2016-04-30,2016-04-30,2016-05-02,2016-05-03,Express,UPI,90
OD5999,2018-09-15,2018-09-16,2018-09-21,2018-09-21,Standard,Cash,50
OD6000,2018-04-14,2018-04-14,2018-04-19,2018-04-19,Standard,Cash,50
OD6001,2015-11-27,2015-11-29,2015-12-04,2015-12-07,Standard,Cash,40
OD6002,2017-05-02,2017-05-03,2017-05-05,2017-05-05,Express,Credit Card,80
OD6003,2017-12-12,2017-12-13,2017-12-18,2017-12-18,Standard,Debit Card,50
OD6004,2017-02-21,2017-02-21,2017-02-21,2017-02-21,Same Day,Credit Card,120
OD6005,2015-11-19,2015-11-21,2015-11-23,2015-11-25,Express,Credit Card,70
OD6006,2015-12-02,2015-12-02,2015-12-02,2015-12-02,Same Day,Debit Card,100
OD6007,2015-07-11,2015-07-13,2015-07-15,2015-07-15,Express,Debit Card,90
OD6008,2018-11-08,2018-11-08,2018-11-08,2018-11-08,Same Day,Cash,150
OD6009,2018-10-23,2018-10-24,2018-10-26,2018-10-29,Express,Credit Card,90
OD6010,2016-02-03,2016-02-05,2016-02-10,2016-02-10,Standard,Debit Card,50
OD6011,2018-07-20,2018-07-20,2018-07-20,2018-07-20,Same Day,UPI,150
OD6012,2016-04-16,2016-04-17,2016-04-22,2016-04-22,Standard,Debit Card,50
OD6013,2017-07-09,2017-07-09,2017-07-09,2017-07-09,Same Day,Debit Card,150
OD6014,2018-10-05,2018-10-05,2018-10-07,2018-10-07,Express,Debit Card,80
OD6015,2017-11-11,2017-11-11,2017-11-13,2017-11-13,Express,Cash,70
OD6016,2017-12-25,2017-12-25,2017-12-30,2018-01-01,Standard,Debit Card,40
OD6017,2017-04-07,2017-04-07,2017-04-09,2017-04-09,Express,Debit Card,70
OD6018,2018-09-02,2018-09-02,2018-09-07,2018-09-07,Standard,Cash,30
OD6019,2018-11-24,2018-11-25,2018-11-30,2018-12-01,Standard,Credit Card,30
OD6020,2016-06-05,2016-06-05,2016-06-05,2016-06-05,Same Day,Credit Card,100
OD6021,2016-08-21,2016-08-21,2016-08-21,2016-08-21,Same Day,UPI,100
OD6022,2015-09-26,2015-09-26,2015-10-01,2015-10-01,Standard,Cash,40
OD6023,2018-11-02,2018-11-03,2018-11-08,2018-11-07,Standard,Debit Card,30
OD6024,2018-05-03,2018-05-03,2018-05-05,2018-05-06,Express,UPI,90
OD6025,2018-12-04,2018-12-05,2018-12-10,2018-12-12,Standard,Credit Card,50
OD6026,2015-09-07,2015-09-07,2015-09-09,2015-09-10,Express,Credit Card,90
OD6027,2018-09-09,2018-09-09,2018-09-09,2018-09-09,Same Day,Cash,120
OD6028,2018-12-13,2018-12-13,2018-12-18,2018-12-20,Standard,Credit Card,40
OD6029,2016-08-16,2016-08-17,2016-08-19,2016-08-18,Express,Debit Card,80
OD6030,2015-09-15,2015-09-15,2015-09-17,2015-09-16,Express,Debit Card,90
OD6032,2016-05-08,2016-05-09,2016-05-14,2016-05-15,Standard,Cash,50
OD6033,2017-09-23,2017-09-23,2017-09-28,2017-09-29,Standard,Credit Card,30
OD6034,2015-07-19,2015-07-21,2015-07-23,2015-07-24,Express,Credit Card,90
OD6035,2018-09-09,2018-09-09,2018-09-11,2018-09-11,Express,UPI,70
OD6036,2016-08-21,2016-08-23,2016-08-25,2016-08-25,Express,Credit Card,80
OD6037,2018-05-08,2018-05-08,2018-05-10,2018-05-12,Express,UPI,80
OD6038,2017-06-25,2017-06-25,2017-06-30,2017-07-03,Standard,Debit Card,40
OD6039,2017-11-28,2017-11-28,2017-11-30,2017-11-29,Express,UPI,70
OD6040,2016-02-27,2016-02-27,2016-02-27,2016-02-27,Same Day,UPI,100
OD6041,2018-12-04,2018-12-06,2018-12-11,2018-12-11,Standard,Credit Card,50
OD6042,2018-09-02,2018-09-02,2018-09-04,2018-09-04,Express,Cash,70
OD6043,2017-10-16,2017-10-17,2017-10-19,2017-10-21,Express,Credit Card,70
OD6044,2015-09-29,2015-09-29,2015-10-01,2015-09-30,Express,UPI,90
OD6045,2016-08-24,2016-08-26,2016-08-28,2016-08-28,Express,UPI,80
OD6046,2016-09-07,2016-09-08,2016-09-13,2016-09-13,Standard,Debit Card,50
OD6047,2018-06-03,2018-06-03,2018-06-05,2018-06-07,Express,Cash,90
OD6048,2017-12-25,2017-12-25,2017-12-25,2017-12-25,Same Day,Cash,100
OD6049,2015-12-23,2015-12-23,2015-12-28,2015-12-30,Standard,UPI,50
OD6050,2017-10-21,2017-10-21,2017-10-26,2017-10-27,Standard,Debit Card,40
OD6051,2015-09-29,2015-09-29,2015-09-29,2015-09-29,Same Day,Cash,150
OD6052,2017-06-14,2017-06-14,2017-06-14,2017-06-14,Same Day,Debit Card,100
OD6053,2015-06-06,2015-06-07,2015-06-09,2015-06-09,Express,UPI,70
OD6054,2015-03-17,2015-03-17,2015-03-17,2015-03-17,Same Day,Cash,120
OD6055,2017-06-17,2017-06-17,2017-06-17,2017-06-17,Same Day,UPI,150
OD6056,2015-03-17,2015-03-17,2015-03-17,2015-03-17,Same Day,Credit Card,100
OD6057,2017-08-29,2017-08-29,2017-08-29,2017-08-29,Same Day,Credit Card,120
OD6058,2018-05-03,2018-05-03,2018-05-03,2018-05-03,Same Day,Cash,120
OD6059,2015-03-17,2015-03-17,2015-03-17,2015-03-17,Same Day,Cash,150
OD6060,2016-12-27,2016-12-27,2016-12-27,2016-12-27,Same Day,UPI,120
OD6061,2018-05-28,2018-05-30,2018-06-01,2018-06-01,Express,Debit Card,80
OD6062,2017-08-29,2017-08-29,2017-08-31,2017-08-31,Express,Cash,80
OD6063,2015-03-03,2015-03-05,2015-03-10,2015-03-10,Standard,Cash,50
OD6064,2017-07-18,2017-07-18,2017-07-18,2017-07-18,Same Day,Cash,150
OD6065,2017-03-27,2017-03-27,2017-03-27,2017-03-27,Same Day,Credit Card,120
OD6066,2016-12-14,2016-12-16,2016-12-21,2016-12-21,Standard,Debit Card,40
OD6067,2018-12-10,2018-12-11,2018-12-13,2018-12-12,Express,Debit Card,90
OD6068,2015-04-02,2015-04-02,2015-04-02,2015-04-02,Same Day,Cash,150
OD6069,2016-07-25,2016-07-25,2016-07-30,2016-07-31,Standard,UPI,50
OD6070,2016-06-23,2016-06-23,2016-06-23,2016-06-23,Same Day,Credit Card,100
OD6071,2017-09-12,2017-09-12,2017-09-12,2017-09-12,Same Day,Credit Card,120
OD6072,2015-10-11,2015-10-13,2015-10-15,2015-10-15,Express,UPI,80
OD6073,2017-03-27,2017-03-28,2017-04-02,2017-04-02,Standard,Credit Card,50
OD6074,2018-09-18,2018-09-19,2018-09-24,2018-09-24,Standard,UPI,40
OD6075,2015-10-22,2015-10-22,2015-10-24,2015-10-26,Express,Credit Card,80
OD6076,2015-10-21,2015-10-21,2015-10-26,2015-10-26,Standard,Credit Card,40
OD6077,2015-10-18,2015-10-19,2015-10-24,2015-10-24,Standard,Credit Card,40
OD6078,2016-04-20,2016-04-21,2016-04-26,2016-04-26,Standard,Cash,50
OD6079,2018-04-08,2018-04-10,2018-04-15,2018-04-15,Standard,Debit Card,50
OD6080,2016-09-08,2016-09-08,2016-09-13,2016-09-14,Standard,Debit Card,40
OD6081,2015-04-08,2015-04-08,2015-04-08,2015-04-08,Same Day,Credit Card,120
OD6082,2017-05-30,2017-05-30,2017-06-01,2017-06-01,Express,UPI,90
OD6083,2015-08-20,2015-08-21,2015-08-23,2015-08-24,Express,Cash,90
OD6084,2016-01-04,2016-01-04,2016-01-09,2016-01-09,Standard,UPI,30
OD6085,2018-12-11,2018-12-11,2018-12-11,2018-12-11,Same Day,Debit Card,120
OD6086,2017-09-20,2017-09-21,2017-09-26,2017-09-26,Standard,UPI,50
OD6087,2016-11-08,2016-11-08,2016-11-13,2016-11-15,Standard,Debit Card,40
OD6089,2016-12-27,2016-12-27,2016-12-27,2016-12-27,Same Day,Cash,100
OD6090,2015-04-29,2015-04-30,2015-05-02,2015-05-02,Express,Cash,90
OD6091,2016-07-05,2016-07-06,2016-07-11,2016-07-11,Standard,Cash,50
OD6092,2017-09-20,2017-09-20,2017-09-20,2017-09-20,Same Day,Cash,150
OD6093,2018-06-04,2018-06-04,2018-06-04,2018-06-04,Same Day,Debit Card,150
OD6094,2018-06-30,2018-07-01,2018-07-03,2018-07-03,Express,Debit Card,90
OD6095,2018-06-26,2018-06-26,2018-06-26,2018-06-26,Same Day,UPI,100
OD6096,2016-11-12,2016-11-13,2016-11-15,2016-11-14,Express,Debit Card,70
OD6097,2016-11-05,2016-11-06,2016-11-11,2016-11-11,Standard,Debit Card,50
OD6098,2015-06-08,2015-06-08,2015-06-13,2015-06-12,Standard,Cash,40
OD6099,2017-10-04,2017-10-05,2017-10-10,2017-10-10,Standard,Credit Card,50
OD6100,2017-05-14,2017-05-14,2017-05-19,2017-05-19,Standard,Credit Card,30
OD6101,2016-03-12,2016-03-14,2016-03-16,2016-03-16,Express,UPI,80
OD6102,2016-05-01,2016-05-02,2016-05-04,2016-05-05,Express,Debit Card,90
OD6103,2016-12-27,2016-12-27,2016-12-27,2016-12-27,Same Day,UPI,150
OD6104,2016-03-12,2016-03-13,2016-03-18,2016-03-17,Standard,UPI,30
OD6105,2015-08-01,2015-08-02,2015-08-07,2015-08-07,Standard,Credit Card,50
OD6106,2017-02-06,2017-02-06,2017-02-08,2017-02-07,Express,Debit Card,70
OD6107,2018-06-15,2018-06-15,2018-06-20,2018-06-20,Standard,Credit Card,30
OD6108,2016-11-12,2016-11-13,2016-11-15,2016-11-16,Express,UPI,70
OD6109,2017-04-17,2017-04-18,2017-04-23,2017-04-22,Standard,Credit Card,50
OD6110,2016-12-18,2016-12-18,2016-12-18,2016-12-18,Same Day,Cash,120
OD6111,2017-11-04,2017-11-06,2017-11-11,2017-11-13,Standard,Debit Card,50
OD6112,2016-06-08,2016-06-09,2016-06-14,2016-06-13,Standard,UPI,40
OD6113,2018-04-14,2018-04-16,2018-04-21,2018-04-21,Standard,Cash,30
OD6114,2017-05-28,2017-05-30,2017-06-04,2017-06-03,Standard,Credit Card,40
OD6115,2018-04-30,2018-05-02,2018-05-04,2018-05-04,Express,UPI,70
OD6116,2016-11-26,2016-11-26,2016-11-28,2016-11-28,Express,UPI,80
OD6117,2018-06-15,2018-06-15,2018-06-15,2018-06-15,Same Day,Credit Card,150
OD6118,2018-10-16,2018-10-17,2018-10-19,2018-10-19,Express,Cash,70
OD6119,2018-12-11,2018-12-12,2018-12-17,2018-12-17,Standard,Debit Card,40
OD6120,2017-08-12,2017-08-12,2017-08-12,2017-08-12,Same Day,UPI,100
OD6122,2016-03-16,2016-03-16,2016-03-16,2016-03-16,Same Day,Cash,100
OD6123,2018-10-15,2018-10-15,2018-10-17,2018-10-17,Express,Credit Card,80
OD6124,2016-04-13,2016-04-13,2016-04-18,2016-04-20,Standard,Cash,50
OD6125,2015-04-06,2015-04-08,2015-04-13,2015-04-13,Standard,UPI,50
OD6126,2016-09-18,2016-09-18,2016-09-18,2016-09-18,Same Day,Cash,120
OD6127,2016-03-22,2016-03-24,2016-03-29,2016-03-30,Standard,UPI,30
OD6128,2018-02-02,2018-02-02,2018-02-04,2018-02-03,Express,UPI,70
OD6129,2016-12-05,2016-12-05,2016-12-05,2016-12-05,Same Day,Cash,100
OD6130,2015-12-08,2015-12-08,2015-12-08,2015-12-08,Same Day,Debit Card,150
OD6131,2018-04-30,2018-05-01,2018-05-03,2018-05-06,Express,Debit Card,80
OD6132,2018-12-28,2018-12-28,2018-12-28,2018-12-28,Same Day,UPI,120
OD6133,2015-11-18,2015-11-18,2015-11-18,2015-11-18,Same Day,Debit Card,120
OD6134,2017-11-19,2017-11-19,2017-11-24,2017-11-24,Standard,Cash,40
OD6135,2018-10-30,2018-10-30,2018-11-04,2018-11-05,Standard,Cash,30
OD6136,2016-11-16,2016-11-16,2016-11-16,2016-11-16,Same Day,Cash,120
OD6137,2016-05-14,2016-05-15,2016-05-20,2016-05-22,Standard,Debit Card,30
OD6138,2016-09-24,2016-09-26,2016-09-28,2016-09-27,Express,Cash,80
OD6139,2018-08-29,2018-08-30,2018-09-01,2018-08-31,Express,Credit Card,80
OD6140,2017-11-07,2017-11-09,2017-11-14,2017-11-15,Standard,Cash,40
OD6141,2015-12-08,2015-12-08,2015-12-10,2015-12-10,Express,UPI,90
OD6142,2017-12-02,2017-12-02,2017-12-07,2017-12-06,Standard,Cash,40
OD6143,2018-08-18,2018-08-19,2018-08-21,2018-08-21,Express,UPI,70
OD6144,2017-09-15,2017-09-16,2017-09-21,2017-09-21,Standard,UPI,50
OD6145,2015-04-06,2015-04-06,2015-04-08,2015-04-08,Express,Credit Card,70
OD6146,2017-01-10,2017-01-10,2017-01-15,2017-01-17,Standard,UPI,40
OD6147,2015-11-18,2015-11-20,2015-11-22,2015-11-22,Express,UPI,70
OD6148,2018-10-05,2018-10-05,2018-10-05,2018-10-05,Same Day,Debit Card,100
OD6149,2015-12-29,2015-12-29,2015-12-29,2015-12-29,Same Day,Cash,150
OD6150,2017-01-22,2017-01-23,2017-01-28,2017-01-29,Standard,Credit Card,30
OD6151,2016-09-10,2016-09-12,2016-09-17,2016-09-17,Standard,Credit Card,30
OD6152,2016-10-20,2016-10-21,2016-10-26,2016-10-25,Standard,Debit Card,40
OD6153,2015-12-29,2015-12-30,2016-01-01,2016-01-01,Express,Cash,90
OD6154,2015-04-06,2015-04-06,2015-04-06,2015-04-06,Same Day,Cash,120
OD6155,2017-06-14,2017-06-15,2017-06-17,2017-06-17,Express,Cash,70
OD6156,2015-07-30,2015-08-01,2015-08-06,2015-08-06,Standard,Credit Card,40
OD6157,2018-12-29,2018-12-29,2018-12-31,2018-12-31,Express,Debit Card,80
OD6158,2017-12-18,2017-12-19,2017-12-24,2017-12-26,Standard,Cash,30
OD6159,2017-05-30,2017-05-31,2017-06-02,2017-06-02,Express,UPI,80
OD6160,2016-03-26,2016-03-26,2016-03-26,2016-03-26,Same Day,Credit Card,150
OD6161,2018-12-01,2018-12-03,2018-12-05,2018-12-05,Express,Credit Card,90
OD6162,2015-05-26,2015-05-28,2015-05-30,2015-05-29,Express,Cash,90
OD6163,2017-09-16,2017-09-17,2017-09-22,2017-09-23,Standard,Cash,30
OD6164,2015-04-12,2015-04-13,2015-04-15,2015-04-14,Express,Cash,80
OD6165,2015-09-23,2015-09-23,2015-09-25,2015-09-25,Express,Credit Card,90
OD6166,2016-05-14,2016-05-16,2016-05-18,2016-05-18,Express,Debit Card,70
OD6167,2017-09-26,2017-09-28,2017-09-30,2017-09-29,Express,Cash,80
OD6168,2016-08-21,2016-08-23,2016-08-28,2016-08-29,Standard,UPI,30
OD6169,2018-05-04,2018-05-05,2018-05-10,2018-05-10,Standard,Debit Card,30
OD6170,2015-07-21,2015-07-22,2015-07-24,2015-07-24,Express,Credit Card,80
OD6171,2017-12-25,2017-12-25,2017-12-25,2017-12-25,Same Day,UPI,120
OD6172,2016-05-14,2016-05-14,2016-05-16,2016-05-16,Express,Credit Card,90
OD6173,2017-04-28,2017-04-28,2017-04-28,2017-04-28,Same Day,UPI,150
OD6174,2017-09-18,2017-09-19,2017-09-21,2017-09-23,Express,Debit Card,90
OD6175,2015-07-21,2015-07-22,2015-07-27,2015-07-28,Standard,Cash,30
OD6176,2015-03-07,2015-03-07,2015-03-07,2015-03-07,Same Day,Debit Card,120
OD6177,2016-07-26,2016-07-26,2016-07-31,2016-08-02,Standard,Cash,40
OD6178,2015-03-22,2015-03-22,2015-03-22,2015-03-22,Same Day,Debit Card,120
OD6179,2016-05-14,2016-05-14,2016-05-14,2016-05-14,Same Day,UPI,120
OD6180,2017-12-26,2017-12-28,2018-01-02,2018-01-02,Standard,Cash,50
OD6181,2016-04-05,2016-04-05,2016-04-05,2016-04-05,Same Day,UPI,150
OD6182,2018-07-26,2018-07-26,2018-07-28,2018-07-27,Express,UPI,70
OD6183,2015-04-26,2015-04-26,2015-04-26,2015-04-26,Same Day,Credit Card,120
OD6184,2015-10-31,2015-10-31,2015-10-31,2015-10-31,Same Day,Debit Card,120
OD6185,2016-04-26,2016-04-26,2016-04-26,2016-04-26,Same Day,UPI,150
OD6186,2018-11-09,2018-11-09,2018-11-09,2018-11-09,Same Day,Debit Card,100
OD6187,2017-07-18,2017-07-18,2017-07-18,2017-07-18,Same Day,Credit Card,150
OD6189,2015-12-10,2015-12-11,2015-12-13,2015-12-16,Express,Debit Card,90
OD6190,2017-07-15,2017-07-16,2017-07-21,2017-07-21,Standard,UPI,50
OD6191,2017-09-23,2017-09-25,2017-09-27,2017-09-26,Express,Cash,70
OD6192,2015-12-13,2015-12-15,2015-12-17,2015-12-17,Express,Cash,80
OD6193,2016-09-03,2016-09-03,2016-09-03,2016-09-03,Same Day,UPI,120
OD6194,2017-10-13,2017-10-14,2017-10-19,2017-10-18,Standard,Credit Card,50
OD6195,2018-09-23,2018-09-23,2018-09-23,2018-09-23,Same Day,Cash,120
OD6196,2018-10-05,2018-10-06,2018-10-11,2018-10-11,Standard,Debit Card,30
OD6197,2017-12-26,2017-12-26,2017-12-26,2017-12-26,Same Day,Cash,120
OD6198,2016-09-14,2016-09-15,2016-09-20,2016-09-19,Standard,Debit Card,40
OD6199,2015-07-13,2015-07-14,2015-07-16,2015-07-16,Express,Debit Card,90
OD6200,2018-10-03,2018-10-03,2018-10-03,2018-10-03,Same Day,UPI,100
OD6201,2015-07-08,2015-07-09,2015-07-14,2015-07-14,Standard,Credit Card,40
OD6202,2016-12-24,2016-12-24,2016-12-26,2016-12-27,Express,Debit Card,90
OD6203,2018-10-05,2018-10-05,2018-10-05,2018-10-05,Same Day,Debit Card,120
OD6204,2017-10-20,2017-10-20,2017-10-20,2017-10-20,Same Day,Debit Card,120
OD6205,2016-09-25,2016-09-25,2016-09-25,2016-09-25,Same Day,Cash,150
OD6206,2016-06-28,2016-06-28,2016-06-28,2016-06-28,Same Day,UPI,120
OD6207,2015-05-16,2015-05-16,2015-05-16,2015-05-16,Same Day,Debit Card,120
OD6208,2017-09-24,2017-09-24,2017-09-26,2017-09-26,Express,Cash,80
OD6209,2015-12-16,2015-12-18,2015-12-23,2015-12-25,Standard,UPI,30
OD6210,2017-10-31,2017-10-31,2017-11-05,2017-11-05,Standard,Cash,50
OD6211,2018-12-02,2018-12-02,2018-12-02,2018-12-02,Same Day,Cash,100
OD6212,2018-05-12,2018-05-13,2018-05-15,2018-05-14,Express,Cash,90
OD6213,2018-04-13,2018-04-13,2018-04-15,2018-04-15,Express,Credit Card,90
OD6214,2015-05-13,2015-05-13,2015-05-13,2015-05-13,Same Day,Cash,100
OD6215,2017-11-24,2017-11-24,2017-11-29,2017-11-28,Standard,Debit Card,50
OD6217,2015-03-07,2015-03-09,2015-03-14,2015-03-16,Standard,UPI,50
OD6218,2018-12-02,2018-12-02,2018-12-02,2018-12-02,Same Day,Cash,150
OD6219,2017-12-08,2017-12-08,2017-12-08,2017-12-08,Same Day,UPI,120
OD6220,2017-04-30,2017-04-30,2017-05-05,2017-05-05,Standard,Debit Card,30
OD6221,2017-09-22,2017-09-23,2017-09-28,2017-09-28,Standard,Cash,40
OD6222,2018-03-03,2018-03-03,2018-03-03,2018-03-03,Same Day,UPI,150
OD6223,2017-07-31,2017-08-02,2017-08-07,2017-08-10,Standard,Credit Card,40
OD6224,2018-09-19,2018-09-19,2018-09-19,2018-09-19,Same Day,UPI,100
OD6225,2018-12-02,2018-12-02,2018-12-02,2018-12-02,Same Day,Debit Card,100
OD6226,2017-09-18,2017-09-20,2017-09-25,2017-09-25,Standard,Debit Card,30
OD6227,2017-08-21,2017-08-21,2017-08-23,2017-08-24,Express,UPI,80
OD6228,2015-09-19,2015-09-20,2015-09-25,2015-09-25,Standard,Debit Card,30
OD6229,2017-12-25,2017-12-25,2017-12-30,2017-12-30,Standard,Cash,50
OD6230,2017-10-13,2017-10-13,2017-10-13,2017-10-13,Same Day,UPI,150
OD6231,2018-10-22,2018-10-23,2018-10-28,2018-10-28,Standard,Credit Card,50
OD6232,2017-12-19,2017-12-19,2017-12-19,2017-12-19,Same Day,Cash,120
OD6233,2018-09-19,2018-09-20,2018-09-22,2018-09-22,Express,Debit Card,70
OD6235,2017-03-24,2017-03-26,2017-03-31,2017-03-31,Standard,Debit Card,50
OD6236,2015-09-21,2015-09-22,2015-09-27,2015-09-26,Standard,Debit Card,50
OD6237,2015-09-21,2015-09-22,2015-09-24,2015-09-26,Express,Debit Card,80
OD6238,2015-01-26,2015-01-26,2015-01-26,2015-01-26,Same Day,Debit Card,120
OD6240,2017-11-19,2017-11-19,2017-11-19,2017-11-19,Same Day,Credit Card,150
OD6241,2015-09-21,2015-09-21,2015-09-21,2015-09-21,Same Day,Credit Card,100
OD6242,2017-11-27,2017-11-28,2017-12-03,2017-12-03,Standard,UPI,40
OD6243,2018-10-21,2018-10-22,2018-10-24,2018-10-24,Express,Credit Card,70
OD6244,2017-11-27,2017-11-27,2017-11-27,2017-11-27,Same Day,UPI,150
OD6245,2016-03-01,2016-03-01,2016-03-01,2016-03-01,Same Day,UPI,150
OD6246,2018-06-17,2018-06-17,2018-06-22,2018-06-21,Standard,Debit Card,30
OD6247,2015-12-09,2015-12-10,2015-12-15,2015-12-15,Standard,Cash,40
OD6248,2018-11-23,2018-11-23,2018-11-23,2018-11-23,Same Day,UPI,120
OD6249,2018-09-23,2018-09-24,2018-09-29,2018-09-29,Standard,Credit Card,50
OD6250,2018-08-29,2018-08-29,2018-08-29,2018-08-29,Same Day,Cash,150
OD6251,2016-05-25,2016-05-27,2016-05-29,2016-05-31,Express,UPI,90
OD6252,2018-09-04,2018-09-06,2018-09-08,2018-09-07,Express,Credit Card,90
OD6253,2015-11-07,2015-11-09,2015-11-14,2015-11-14,Standard,Credit Card,40
OD6254,2018-09-04,2018-09-05,2018-09-10,2018-09-10,Standard,UPI,30
OD6255,2016-08-06,2016-08-06,2016-08-06,2016-08-06,Same Day,UPI,120
OD6256,2015-12-09,2015-12-09,2015-12-09,2015-12-09,Same Day,Cash,100
OD6257,2018-11-02,2018-11-02,2018-11-07,2018-11-07,Standard,Credit Card,30
OD6258,2018-11-19,2018-11-19,2018-11-19,2018-11-19,Same Day,Cash,100
OD6259,2018-08-29,2018-08-29,2018-08-29,2018-08-29,Same Day,Credit Card,120
OD6260,2018-09-08,2018-09-08,2018-09-08,2018-09-08,Same Day,UPI,120
OD6261,2018-08-11,2018-08-13,2018-08-18,2018-08-18,Standard,Debit Card,50
OD6262,2018-04-21,2018-04-22,2018-04-24,2018-04-26,Express,Credit Card,80
OD6263,2015-11-14,2015-11-16,2015-11-21,2015-11-24,Standard,Debit Card,40
OD6264,2015-04-05,2015-04-05,2015-04-05,2015-04-05,Same Day,UPI,120
OD6265,2015-04-05,2015-04-05,2015-04-05,2015-04-05,Same Day,Cash,100
OD6266,2018-07-09,2018-07-10,2018-07-15,2018-07-15,Standard,UPI,40
OD6268,2018-06-09,2018-06-09,2018-06-14,2018-06-15,Standard,UPI,30
OD6269,2018-08-11,2018-08-12,2018-08-14,2018-08-17,Express,UPI,80
OD6270,2018-11-23,2018-11-23,2018-11-28,2018-11-28,Standard,Credit Card,50
OD6271,2016-05-25,2016-05-25,2016-05-30,2016-05-30,Standard,Cash,50
OD6272,2017-03-03,2017-03-04,2017-03-09,2017-03-09,Standard,Debit Card,30
OD6273,2017-07-02,2017-07-02,2017-07-02,2017-07-02,Same Day,Debit Card,150
OD6274,2017-11-01,2017-11-03,2017-11-08,2017-11-08,Standard,Debit Card,50
OD6275,2018-11-23,2018-11-23,2018-11-25,2018-11-28,Express,Debit Card,70
OD6276,2017-09-26,2017-09-27,2017-10-02,2017-10-02,Standard,Debit Card,30
OD6277,2015-12-14,2015-12-16,2015-12-21,2015-12-21,Standard,UPI,40
OD6278,2015-11-07,2015-11-09,2015-11-11,2015-11-11,Express,Debit Card,70
OD6279,2018-06-17,2018-06-17,2018-06-19,2018-06-18,Express,UPI,70
OD6280,2018-06-17,2018-06-17,2018-06-17,2018-06-17,Same Day,Credit Card,100
OD6281,2018-03-31,2018-03-31,2018-03-31,2018-03-31,Same Day,UPI,120
OD6282,2018-11-05,2018-11-05,2018-11-05,2018-11-05,Same Day,Cash,120
OD6283,2017-12-30,2017-12-30,2017-12-30,2017-12-30,Same Day,Debit Card,120
OD6284,2017-09-24,2017-09-24,2017-09-24,2017-09-24,Same Day,UPI,100
OD6285,2018-09-08,2018-09-08,2018-09-08,2018-09-08,Same Day,UPI,120
OD6286,2018-08-11,2018-08-11,2018-08-16,2018-08-16,Standard,Credit Card,40
OD6287,2018-07-09,2018-07-09,2018-07-11,2018-07-11,Express,Cash,70
OD6288,2018-08-29,2018-08-29,2018-08-31,2018-08-30,Express,Cash,90
OD6289,2018-10-23,2018-10-25,2018-10-27,2018-10-27,Express,Credit Card,90
OD6290,2016-03-20,2016-03-20,2016-03-25,2016-03-25,Standard,Debit Card,30
OD6291,2017-03-30,2017-03-30,2017-03-30,2017-03-30,Same Day,Cash,100
OD6292,2018-10-08,2018-10-09,2018-10-14,2018-10-13,Standard,UPI,30
OD6293,2016-09-03,2016-09-03,2016-09-08,2016-09-08,Standard,Debit Card,50
OD6294,2018-05-14,2018-05-14,2018-05-14,2018-05-14,Same Day,Debit Card,100
OD6295,2018-09-10,2018-09-10,2018-09-10,2018-09-10,Same Day,Debit Card,150
OD6296,2016-07-18,2016-07-20,2016-07-22,2016-07-21,Express,Credit Card,70
OD6297,2017-12-16,2017-12-17,2017-12-19,2017-12-20,Express,Cash,80
OD6298,2017-04-07,2017-04-07,2017-04-07,2017-04-07,Same Day,Debit Card,150
OD6299,2017-08-06,2017-08-08,2017-08-13,2017-08-12,Standard,UPI,50
OD6300,2017-05-21,2017-05-21,2017-05-23,2017-05-22,Express,UPI,90
OD6301,2015-05-30,2015-06-01,2015-06-03,2015-06-03,Express,Credit Card,70
OD6302,2018-03-19,2018-03-19,2018-03-24,2018-03-26,Standard,Credit Card,40
OD6303,2017-01-25,2017-01-26,2017-01-28,2017-01-27,Express,Cash,80
OD6304,2018-09-12,2018-09-13,2018-09-18,2018-09-18,Standard,UPI,30
OD6305,2018-09-29,2018-10-01,2018-10-06,2018-10-06,Standard,Credit Card,50
OD6306,2018-03-24,2018-03-26,2018-03-28,2018-03-27,Express,Credit Card,90
OD6307,2018-12-11,2018-12-11,2018-12-11,2018-12-11,Same Day,Cash,120
OD6308,2015-12-31,2016-01-01,2016-01-03,2016-01-02,Express,UPI,90
OD6309,2015-11-07,2015-11-09,2015-11-14,2015-11-13,Standard,Debit Card,40
OD6310,2016-07-16,2016-07-16,2016-07-21,2016-07-21,Standard,Credit Card,30
OD6311,2016-11-15,2016-11-15,2016-11-15,2016-11-15,Same Day,UPI,150
OD6312,2018-06-29,2018-06-29,2018-06-29,2018-06-29,Same Day,UPI,100
OD6313,2015-11-07,2015-11-07,2015-11-07,2015-11-07,Same Day,Debit Card,100
OD6314,2015-05-30,2015-05-30,2015-06-01,2015-06-02,Express,Credit Card,70
OD6315,2016-03-20,2016-03-20,2016-03-20,2016-03-20,Same Day,Debit Card,150
OD6316,2018-05-14,2018-05-14,2018-05-19,2018-05-19,Standard,Cash,40
OD6317,2018-05-14,2018-05-14,2018-05-14,2018-05-14,Same Day,Debit Card,120
OD6318,2015-03-30,2015-03-30,2015-03-30,2015-03-30,Same Day,UPI,150
OD6319,2018-05-14,2018-05-14,2018-05-16,2018-05-16,Express,Credit Card,90
OD6320,2017-01-25,2017-01-27,2017-02-01,2017-02-03,Standard,Credit Card,40
OD6321,2016-11-15,2016-11-15,2016-11-17,2016-11-19,Express,Debit Card,90
OD6323,2017-09-03,2017-09-03,2017-09-05,2017-09-06,Express,Cash,70
OD6324,2018-09-12,2018-09-12,2018-09-14,2018-09-15,Express,Credit Card,90
OD6325,2018-10-23,2018-10-23,2018-10-23,2018-10-23,Same Day,UPI,100
OD6326,2016-08-07,2016-08-08,2016-08-10,2016-08-11,Express,Debit Card,80
OD6327,2015-09-16,2015-09-16,2015-09-21,2015-09-20,Standard,UPI,40
OD6328,2018-04-23,2018-04-23,2018-04-23,2018-04-23,Same Day,Cash,100
OD6329,2018-04-20,2018-04-21,2018-04-26,2018-04-28,Standard,Credit Card,50
OD6330,2017-06-02,2017-06-02,2017-06-02,2017-06-02,Same Day,Cash,150
OD6331,2018-04-24,2018-04-24,2018-04-24,2018-04-24,Same Day,UPI,100
OD6332,2015-05-30,2015-05-30,2015-05-30,2015-05-30,Same Day,UPI,100
OD6333,2016-07-03,2016-07-03,2016-07-05,2016-07-05,Express,Debit Card,80
OD6334,2016-12-22,2016-12-22,2016-12-22,2016-12-22,Same Day,Credit Card,150
OD6335,2018-09-25,2018-09-27,2018-09-29,2018-09-30,Express,Debit Card,70
OD6336,2016-03-20,2016-03-22,2016-03-24,2016-03-25,Express,UPI,80
OD6337,2015-08-24,2015-08-25,2015-08-27,2015-08-27,Express,Cash,70
OD6338,2018-09-10,2018-09-10,2018-09-10,2018-09-10,Same Day,Debit Card,120
OD6339,2018-04-20,2018-04-20,2018-04-20,2018-04-20,Same Day,Debit Card,100
OD6340,2017-12-11,2017-12-11,2017-12-11,2017-12-11,Same Day,Credit Card,120
OD6341,2015-12-05,2015-12-06,2015-12-08,2015-12-11,Express,UPI,80
OD6342,2017-12-30,2018-01-01,2018-01-03,2018-01-02,Express,UPI,70
OD6343,2018-08-17,2018-08-17,2018-08-17,2018-08-17,Same Day,Credit Card,150
OD6345,2016-02-27,2016-02-27,2016-02-27,2016-02-27,Same Day,UPI,100
OD6346,2016-08-22,2016-08-23,2016-08-28,2016-08-28,Standard,Debit Card,30
OD6347,2016-11-15,2016-11-15,2016-11-20,2016-11-20,Standard,UPI,30
OD6348,2015-12-05,2015-12-07,2015-12-12,2015-12-12,Standard,UPI,40
OD6349,2018-09-30,2018-09-30,2018-09-30,2018-09-30,Same Day,Cash,100
OD6350,2016-03-20,2016-03-20,2016-03-20,2016-03-20,Same Day,Debit Card,100
OD6351,2015-11-01,2015-11-01,2015-11-01,2015-11-01,Same Day,UPI,120
OD6352,2018-04-24,2018-04-24,2018-04-26,2018-04-27,Express,Debit Card,90
OD6353,2018-04-24,2018-04-24,2018-04-24,2018-04-24,Same Day,UPI,150
OD6354,2015-11-01,2015-11-01,2015-11-01,2015-11-01,Same Day,Debit Card,120
OD6355,2016-02-27,2016-02-29,2016-03-05,2016-03-07,Standard,Credit Card,50
OD6357,2018-04-23,2018-04-23,2018-04-25,2018-04-27,Express,Debit Card,70
OD6358,2018-09-25,2018-09-25,2018-09-25,2018-09-25,Same Day,UPI,150
OD6359,2017-08-28,2017-08-28,2017-08-28,2017-08-28,Same Day,Credit Card,100
OD6360,2018-11-13,2018-11-13,2018-11-13,2018-11-13,Same Day,Credit Card,150
OD6361,2015-05-05,2015-05-05,2015-05-05,2015-05-05,Same Day,UPI,150
OD6363,2015-05-05,2015-05-05,2015-05-05,2015-05-05,Same Day,Cash,150
OD6364,2016-11-14,2016-11-14,2016-11-16,2016-11-19,Express,UPI,80
OD6367,2018-07-15,2018-07-15,2018-07-15,2018-07-15,Same Day,Debit Card,100
OD6368,2017-03-28,2017-03-28,2017-03-28,2017-03-28,Same Day,Cash,150
OD6369,2018-05-26,2018-05-27,2018-06-01,2018-06-01,Standard,Credit Card,50
OD6370,2018-05-26,2018-05-26,2018-05-26,2018-05-26,Same Day,Credit Card,120
OD6371,2016-11-14,2016-11-15,2016-11-17,2016-11-17,Express,Credit Card,80
OD6372,2018-07-15,2018-07-15,2018-07-17,2018-07-18,Express,Cash,80
OD6374,2017-11-26,2017-11-28,2017-11-30,2017-12-02,Express,Debit Card,90
OD6375,2016-02-06,2016-02-06,2016-02-08,2016-02-08,Express,Credit Card,80
OD6377,2018-04-16,2018-04-16,2018-04-16,2018-04-16,Same Day,Debit Card,120
OD6378,2017-11-26,2017-11-27,2017-11-29,2017-12-02,Express,Cash,90
OD6379,2016-02-06,2016-02-06,2016-02-08,2016-02-10,Express,Credit Card,70
OD6380,2017-02-01,2017-02-03,2017-02-05,2017-02-05,Express,Debit Card,90
OD6381,2018-05-18,2018-05-18,2018-05-18,2018-05-18,Same Day,Credit Card,150
OD6382,2017-11-26,2017-11-26,2017-11-26,2017-11-26,Same Day,Cash,120
OD6383,2017-09-03,2017-09-03,2017-09-03,2017-09-03,Same Day,UPI,120
OD6384,2018-08-27,2018-08-27,2018-08-27,2018-08-27,Same Day,Credit Card,120
OD6387,2017-11-06,2017-11-06,2017-11-06,2017-11-06,Same Day,Debit Card,150
OD6388,2017-11-06,2017-11-07,2017-11-09,2017-11-09,Express,Cash,80
OD6389,2016-07-02,2016-07-04,2016-07-06,2016-07-06,Express,Debit Card,80
OD6390,2016-06-11,2016-06-11,2016-06-11,2016-06-11,Same Day,Cash,120
OD6391,2018-07-03,2018-07-03,2018-07-03,2018-07-03,Same Day,Debit Card,100
OD6392,2018-05-09,2018-05-11,2018-05-13,2018-05-13,Express,UPI,80
OD6393,2018-09-14,2018-09-14,2018-09-16,2018-09-18,Express,Debit Card,80
OD6394,2017-05-05,2017-05-05,2017-05-05,2017-05-05,Same Day,Cash,150
OD6395,2015-03-19,2015-03-19,2015-03-19,2015-03-19,Same Day,Cash,120
OD6396,2015-10-20,2015-10-20,2015-10-20,2015-10-20,Same Day,Debit Card,120
OD6397,2018-09-14,2018-09-14,2018-09-14,2018-09-14,Same Day,Debit Card,100
OD6398,2015-03-19,2015-03-19,2015-03-24,2015-03-25,Standard,Credit Card,40
OD6399,2016-06-18,2016-06-18,2016-06-23,2016-06-25,Standard,UPI,50
OD6400,2016-06-11,2016-06-11,2016-06-11,2016-06-11,Same Day,Credit Card,100
OD6401,2016-08-13,2016-08-13,2016-08-13,2016-08-13,Same Day,Credit Card,150
OD6402,2016-06-11,2016-06-13,2016-06-18,2016-06-18,Standard,Cash,30
OD6404,2018-04-15,2018-04-15,2018-04-15,2018-04-15,Same Day,UPI,120
OD6406,2016-06-11,2016-06-11,2016-06-16,2016-06-16,Standard,Credit Card,50
OD6407,2015-03-19,2015-03-19,2015-03-19,2015-03-19,Same Day,Credit Card,100
OD6408,2015-07-05,2015-07-07,2015-07-09,2015-07-09,Express,Credit Card,90
OD6409,2018-01-02,2018-01-02,2018-01-02,2018-01-02,Same Day,Cash,100
OD6410,2018-01-02,2018-01-02,2018-01-07,2018-01-07,Standard,UPI,40
OD6412,2015-11-11,2015-11-12,2015-11-17,2015-11-17,Standard,Credit Card,30
OD6413,2018-04-13,2018-04-13,2018-04-13,2018-04-13,Same Day,Debit Card,150
OD6414,2018-09-21,2018-09-22,2018-09-24,2018-09-24,Express,UPI,70
OD6415,2016-09-28,2016-09-28,2016-10-03,2016-10-02,Standard,Cash,40
OD6416,2017-07-30,2017-07-30,2017-08-01,2017-08-01,Express,Credit Card,80
OD6417,2017-09-23,2017-09-25,2017-09-27,2017-09-27,Express,UPI,80
OD6418,2015-12-19,2015-12-19,2015-12-24,2015-12-23,Standard,Debit Card,50
OD6419,2016-09-13,2016-09-13,2016-09-13,2016-09-13,Same Day,Cash,150
OD6420,2018-03-28,2018-03-29,2018-04-03,2018-04-03,Standard,Cash,40
OD6421,2018-12-04,2018-12-04,2018-12-06,2018-12-06,Express,UPI,70
OD6422,2015-07-20,2015-07-20,2015-07-25,2015-07-27,Standard,Debit Card,50
OD6423,2018-12-02,2018-12-02,2018-12-02,2018-12-02,Same Day,Cash,120
OD6424,2018-12-02,2018-12-03,2018-12-05,2018-12-05,Express,Credit Card,70
OD6425,2018-09-30,2018-09-30,2018-09-30,2018-09-30,Same Day,Cash,120
OD6426,2016-03-19,2016-03-20,2016-03-22,2016-03-22,Express,Credit Card,90
OD6427,2015-10-28,2015-10-28,2015-10-30,2015-10-29,Express,UPI,70
OD6428,2015-10-28,2015-10-28,2015-10-28,2015-10-28,Same Day,Credit Card,120
OD6429,2015-11-17,2015-11-18,2015-11-23,2015-11-23,Standard,Credit Card,30
OD6430,2016-09-28,2016-09-30,2016-10-05,2016-10-04,Standard,UPI,30
OD6431,2017-09-23,2017-09-23,2017-09-23,2017-09-23,Same Day,Cash,120
OD6432,2016-11-16,2016-11-16,2016-11-16,2016-11-16,Same Day,UPI,100
OD6433,2016-10-10,2016-10-12,2016-10-17,2016-10-17,Standard,Debit Card,40
OD6434,2017-12-06,2017-12-06,2017-12-06,2017-12-06,Same Day,UPI,150
OD6435,2018-03-28,2018-03-28,2018-03-28,2018-03-28,Same Day,Debit Card,120
OD6436,2018-09-30,2018-09-30,2018-09-30,2018-09-30,Same Day,Cash,100
OD6437,2015-11-16,2015-11-16,2015-11-16,2015-11-16,Same Day,Debit Card,100
OD6438,2015-07-20,2015-07-22,2015-07-27,2015-07-27,Standard,Credit Card,50
OD6439,2016-03-19,2016-03-20,2016-03-25,2016-03-24,Standard,Cash,40
OD6440,2015-05-04,2015-05-04,2015-05-04,2015-05-04,Same Day,UPI,100
OD6441,2015-07-20,2015-07-20,2015-07-20,2015-07-20,Same Day,Cash,120
OD6442,2016-11-20,2016-11-20,2016-11-20,2016-11-20,Same Day,Cash,100
OD6443,2018-03-28,2018-03-28,2018-04-02,2018-04-02,Standard,Debit Card,40
OD6444,2015-12-19,2015-12-21,2015-12-23,2015-12-22,Express,UPI,90
OD6445,2016-11-12,2016-11-12,2016-11-14,2016-11-16,Express,UPI,70
OD6446,2018-10-15,2018-10-15,2018-10-15,2018-10-15,Same Day,Cash,150
OD6447,2017-12-24,2017-12-24,2017-12-24,2017-12-24,Same Day,Debit Card,150
OD6448,2015-10-28,2015-10-30,2015-11-04,2015-11-05,Standard,Cash,50
OD6449,2018-09-25,2018-09-25,2018-09-25,2018-09-25,Same Day,Debit Card,150
OD6450,2017-12-25,2017-12-27,2017-12-29,2017-12-29,Express,Cash,70
OD6451,2016-10-10,2016-10-10,2016-10-12,2016-10-11,Express,Cash,70
OD6452,2015-11-17,2015-11-18,2015-11-23,2015-11-22,Standard,Cash,50
OD6453,2018-03-28,2018-03-28,2018-04-02,2018-04-02,Standard,UPI,40
OD6454,2015-12-06,2015-12-06,2015-12-06,2015-12-06,Same Day,Credit Card,100
OD6455,2015-09-06,2015-09-06,2015-09-08,2015-09-08,Express,Credit Card,80
OD6456,2018-12-02,2018-12-02,2018-12-02,2018-12-02,Same Day,UPI,100
OD6457,2017-12-14,2017-12-14,2017-12-14,2017-12-14,Same Day,Debit Card,100
OD6458,2016-03-23,2016-03-23,2016-03-25,2016-03-25,Express,Cash,70
OD6459,2016-03-08,2016-03-09,2016-03-14,2016-03-17,Standard,Cash,40
OD6460,2018-08-04,2018-08-05,2018-08-07,2018-08-08,Express,Credit Card,90
OD6461,2018-10-21,2018-10-21,2018-10-21,2018-10-21,Same Day,Credit Card,100
OD6462,2015-07-04,2015-07-04,2015-07-04,2015-07-04,Same Day,Credit Card,120
OD6463,2017-09-11,2017-09-11,2017-09-13,2017-09-14,Express,UPI,90
OD6464,2015-04-04,2015-04-06,2015-04-11,2015-04-11,Standard,Credit Card,40
OD6465,2015-10-28,2015-10-30,2015-11-04,2015-11-04,Standard,Credit Card,30
OD6466,2017-03-15,2017-03-16,2017-03-18,2017-03-18,Express,UPI,90
OD6467,2017-05-05,2017-05-06,2017-05-08,2017-05-08,Express,Credit Card,70
OD6468,2015-11-11,2015-11-11,2015-11-13,2015-11-14,Express,Credit Card,80
OD6469,2015-10-02,2015-10-03,2015-10-05,2015-10-05,Express,Cash,80
OD6470,2017-09-11,2017-09-11,2017-09-16,2017-09-18,Standard,UPI,30
OD6471,2015-10-02,2015-10-02,2015-10-02,2015-10-02,Same Day,Credit Card,100
OD6472,2018-08-04,2018-08-06,2018-08-08,2018-08-07,Express,Debit Card,90
OD6473,2015-10-02,2015-10-03,2015-10-08,2015-10-08,Standard,Cash,50
OD6474,2016-09-13,2016-09-13,2016-09-13,2016-09-13,Same Day,UPI,120
OD6475,2017-10-20,2017-10-21,2017-10-26,2017-10-25,Standard,Credit Card,30
OD6476,2016-09-17,2016-09-17,2016-09-19,2016-09-19,Express,UPI,70
OD6477,2018-11-12,2018-11-13,2018-11-15,2018-11-16,Express,UPI,90
OD6478,2016-11-20,2016-11-20,2016-11-20,2016-11-20,Same Day,Cash,100
OD6479,2015-10-25,2015-10-27,2015-11-01,2015-11-02,Standard,UPI,40
OD6480,2017-09-11,2017-09-12,2017-09-14,2017-09-17,Express,Credit Card,90
OD6481,2015-07-04,2015-07-04,2015-07-09,2015-07-09,Standard,Debit Card,30
OD6482,2016-08-31,2016-09-01,2016-09-06,2016-09-05,Standard,Credit Card,30
OD6483,2018-04-13,2018-04-15,2018-04-17,2018-04-17,Express,Cash,80
OD6484,2016-11-14,2016-11-14,2016-11-19,2016-11-19,Standard,Cash,50
OD6485,2015-10-02,2015-10-02,2015-10-02,2015-10-02,Same Day,Credit Card,150
OD6486,2017-12-09,2017-12-11,2017-12-16,2017-12-16,Standard,Cash,40
OD6487,2018-01-14,2018-01-16,2018-01-21,2018-01-21,Standard,UPI,40
OD6488,2018-09-04,2018-09-05,2018-09-10,2018-09-10,Standard,UPI,40
OD6489,2018-11-10,2018-11-10,2018-11-10,2018-11-10,Same Day,Cash,150
OD6490,2018-11-24,2018-11-25,2018-11-30,2018-12-01,Standard,Cash,40
OD6491,2018-11-18,2018-11-18,2018-11-23,2018-11-23,Standard,Credit Card,50
OD6492,2018-05-20,2018-05-22,2018-05-24,2018-05-24,Express,Debit Card,90
OD6493,2018-11-18,2018-11-19,2018-11-21,2018-11-20,Express,Cash,80
OD6494,2018-12-26,2018-12-26,2018-12-31,2018-12-30,Standard,Cash,30
OD6495,2018-11-18,2018-11-18,2018-11-18,2018-11-18,Same Day,UPI,100
OD6496,2016-11-11,2016-11-12,2016-11-17,2016-11-17,Standard,Credit Card,30
OD6497,2016-11-11,2016-11-11,2016-11-11,2016-11-11,Same Day,Debit Card,100
OD6498,2018-03-24,2018-03-24,2018-03-26,2018-03-25,Express,Credit Card,90
OD6499,2015-09-26,2015-09-26,2015-09-28,2015-09-28,Express,Debit Card,90
OD6500,2018-03-02,2018-03-02,2018-03-02,2018-03-02,Same Day,Debit Card,100
OD6501,2015-12-12,2015-12-12,2015-12-17,2015-12-20,Standard,Debit Card,50
OD6502,2018-08-12,2018-08-13,2018-08-15,2018-08-17,Express,UPI,80
OD6503,2018-08-20,2018-08-20,2018-08-20,2018-08-20,Same Day,UPI,150
OD6506,2017-05-28,2017-05-28,2017-05-28,2017-05-28,Same Day,Credit Card,150
OD6507,2016-03-10,2016-03-12,2016-03-17,2016-03-17,Standard,UPI,50
OD6508,2017-07-21,2017-07-22,2017-07-24,2017-07-25,Express,Debit Card,80
OD6509,2017-07-21,2017-07-22,2017-07-27,2017-07-27,Standard,Credit Card,50
OD6510,2017-07-21,2017-07-21,2017-07-21,2017-07-21,Same Day,Debit Card,100
OD6511,2017-12-11,2017-12-11,2017-12-13,2017-12-13,Express,Cash,80
OD6512,2018-08-27,2018-08-27,2018-08-27,2018-08-27,Same Day,Debit Card,120
OD6513,2017-12-11,2017-12-11,2017-12-13,2017-12-15,Express,Credit Card,70
OD6514,2018-12-27,2018-12-27,2019-01-01,2019-01-01,Standard,Debit Card,40
OD6515,2017-11-23,2017-11-24,2017-11-26,2017-11-27,Express,UPI,80
OD6516,2017-07-03,2017-07-03,2017-07-03,2017-07-03,Same Day,Cash,150
OD6518,2015-09-30,2015-09-30,2015-09-30,2015-09-30,Same Day,UPI,100
OD6519,2017-12-12,2017-12-12,2017-12-12,2017-12-12,Same Day,Credit Card,120
OD6520,2017-07-21,2017-07-21,2017-07-23,2017-07-24,Express,UPI,80
OD6521,2018-03-05,2018-03-05,2018-03-05,2018-03-05,Same Day,Cash,120
OD6522,2015-05-09,2015-05-09,2015-05-09,2015-05-09,Same Day,Credit Card,150
OD6523,2015-05-09,2015-05-09,2015-05-09,2015-05-09,Same Day,UPI,150
OD6524,2018-03-05,2018-03-05,2018-03-05,2018-03-05,Same Day,Cash,120
OD6525,2015-05-09,2015-05-11,2015-05-13,2015-05-13,Express,Cash,70
OD6526,2018-03-05,2018-03-07,2018-03-09,2018-03-09,Express,Credit Card,90
OD6527,2015-05-09,2015-05-11,2015-05-16,2015-05-16,Standard,Credit Card,40
OD6528,2016-09-15,2016-09-15,2016-09-17,2016-09-17,Express,UPI,70
OD6529,2016-09-15,2016-09-16,2016-09-21,2016-09-21,Standard,Debit Card,40
OD6530,2017-08-01,2017-08-02,2017-08-07,2017-08-08,Standard,Cash,30
OD6531,2018-12-02,2018-12-02,2018-12-07,2018-12-07,Standard,Cash,50
OD6532,2017-06-26,2017-06-26,2017-06-26,2017-06-26,Same Day,Credit Card,150
OD6533,2016-12-07,2016-12-09,2016-12-14,2016-12-14,Standard,UPI,50
OD6534,2015-08-29,2015-08-29,2015-08-29,2015-08-29,Same Day,Credit Card,150
OD6535,2015-08-29,2015-08-29,2015-09-03,2015-09-02,Standard,Credit Card,50
OD6536,2017-06-26,2017-06-26,2017-06-28,2017-06-28,Express,Debit Card,70
OD6537,2018-12-02,2018-12-02,2018-12-02,2018-12-02,Same Day,UPI,150
OD6538,2017-03-03,2017-03-03,2017-03-03,2017-03-03,Same Day,Debit Card,150
OD6539,2018-09-01,2018-09-03,2018-09-05,2018-09-07,Express,Cash,70
OD6540,2017-06-26,2017-06-26,2017-07-01,2017-07-01,Standard,UPI,40
OD6541,2018-12-02,2018-12-03,2018-12-08,2018-12-08,Standard,UPI,50
OD6542,2018-09-26,2018-09-26,2018-10-01,2018-10-01,Standard,Credit Card,40
OD6543,2018-09-26,2018-09-26,2018-09-26,2018-09-26,Same Day,Debit Card,150
OD6544,2015-10-10,2015-10-10,2015-10-10,2015-10-10,Same Day,UPI,150
OD6545,2018-08-21,2018-08-23,2018-08-28,2018-08-28,Standard,Cash,40
OD6546,2018-09-10,2018-09-12,2018-09-14,2018-09-14,Express,Credit Card,80
OD6547,2018-12-02,2018-12-03,2018-12-05,2018-12-04,Express,Debit Card,90
OD6548,2017-06-28,2017-06-29,2017-07-04,2017-07-07,Standard,UPI,50
OD6549,2015-08-24,2015-08-24,2015-08-24,2015-08-24,Same Day,Credit Card,150
OD6550,2017-06-28,2017-06-28,2017-06-30,2017-06-29,Express,UPI,70
OD6551,2018-09-26,2018-09-26,2018-09-28,2018-09-28,Express,Cash,80
OD6552,2018-09-26,2018-09-26,2018-09-28,2018-09-28,Express,Debit Card,80
OD6554,2017-09-26,2017-09-27,2017-09-29,2017-09-29,Express,UPI,90
OD6555,2017-11-12,2017-11-12,2017-11-12,2017-11-12,Same Day,UPI,120
OD6556,2018-06-01,2018-06-02,2018-06-04,2018-06-04,Express,Credit Card,80
OD6557,2017-11-12,2017-11-12,2017-11-14,2017-11-14,Express,Cash,70
OD6558,2015-10-06,2015-10-06,2015-10-06,2015-10-06,Same Day,Debit Card,150
OD6559,2016-12-19,2016-12-19,2016-12-19,2016-12-19,Same Day,Debit Card,120
OD6560,2017-11-12,2017-11-14,2017-11-19,2017-11-19,Standard,UPI,30
OD6561,2017-07-25,2017-07-25,2017-07-25,2017-07-25,Same Day,UPI,120
OD6562,2017-08-13,2017-08-13,2017-08-13,2017-08-13,Same Day,Cash,150
OD6563,2017-05-27,2017-05-27,2017-05-27,2017-05-27,Same Day,Debit Card,120
OD6564,2017-05-27,2017-05-27,2017-05-29,2017-05-29,Express,Cash,70
OD6565,2016-12-19,2016-12-20,2016-12-25,2016-12-26,Standard,Credit Card,40
OD6566,2016-12-19,2016-12-21,2016-12-23,2016-12-23,Express,Credit Card,80
OD6567,2016-09-27,2016-09-27,2016-10-02,2016-10-05,Standard,UPI,50
OD6568,2015-12-03,2015-12-03,2015-12-05,2015-12-06,Express,Debit Card,70
OD6569,2016-09-27,2016-09-27,2016-09-29,2016-09-29,Express,Credit Card,90
OD6570,2015-06-10,2015-06-12,2015-06-14,2015-06-13,Express,Credit Card,70
OD6571,2018-08-10,2018-08-11,2018-08-16,2018-08-15,Standard,Debit Card,40
OD6572,2018-01-13,2018-01-13,2018-01-13,2018-01-13,Same Day,Credit Card,100
OD6573,2016-11-10,2016-11-10,2016-11-15,2016-11-15,Standard,UPI,50
OD6574,2015-11-18,2015-11-20,2015-11-25,2015-11-26,Standard,UPI,30
OD6575,2018-01-13,2018-01-13,2018-01-13,2018-01-13,Same Day,UPI,150
OD6576,2018-01-13,2018-01-13,2018-01-13,2018-01-13,Same Day,Debit Card,120
OD6577,2017-11-12,2017-11-13,2017-11-15,2017-11-17,Express,Credit Card,80
OD6578,2016-10-09,2016-10-09,2016-10-14,2016-10-15,Standard,Cash,30
OD6581,2016-12-31,2016-12-31,2016-12-31,2016-12-31,Same Day,Cash,100
OD6582,2017-11-12,2017-11-12,2017-11-12,2017-11-12,Same Day,Cash,120
OD6583,2016-10-09,2016-10-09,2016-10-09,2016-10-09,Same Day,Debit Card,150
OD6584,2017-07-07,2017-07-09,2017-07-11,2017-07-12,Express,Cash,80
OD6585,2017-08-27,2017-08-27,2017-08-29,2017-08-29,Express,Credit Card,80
OD6586,2016-05-31,2016-05-31,2016-05-31,2016-05-31,Same Day,Credit Card,150
OD6587,2016-11-21,2016-11-22,2016-11-24,2016-11-24,Express,UPI,80
OD6588,2017-08-01,2017-08-01,2017-08-01,2017-08-01,Same Day,Credit Card,100
OD6589,2015-09-14,2015-09-14,2015-09-14,2015-09-14,Same Day,Cash,100
OD6590,2017-09-05,2017-09-05,2017-09-05,2017-09-05,Same Day,Debit Card,120
OD6592,2017-11-27,2017-11-27,2017-12-02,2017-12-04,Standard,UPI,40
OD6593,2018-01-22,2018-01-22,2018-01-22,2018-01-22,Same Day,Cash,120
OD6594,2017-07-08,2017-07-08,2017-07-08,2017-07-08,Same Day,Credit Card,120
OD6595,2016-04-18,2016-04-18,2016-04-18,2016-04-18,Same Day,Credit Card,100
OD6596,2016-04-18,2016-04-18,2016-04-18,2016-04-18,Same Day,Debit Card,150
OD6597,2015-12-30,2015-12-30,2015-12-30,2015-12-30,Same Day,Credit Card,120
OD6598,2017-12-05,2017-12-06,2017-12-11,2017-12-11,Standard,Debit Card,30
OD6599,2016-04-18,2016-04-18,2016-04-18,2016-04-18,Same Day,Debit Card,150
OD6600,2017-12-09,2017-12-11,2017-12-16,2017-12-16,Standard,UPI,30
OD6601,2015-09-14,2015-09-14,2015-09-14,2015-09-14,Same Day,Debit Card,100
OD6602,2016-02-09,2016-02-09,2016-02-09,2016-02-09,Same Day,Debit Card,100
OD6603,2018-12-23,2018-12-24,2018-12-29,2018-12-31,Standard,UPI,40
OD6604,2016-07-30,2016-07-31,2016-08-05,2016-08-07,Standard,UPI,50
OD6605,2018-10-03,2018-10-03,2018-10-05,2018-10-05,Express,Credit Card,70
OD6606,2018-01-22,2018-01-22,2018-01-24,2018-01-24,Express,UPI,70
OD6607,2017-08-27,2017-08-27,2017-08-27,2017-08-27,Same Day,Debit Card,100
OD6608,2017-09-05,2017-09-07,2017-09-12,2017-09-15,Standard,UPI,40
OD6609,2018-05-12,2018-05-12,2018-05-12,2018-05-12,Same Day,Debit Card,120
OD6610,2015-05-20,2015-05-20,2015-05-22,2015-05-25,Express,Cash,80
OD6611,2016-05-31,2016-06-02,2016-06-07,2016-06-07,Standard,Debit Card,40
OD6612,2018-07-03,2018-07-03,2018-07-03,2018-07-03,Same Day,Credit Card,150
OD6613,2017-09-05,2017-09-05,2017-09-05,2017-09-05,Same Day,Credit Card,120
OD6614,2018-05-08,2018-05-09,2018-05-14,2018-05-16,Standard,Debit Card,30
OD6615,2017-12-23,2017-12-23,2017-12-23,2017-12-23,Same Day,Debit Card,120
OD6616,2017-07-07,2017-07-09,2017-07-11,2017-07-12,Express,Cash,70
OD6618,2016-04-18,2016-04-19,2016-04-21,2016-04-21,Express,Credit Card,90
OD6619,2017-12-09,2017-12-09,2017-12-09,2017-12-09,Same Day,UPI,100
OD6621,2015-09-14,2015-09-14,2015-09-19,2015-09-20,Standard,Debit Card,50
OD6622,2016-04-18,2016-04-18,2016-04-18,2016-04-18,Same Day,Debit Card,100
OD6623,2016-05-31,2016-05-31,2016-05-31,2016-05-31,Same Day,Credit Card,120
OD6624,2018-05-28,2018-05-29,2018-06-03,2018-06-04,Standard,Credit Card,30
OD6625,2015-12-30,2015-12-30,2015-12-30,2015-12-30,Same Day,Debit Card,120
OD6626,2018-07-21,2018-07-22,2018-07-24,2018-07-24,Express,UPI,90
OD6627,2018-12-23,2018-12-23,2018-12-23,2018-12-23,Same Day,Debit Card,150
OD6628,2018-05-12,2018-05-13,2018-05-15,2018-05-15,Express,Credit Card,70
OD6629,2018-10-02,2018-10-03,2018-10-08,2018-10-08,Standard,Cash,40
OD6630,2018-07-21,2018-07-21,2018-07-21,2018-07-21,Same Day,UPI,150
OD6631,2015-10-13,2015-10-14,2015-10-16,2015-10-18,Express,UPI,70
OD6632,2017-12-05,2017-12-05,2017-12-05,2017-12-05,Same Day,UPI,120
OD6633,2016-05-31,2016-06-02,2016-06-04,2016-06-03,Express,Credit Card,90
OD6634,2016-09-03,2016-09-03,2016-09-03,2016-09-03,Same Day,Credit Card,150
OD6635,2017-07-14,2017-07-14,2017-07-14,2017-07-14,Same Day,UPI,120
OD6637,2015-08-05,2015-08-05,2015-08-05,2015-08-05,Same Day,Debit Card,100
OD6638,2017-12-19,2017-12-21,2017-12-26,2017-12-26,Standard,Cash,50
OD6639,2018-11-09,2018-11-10,2018-11-15,2018-11-15,Standard,Credit Card,40
OD6640,2015-11-03,2015-11-03,2015-11-03,2015-11-03,Same Day,UPI,150
OD6641,2017-01-31,2017-01-31,2017-02-02,2017-02-01,Express,UPI,70
OD6642,2018-10-28,2018-10-30,2018-11-04,2018-11-04,Standard,Credit Card,50
OD6643,2016-11-07,2016-11-07,2016-11-07,2016-11-07,Same Day,Credit Card,100
OD6644,2015-09-09,2015-09-10,2015-09-12,2015-09-11,Express,UPI,70
OD6645,2016-09-15,2016-09-15,2016-09-15,2016-09-15,Same Day,Credit Card,100
OD6646,2016-01-02,2016-01-02,2016-01-07,2016-01-06,Standard,Cash,30
OD6647,2016-03-17,2016-03-19,2016-03-24,2016-03-24,Standard,Cash,30
OD6648,2015-08-05,2015-08-05,2015-08-05,2015-08-05,Same Day,UPI,100
OD6649,2016-03-26,2016-03-26,2016-03-28,2016-03-28,Express,Debit Card,80
OD6650,2016-01-02,2016-01-04,2016-01-06,2016-01-06,Express,Credit Card,90
OD6651,2015-07-14,2015-07-14,2015-07-19,2015-07-19,Standard,Cash,30
OD6652,2017-03-25,2017-03-25,2017-03-27,2017-03-27,Express,Credit Card,70
OD6653,2018-06-10,2018-06-11,2018-06-13,2018-06-13,Express,Debit Card,90
OD6654,2017-02-19,2017-02-19,2017-02-19,2017-02-19,Same Day,UPI,120
OD6655,2016-01-02,2016-01-04,2016-01-09,2016-01-10,Standard,Cash,40
OD6656,2015-09-09,2015-09-10,2015-09-12,2015-09-12,Express,Credit Card,80
OD6657,2018-11-09,2018-11-09,2018-11-09,2018-11-09,Same Day,Credit Card,120
OD6658,2018-11-17,2018-11-18,2018-11-20,2018-11-20,Express,Credit Card,80
OD6659,2017-02-19,2017-02-20,2017-02-25,2017-02-25,Standard,Debit Card,50
OD6660,2018-03-23,2018-03-23,2018-03-23,2018-03-23,Same Day,UPI,100
OD6661,2015-05-20,2015-05-20,2015-05-20,2015-05-20,Same Day,Cash,120
OD6662,2015-10-14,2015-10-15,2015-10-20,2015-10-20,Standard,Credit Card,30
OD6663,2018-04-30,2018-04-30,2018-04-30,2018-04-30,Same Day,Debit Card,150
OD6664,2017-06-06,2017-06-06,2017-06-08,2017-06-08,Express,Debit Card,90
OD6665,2018-03-24,2018-03-24,2018-03-24,2018-03-24,Same Day,Credit Card,100
OD6666,2015-02-07,2015-02-08,2015-02-13,2015-02-15,Standard,Debit Card,30
OD6667,2018-09-08,2018-09-10,2018-09-12,2018-09-12,Express,Cash,90
OD6668,2016-09-11,2016-09-11,2016-09-11,2016-09-11,Same Day,Debit Card,100
OD6669,2018-10-15,2018-10-16,2018-10-18,2018-10-18,Express,Credit Card,80
OD6670,2016-05-31,2016-05-31,2016-06-05,2016-06-06,Standard,Cash,50
OD6671,2016-10-05,2016-10-06,2016-10-11,2016-10-11,Standard,Credit Card,40
OD6672,2015-09-09,2015-09-09,2015-09-14,2015-09-14,Standard,Debit Card,40
OD6673,2015-10-14,2015-10-14,2015-10-19,2015-10-20,Standard,Credit Card,50
OD6674,2018-11-14,2018-11-14,2018-11-19,2018-11-20,Standard,Cash,30
OD6675,2018-12-22,2018-12-22,2018-12-22,2018-12-22,Same Day,Credit Card,120
OD6676,2017-07-14,2017-07-16,2017-07-21,2017-07-22,Standard,Debit Card,40
OD6677,2017-12-05,2017-12-06,2017-12-11,2017-12-11,Standard,Cash,50
OD6678,2016-11-07,2016-11-07,2016-11-09,2016-11-09,Express,Cash,90
OD6679,2017-07-14,2017-07-15,2017-07-20,2017-07-21,Standard,Debit Card,40
OD6680,2016-03-26,2016-03-28,2016-03-30,2016-03-30,Express,Cash,90
OD6681,2017-01-25,2017-01-26,2017-01-31,2017-02-02,Standard,UPI,50
OD6682,2015-04-22,2015-04-22,2015-04-24,2015-04-23,Express,Debit Card,70
OD6683,2015-05-20,2015-05-21,2015-05-23,2015-05-23,Express,Cash,90
OD6684,2018-11-09,2018-11-09,2018-11-09,2018-11-09,Same Day,Cash,100
OD6685,2016-12-21,2016-12-22,2016-12-27,2016-12-28,Standard,Debit Card,40
OD6686,2016-09-24,2016-09-24,2016-09-24,2016-09-24,Same Day,Credit Card,120
OD6687,2017-07-14,2017-07-14,2017-07-19,2017-07-19,Standard,UPI,50
OD6688,2017-06-18,2017-06-19,2017-06-24,2017-06-24,Standard,UPI,30
OD6689,2017-03-13,2017-03-14,2017-03-19,2017-03-19,Standard,Debit Card,30
OD6690,2018-11-02,2018-11-02,2018-11-07,2018-11-06,Standard,Debit Card,50
OD6691,2015-09-26,2015-09-28,2015-10-03,2015-10-04,Standard,Cash,30
OD6692,2017-06-18,2017-06-18,2017-06-23,2017-06-23,Standard,Credit Card,50
OD6694,2017-07-14,2017-07-14,2017-07-19,2017-07-19,Standard,Cash,50
OD6695,2016-09-15,2016-09-15,2016-09-15,2016-09-15,Same Day,Cash,150
OD6696,2017-12-19,2017-12-21,2017-12-23,2017-12-23,Express,Credit Card,70
OD6697,2015-04-22,2015-04-22,2015-04-27,2015-04-28,Standard,Cash,50
OD6698,2016-06-28,2016-06-28,2016-06-28,2016-06-28,Same Day,Cash,150
OD6699,2017-10-09,2017-10-09,2017-10-14,2017-10-14,Standard,Debit Card,40
OD6701,2017-01-25,2017-01-27,2017-01-29,2017-01-30,Express,Debit Card,70
OD6702,2017-03-13,2017-03-13,2017-03-15,2017-03-15,Express,UPI,90
OD6703,2017-03-13,2017-03-14,2017-03-16,2017-03-15,Express,Credit Card,90
OD6704,2016-02-10,2016-02-10,2016-02-10,2016-02-10,Same Day,Cash,120
OD6705,2015-03-17,2015-03-17,2015-03-22,2015-03-24,Standard,Debit Card,50
OD6706,2018-08-15,2018-08-15,2018-08-15,2018-08-15,Same Day,Cash,150
OD6707,2018-08-29,2018-08-31,2018-09-05,2018-09-06,Standard,UPI,40
OD6708,2018-11-16,2018-11-17,2018-11-22,2018-11-23,Standard,Cash,30
OD6709,2018-11-23,2018-11-25,2018-11-30,2018-11-30,Standard,Debit Card,30
OD6710,2017-07-21,2017-07-22,2017-07-27,2017-07-30,Standard,Credit Card,50
OD6712,2017-06-18,2017-06-19,2017-06-21,2017-06-20,Express,UPI,70
OD6713,2017-03-13,2017-03-15,2017-03-17,2017-03-17,Express,UPI,80
OD6715,2018-01-26,2018-01-28,2018-02-02,2018-02-02,Standard,Credit Card,50
OD6716,2016-12-14,2016-12-15,2016-12-20,2016-12-21,Standard,UPI,30
OD6717,2017-07-16,2017-07-16,2017-07-21,2017-07-22,Standard,Debit Card,30
OD6718,2018-11-02,2018-11-02,2018-11-04,2018-11-05,Express,UPI,90
OD6719,2016-01-13,2016-01-13,2016-01-13,2016-01-13,Same Day,Cash,100
OD6720,2016-08-07,2016-08-07,2016-08-07,2016-08-07,Same Day,Cash,120
OD6721,2018-12-23,2018-12-23,2018-12-23,2018-12-23,Same Day,UPI,100
OD6722,2015-04-05,2015-04-07,2015-04-12,2015-04-12,Standard,Debit Card,30
OD6723,2015-03-11,2015-03-12,2015-03-14,2015-03-16,Express,Cash,70
OD6724,2017-07-16,2017-07-18,2017-07-20,2017-07-20,Express,UPI,90
OD6725,2016-12-31,2017-01-01,2017-01-03,2017-01-03,Express,Debit Card,90
OD6726,2015-12-13,2015-12-13,2015-12-18,2015-12-18,Standard,UPI,30
OD6727,2015-11-28,2015-11-29,2015-12-04,2015-12-03,Standard,Credit Card,50
OD6728,2018-12-23,2018-12-23,2018-12-28,2018-12-28,Standard,Cash,40
OD6729,2016-05-15,2016-05-15,2016-05-15,2016-05-15,Same Day,Cash,150
OD6730,2015-03-11,2015-03-11,2015-03-13,2015-03-13,Express,Debit Card,80
OD6731,2015-10-18,2015-10-18,2015-10-23,2015-10-24,Standard,UPI,40
OD6732,2017-11-28,2017-11-28,2017-11-28,2017-11-28,Same Day,UPI,120
OD6733,2015-08-24,2015-08-26,2015-08-28,2015-08-28,Express,Debit Card,90
OD6734,2015-11-28,2015-11-28,2015-11-28,2015-11-28,Same Day,Debit Card,100
OD6735,2018-03-31,2018-04-01,2018-04-03,2018-04-03,Express,Cash,90
OD6736,2016-12-31,2016-12-31,2017-01-02,2017-01-01,Express,Credit Card,90
OD6739,2018-12-23,2018-12-23,2018-12-23,2018-12-23,Same Day,Debit Card,150
OD6740,2018-11-02,2018-11-04,2018-11-06,2018-11-08,Express,Credit Card,80
OD6741,2016-12-31,2016-12-31,2017-01-02,2017-01-02,Express,Cash,90
OD6742,2017-07-16,2017-07-16,2017-07-18,2017-07-21,Express,Credit Card,90
OD6744,2018-11-03,2018-11-03,2018-11-08,2018-11-08,Standard,Debit Card,50
OD6745,2015-04-05,2015-04-05,2015-04-05,2015-04-05,Same Day,UPI,100
OD6746,2017-12-01,2017-12-03,2017-12-05,2017-12-06,Express,Debit Card,70
OD6747,2016-07-13,2016-07-15,2016-07-20,2016-07-19,Standard,Credit Card,50
OD6748,2017-11-28,2017-11-29,2017-12-04,2017-12-04,Standard,Credit Card,50
OD6750,2017-12-01,2017-12-02,2017-12-04,2017-12-04,Express,Credit Card,90
OD6751,2018-01-26,2018-01-28,2018-01-30,2018-01-30,Express,Credit Card,70
OD6752,2015-04-05,2015-04-05,2015-04-07,2015-04-07,Express,Cash,70
OD6753,2015-04-05,2015-04-06,2015-04-11,2015-04-11,Standard,UPI,40
OD6754,2015-11-28,2015-11-28,2015-11-30,2015-11-30,Express,UPI,80
OD6755,2018-11-24,2018-11-24,2018-11-29,2018-11-29,Standard,Credit Card,30
OD6756,2017-07-16,2017-07-16,2017-07-16,2017-07-16,Same Day,Cash,100
OD6757,2016-12-31,2016-12-31,2016-12-31,2016-12-31,Same Day,Credit Card,120
OD6759,2017-11-04,2017-11-05,2017-11-10,2017-11-10,Standard,Cash,50
OD6760,2017-11-04,2017-11-06,2017-11-08,2017-11-08,Express,UPI,70
OD6761,2018-04-01,2018-04-02,2018-04-07,2018-04-07,Standard,Cash,30
OD6762,2015-11-12,2015-11-13,2015-11-15,2015-11-17,Express,Debit Card,80
OD6763,2015-11-04,2015-11-04,2015-11-09,2015-11-09,Standard,Debit Card,40
OD6764,2018-04-01,2018-04-01,2018-04-01,2018-04-01,Same Day,Cash,120
OD6765,2018-11-18,2018-11-19,2018-11-21,2018-11-22,Express,Credit Card,80
OD6766,2016-09-07,2016-09-08,2016-09-10,2016-09-10,Express,UPI,90
OD6767,2017-03-04,2017-03-05,2017-03-10,2017-03-10,Standard,Credit Card,30
OD6768,2018-11-18,2018-11-19,2018-11-21,2018-11-20,Express,Credit Card,70
OD6769,2018-11-11,2018-11-12,2018-11-17,2018-11-19,Standard,Credit Card,50
OD6770,2015-11-04,2015-11-04,2015-11-04,2015-11-04,Same Day,Credit Card,120
OD6771,2018-11-18,2018-11-20,2018-11-22,2018-11-22,Express,UPI,80
OD6772,2017-05-26,2017-05-26,2017-05-31,2017-05-31,Standard,Cash,30
OD6773,2018-05-19,2018-05-21,2018-05-26,2018-05-29,Standard,Debit Card,30
OD6774,2018-11-18,2018-11-18,2018-11-20,2018-11-23,Express,UPI,90
OD6775,2017-12-09,2017-12-10,2017-12-12,2017-12-12,Express,Cash,90
OD6776,2018-04-10,2018-04-10,2018-04-10,2018-04-10,Same Day,UPI,150
OD6777,2016-07-05,2016-07-06,2016-07-11,2016-07-12,Standard,Debit Card,50
OD6778,2018-11-18,2018-11-20,2018-11-22,2018-11-23,Express,Cash,90
OD6780,2018-12-08,2018-12-10,2018-12-12,2018-12-12,Express,Cash,90
OD6781,2017-08-15,2017-08-16,2017-08-21,2017-08-20,Standard,Cash,40
OD6783,2016-12-14,2016-12-14,2016-12-14,2016-12-14,Same Day,Credit Card,100
OD6784,2018-12-06,2018-12-06,2018-12-06,2018-12-06,Same Day,Cash,100
OD6785,2018-08-03,2018-08-04,2018-08-09,2018-08-10,Standard,Credit Card,30
OD6786,2018-07-21,2018-07-22,2018-07-27,2018-07-28,Standard,Credit Card,50
OD6787,2017-01-28,2017-01-28,2017-01-30,2017-02-01,Express,UPI,80
OD6788,2017-08-26,2017-08-26,2017-08-31,2017-08-31,Standard,Debit Card,40
OD6789,2015-03-26,2015-03-26,2015-03-26,2015-03-26,Same Day,Credit Card,150
OD6790,2018-10-19,2018-10-19,2018-10-19,2018-10-19,Same Day,Credit Card,150
OD6791,2018-02-18,2018-02-19,2018-02-24,2018-02-25,Standard,Credit Card,40
OD6792,2017-07-22,2017-07-24,2017-07-26,2017-07-27,Express,UPI,90
OD6793,2016-09-19,2016-09-20,2016-09-22,2016-09-21,Express,Cash,90
OD6794,2016-12-06,2016-12-06,2016-12-06,2016-12-06,Same Day,UPI,150
OD6795,2015-09-07,2015-09-07,2015-09-07,2015-09-07,Same Day,Credit Card,120
OD6796,2016-12-12,2016-12-13,2016-12-18,2016-12-18,Standard,Cash,30
OD6797,2018-07-17,2018-07-18,2018-07-23,2018-07-26,Standard,Cash,50
OD6798,2018-05-03,2018-05-03,2018-05-05,2018-05-05,Express,UPI,90
OD6799,2017-09-24,2017-09-24,2017-09-24,2017-09-24,Same Day,Credit Card,150
OD6800,2015-07-27,2015-07-29,2015-07-31,2015-07-31,Express,Credit Card,90
OD6801,2018-03-06,2018-03-07,2018-03-12,2018-03-13,Standard,Debit Card,30
OD6802,2018-09-17,2018-09-18,2018-09-20,2018-09-22,Express,UPI,90
OD6803,2017-09-23,2017-09-25,2017-09-30,2017-10-03,Standard,Cash,30
OD6804,2016-09-22,2016-09-23,2016-09-28,2016-09-27,Standard,Cash,30
OD6805,2015-04-06,2015-04-06,2015-04-06,2015-04-06,Same Day,Credit Card,150
OD6806,2018-12-10,2018-12-10,2018-12-10,2018-12-10,Same Day,Credit Card,120
OD6807,2016-12-04,2016-12-04,2016-12-06,2016-12-07,Express,Debit Card,70
OD6808,2018-12-16,2018-12-18,2018-12-20,2018-12-20,Express,Credit Card,70
OD6809,2018-08-27,2018-08-27,2018-08-27,2018-08-27,Same Day,Credit Card,100
OD6810,2018-04-15,2018-04-15,2018-04-15,2018-04-15,Same Day,Debit Card,120
OD6811,2015-10-19,2015-10-19,2015-10-19,2015-10-19,Same Day,Credit Card,100
OD6812,2018-09-11,2018-09-11,2018-09-11,2018-09-11,Same Day,Debit Card,150
OD6813,2015-06-09,2015-06-10,2015-06-15,2015-06-15,Standard,UPI,50
OD6814,2018-09-17,2018-09-18,2018-09-20,2018-09-20,Express,Cash,90
OD6815,2018-06-27,2018-06-27,2018-07-02,2018-07-04,Standard,UPI,40
OD6816,2017-03-13,2017-03-14,2017-03-16,2017-03-16,Express,UPI,70
OD6817,2015-11-15,2015-11-16,2015-11-21,2015-11-21,Standard,Debit Card,50
OD6818,2018-08-27,2018-08-27,2018-08-27,2018-08-27,Same Day,Cash,150
OD6819,2017-03-12,2017-03-12,2017-03-14,2017-03-14,Express,Credit Card,70
OD6820,2015-11-25,2015-11-25,2015-11-25,2015-11-25,Same Day,Cash,120
OD6821,2015-09-07,2015-09-07,2015-09-07,2015-09-07,Same Day,Cash,100
OD6822,2017-03-12,2017-03-12,2017-03-14,2017-03-13,Express,UPI,80
OD6823,2015-06-30,2015-07-01,2015-07-03,2015-07-04,Express,Cash,70
OD6824,2018-12-16,2018-12-16,2018-12-16,2018-12-16,Same Day,Debit Card,100
OD6825,2016-09-27,2016-09-27,2016-09-27,2016-09-27,Same Day,UPI,120
OD6826,2018-07-17,2018-07-17,2018-07-19,2018-07-20,Express,Credit Card,80
OD6827,2016-10-31,2016-11-02,2016-11-07,2016-11-08,Standard,Credit Card,50
OD6828,2015-10-19,2015-10-19,2015-10-24,2015-10-24,Standard,UPI,40
OD6829,2018-09-17,2018-09-17,2018-09-17,2018-09-17,Same Day,UPI,120
OD6830,2018-07-17,2018-07-17,2018-07-22,2018-07-22,Standard,Cash,50
OD6831,2017-09-24,2017-09-25,2017-09-30,2017-09-30,Standard,Credit Card,30
OD6832,2016-12-12,2016-12-12,2016-12-17,2016-12-18,Standard,Cash,50
OD6833,2018-08-27,2018-08-27,2018-09-01,2018-09-01,Standard,Cash,50
OD6834,2017-02-21,2017-02-23,2017-02-25,2017-02-25,Express,Cash,70
OD6835,2017-03-12,2017-03-12,2017-03-12,2017-03-12,Same Day,UPI,120
OD6836,2018-12-10,2018-12-10,2018-12-10,2018-12-10,Same Day,Debit Card,150
OD6837,2018-08-27,2018-08-29,2018-09-03,2018-09-03,Standard,Credit Card,40
OD6838,2015-11-25,2015-11-26,2015-12-01,2015-12-01,Standard,Debit Card,30
OD6839,2018-11-25,2018-11-25,2018-11-25,2018-11-25,Same Day,Cash,100
OD6840,2018-08-21,2018-08-23,2018-08-28,2018-08-31,Standard,UPI,30
OD6841,2018-03-18,2018-03-18,2018-03-18,2018-03-18,Same Day,Cash,120
OD6842,2018-06-10,2018-06-10,2018-06-15,2018-06-15,Standard,Cash,50
OD6843,2015-06-09,2015-06-09,2015-06-09,2015-06-09,Same Day,UPI,150
OD6844,2015-11-18,2015-11-18,2015-11-18,2015-11-18,Same Day,UPI,150
OD6845,2018-08-31,2018-08-31,2018-09-05,2018-09-04,Standard,Cash,50
OD6846,2018-05-03,2018-05-03,2018-05-03,2018-05-03,Same Day,Debit Card,120
OD6847,2018-10-19,2018-10-19,2018-10-19,2018-10-19,Same Day,Credit Card,150
OD6848,2016-10-31,2016-11-02,2016-11-07,2016-11-07,Standard,UPI,40
OD6849,2015-06-25,2015-06-25,2015-06-25,2015-06-25,Same Day,Credit Card,150
OD6850,2015-10-19,2015-10-20,2015-10-22,2015-10-24,Express,Debit Card,90
OD6851,2017-11-04,2017-11-05,2017-11-07,2017-11-06,Express,UPI,80
OD6852,2017-03-10,2017-03-10,2017-03-10,2017-03-10,Same Day,Credit Card,120
OD6853,2015-02-04,2015-02-05,2015-02-07,2015-02-07,Express,UPI,80
OD6854,2018-08-27,2018-08-28,2018-08-30,2018-08-30,Express,Cash,90
OD6855,2015-04-06,2015-04-06,2015-04-06,2015-04-06,Same Day,Debit Card,150
OD6856,2017-08-02,2017-08-03,2017-08-08,2017-08-11,Standard,Credit Card,40
OD6857,2015-08-23,2015-08-25,2015-08-27,2015-08-27,Express,Cash,70
OD6858,2016-12-14,2016-12-15,2016-12-17,2016-12-18,Express,Debit Card,70
OD6859,2015-08-19,2015-08-20,2015-08-25,2015-08-28,Standard,UPI,50
OD6860,2016-10-31,2016-10-31,2016-11-05,2016-11-05,Standard,UPI,50
OD6861,2018-08-01,2018-08-02,2018-08-04,2018-08-04,Express,Credit Card,80
OD6862,2018-12-16,2018-12-16,2018-12-21,2018-12-20,Standard,Cash,40
OD6863,2018-09-17,2018-09-17,2018-09-19,2018-09-20,Express,Debit Card,80
OD6864,2016-12-14,2016-12-15,2016-12-20,2016-12-20,Standard,Debit Card,50
OD6865,2017-08-04,2017-08-05,2017-08-10,2017-08-10,Standard,UPI,40
OD6866,2017-08-04,2017-08-04,2017-08-09,2017-08-09,Standard,Debit Card,40
OD6867,2016-02-03,2016-02-03,2016-02-03,2016-02-03,Same Day,Cash,100
OD6868,2018-09-17,2018-09-17,2018-09-17,2018-09-17,Same Day,Credit Card,100
OD6869,2018-09-17,2018-09-19,2018-09-21,2018-09-23,Express,UPI,90
OD6870,2018-11-10,2018-11-10,2018-11-15,2018-11-14,Standard,UPI,30
OD6871,2018-02-20,2018-02-21,2018-02-26,2018-02-25,Standard,Credit Card,50
OD6872,2017-11-04,2017-11-04,2017-11-06,2017-11-07,Express,Debit Card,80
OD6873,2015-01-18,2015-01-18,2015-01-23,2015-01-23,Standard,Debit Card,30
OD6874,2017-09-29,2017-10-01,2017-10-03,2017-10-03,Express,Cash,70
OD6875,2017-02-21,2017-02-23,2017-02-28,2017-02-28,Standard,Cash,30
OD6876,2015-03-26,2015-03-26,2015-03-26,2015-03-26,Same Day,Credit Card,100
OD6877,2018-10-20,2018-10-20,2018-10-20,2018-10-20,Same Day,Debit Card,120
OD6878,2016-06-07,2016-06-07,2016-06-12,2016-06-13,Standard,Cash,40
OD6879,2018-12-16,2018-12-16,2018-12-21,2018-12-21,Standard,Debit Card,50
OD6880,2016-10-31,2016-11-02,2016-11-07,2016-11-07,Standard,Debit Card,50
OD6881,2015-09-07,2015-09-08,2015-09-10,2015-09-10,Express,Cash,70
OD6882,2016-11-21,2016-11-23,2016-11-25,2016-11-25,Express,Cash,80
OD6883,2016-11-21,2016-11-21,2016-11-23,2016-11-23,Express,Credit Card,90
OD6884,2015-10-19,2015-10-19,2015-10-19,2015-10-19,Same Day,Cash,120
OD6885,2017-02-21,2017-02-23,2017-02-25,2017-02-25,Express,Cash,90
OD6886,2018-02-11,2018-02-11,2018-02-11,2018-02-11,Same Day,UPI,120
OD6887,2017-11-04,2017-11-06,2017-11-08,2017-11-08,Express,Credit Card,90
OD6888,2017-11-04,2017-11-04,2017-11-04,2017-11-04,Same Day,Debit Card,100
OD6889,2017-08-21,2017-08-22,2017-08-24,2017-08-24,Express,Debit Card,80
OD6890,2015-06-25,2015-06-25,2015-06-25,2015-06-25,Same Day,Debit Card,120
OD6891,2018-12-28,2018-12-28,2018-12-30,2018-12-30,Express,Debit Card,90
OD6892,2016-12-25,2016-12-25,2016-12-27,2016-12-27,Express,UPI,90
OD6893,2016-09-21,2016-09-21,2016-09-21,2016-09-21,Same Day,Credit Card,150
OD6894,2017-09-25,2017-09-26,2017-10-01,2017-10-02,Standard,Debit Card,50
OD6895,2017-11-20,2017-11-20,2017-11-20,2017-11-20,Same Day,Debit Card,150
OD6897,2015-06-28,2015-06-28,2015-06-28,2015-06-28,Same Day,Cash,100
OD6898,2016-12-10,2016-12-10,2016-12-10,2016-12-10,Same Day,UPI,150
OD6900,2017-10-02,2017-10-02,2017-10-02,2017-10-02,Same Day,UPI,150
OD6901,2016-12-10,2016-12-10,2016-12-10,2016-12-10,Same Day,Debit Card,150
OD6902,2017-10-02,2017-10-02,2017-10-07,2017-10-07,Standard,Cash,30
OD6903,2018-12-09,2018-12-09,2018-12-14,2018-12-14,Standard,Credit Card,50
OD6904,2018-07-20,2018-07-20,2018-07-20,2018-07-20,Same Day,UPI,120
OD6905,2017-11-10,2017-11-10,2017-11-12,2017-11-12,Express,Cash,70
OD6906,2017-01-03,2017-01-03,2017-01-05,2017-01-05,Express,UPI,90
OD6907,2018-05-13,2018-05-13,2018-05-13,2018-05-13,Same Day,UPI,150
OD6908,2015-11-24,2015-11-24,2015-11-24,2015-11-24,Same Day,Cash,120
OD6909,2018-07-20,2018-07-20,2018-07-20,2018-07-20,Same Day,UPI,100
OD6910,2017-11-20,2017-11-21,2017-11-23,2017-11-23,Express,Cash,80
OD6911,2015-10-29,2015-10-29,2015-10-29,2015-10-29,Same Day,UPI,100
OD6912,2018-07-13,2018-07-15,2018-07-20,2018-07-20,Standard,Cash,50
OD6913,2018-12-09,2018-12-09,2018-12-14,2018-12-14,Standard,Debit Card,40
OD6914,2018-12-29,2018-12-30,2019-01-04,2019-01-04,Standard,Debit Card,30
OD6915,2015-11-24,2015-11-25,2015-11-27,2015-11-27,Express,UPI,70
OD6916,2016-06-05,2016-06-05,2016-06-05,2016-06-05,Same Day,UPI,120
OD6917,2018-05-13,2018-05-15,2018-05-20,2018-05-20,Standard,UPI,30
OD6918,2017-10-02,2017-10-02,2017-10-02,2017-10-02,Same Day,Credit Card,150
OD6919,2018-07-13,2018-07-15,2018-07-17,2018-07-17,Express,Debit Card,90
OD6920,2018-12-17,2018-12-17,2018-12-17,2018-12-17,Same Day,Credit Card,120
OD6921,2017-10-31,2017-10-31,2017-10-31,2017-10-31,Same Day,Credit Card,120
OD6922,2017-10-31,2017-11-01,2017-11-03,2017-11-04,Express,Credit Card,70
OD6923,2018-05-13,2018-05-14,2018-05-19,2018-05-18,Standard,UPI,30
OD6924,2018-11-27,2018-11-27,2018-12-02,2018-12-01,Standard,Cash,30
OD6925,2016-01-04,2016-01-04,2016-01-04,2016-01-04,Same Day,Debit Card,150
OD6926,2018-11-02,2018-11-02,2018-11-04,2018-11-04,Express,UPI,70
OD6927,2015-07-15,2015-07-15,2015-07-15,2015-07-15,Same Day,Debit Card,120
OD6928,2017-11-20,2017-11-20,2017-11-20,2017-11-20,Same Day,UPI,150
OD6929,2018-05-13,2018-05-13,2018-05-15,2018-05-16,Express,Debit Card,70
OD6930,2016-12-25,2016-12-25,2016-12-25,2016-12-25,Same Day,Debit Card,120
OD6931,2015-11-24,2015-11-24,2015-11-24,2015-11-24,Same Day,UPI,120
OD6932,2017-09-12,2017-09-12,2017-09-12,2017-09-12,Same Day,Debit Card,150
OD6933,2016-09-05,2016-09-06,2016-09-11,2016-09-11,Standard,Cash,30
OD6934,2017-09-04,2017-09-04,2017-09-04,2017-09-04,Same Day,Cash,100
OD6935,2017-10-31,2017-10-31,2017-10-31,2017-10-31,Same Day,Cash,120
OD6936,2016-07-31,2016-07-31,2016-07-31,2016-07-31,Same Day,UPI,120
OD6937,2015-11-24,2015-11-24,2015-11-24,2015-11-24,Same Day,Cash,150
OD6938,2015-06-01,2015-06-01,2015-06-03,2015-06-06,Express,Debit Card,80
OD6939,2018-07-31,2018-08-01,2018-08-03,2018-08-05,Express,UPI,90
OD6940,2016-11-29,2016-11-29,2016-11-29,2016-11-29,Same Day,Debit Card,150
OD6941,2018-09-22,2018-09-24,2018-09-26,2018-09-26,Express,Credit Card,90
OD6942,2017-09-17,2017-09-17,2017-09-19,2017-09-19,Express,UPI,70
OD6943,2017-05-19,2017-05-19,2017-05-19,2017-05-19,Same Day,Cash,150
OD6944,2017-03-08,2017-03-09,2017-03-14,2017-03-13,Standard,UPI,40
OD6945,2018-06-01,2018-06-01,2018-06-01,2018-06-01,Same Day,Credit Card,150
OD6946,2018-07-20,2018-07-20,2018-07-20,2018-07-20,Same Day,Cash,100
OD6947,2018-10-21,2018-10-22,2018-10-24,2018-10-25,Express,Debit Card,90
OD6948,2015-12-16,2015-12-17,2015-12-19,2015-12-19,Express,Credit Card,80
OD6949,2016-01-04,2016-01-04,2016-01-06,2016-01-06,Express,Debit Card,90
OD6950,2018-07-31,2018-08-02,2018-08-04,2018-08-06,Express,Credit Card,70
OD6951,2018-11-02,2018-11-02,2018-11-02,2018-11-02,Same Day,Cash,150
OD6952,2016-10-19,2016-10-20,2016-10-22,2016-10-22,Express,Cash,90
OD6953,2018-10-21,2018-10-22,2018-10-27,2018-10-27,Standard,Credit Card,50
OD6954,2015-11-28,2015-11-29,2015-12-01,2015-11-30,Express,Debit Card,80
OD6955,2018-11-27,2018-11-27,2018-11-29,2018-11-30,Express,Credit Card,70
OD6956,2016-05-04,2016-05-04,2016-05-04,2016-05-04,Same Day,UPI,150
OD6957,2015-12-31,2016-01-02,2016-01-04,2016-01-04,Express,Cash,80
OD6958,2017-10-02,2017-10-04,2017-10-09,2017-10-09,Standard,Debit Card,30
OD6959,2018-07-20,2018-07-22,2018-07-27,2018-07-29,Standard,UPI,40
OD6960,2017-01-08,2017-01-10,2017-01-12,2017-01-15,Express,Debit Card,80
OD6961,2017-12-23,2017-12-24,2017-12-29,2017-12-30,Standard,Debit Card,40
OD6962,2016-12-04,2016-12-06,2016-12-08,2016-12-08,Express,Credit Card,70
OD6963,2017-12-02,2017-12-02,2017-12-07,2017-12-08,Standard,Credit Card,40
OD6964,2018-09-22,2018-09-22,2018-09-27,2018-09-27,Standard,Cash,30
OD6965,2018-08-15,2018-08-15,2018-08-15,2018-08-15,Same Day,Cash,100
OD6966,2018-05-07,2018-05-08,2018-05-10,2018-05-10,Express,Credit Card,80
OD6967,2017-03-08,2017-03-08,2017-03-10,2017-03-12,Express,Cash,70
OD6968,2015-06-01,2015-06-02,2015-06-04,2015-06-04,Express,Credit Card,80
OD6969,2017-12-09,2017-12-11,2017-12-13,2017-12-15,Express,Cash,90
OD6971,2017-03-21,2017-03-21,2017-03-21,2017-03-21,Same Day,Cash,120
OD6972,2015-11-21,2015-11-21,2015-11-26,2015-11-26,Standard,Credit Card,30
OD6973,2015-11-25,2015-11-27,2015-12-02,2015-12-02,Standard,UPI,50
OD6974,2017-02-16,2017-02-17,2017-02-19,2017-02-19,Express,UPI,90
OD6975,2018-06-29,2018-06-29,2018-06-29,2018-06-29,Same Day,Cash,150
OD6976,2015-12-23,2015-12-23,2015-12-23,2015-12-23,Same Day,Cash,100
OD6977,2016-11-12,2016-11-12,2016-11-14,2016-11-14,Express,Debit Card,70
OD6978,2017-09-08,2017-09-09,2017-09-14,2017-09-13,Standard,UPI,50
OD6979,2016-11-21,2016-11-21,2016-11-21,2016-11-21,Same Day,UPI,100
OD6980,2018-10-27,2018-10-27,2018-11-01,2018-11-01,Standard,Credit Card,50
OD6981,2015-12-31,2015-12-31,2016-01-05,2016-01-05,Standard,Credit Card,40
OD6982,2016-11-03,2016-11-05,2016-11-10,2016-11-09,Standard,Cash,30
OD6983,2015-11-29,2015-11-30,2015-12-05,2015-12-06,Standard,UPI,30
OD6984,2018-07-29,2018-07-29,2018-07-29,2018-07-29,Same Day,Cash,120
OD6985,2015-11-25,2015-11-25,2015-11-25,2015-11-25,Same Day,Cash,120
OD6986,2018-11-23,2018-11-23,2018-11-23,2018-11-23,Same Day,Cash,150
OD6987,2015-12-09,2015-12-11,2015-12-13,2015-12-13,Express,Cash,70
OD6988,2017-05-09,2017-05-11,2017-05-13,2017-05-14,Express,Credit Card,70
OD6989,2016-01-03,2016-01-04,2016-01-06,2016-01-05,Express,Cash,90
OD6990,2017-06-20,2017-06-20,2017-06-20,2017-06-20,Same Day,Debit Card,150
OD6991,2018-10-27,2018-10-29,2018-10-31,2018-10-31,Express,UPI,90
OD6992,2015-07-09,2015-07-09,2015-07-11,2015-07-11,Express,Cash,90
OD6993,2017-11-03,2017-11-05,2017-11-07,2017-11-09,Express,Debit Card,90
OD6994,2017-12-09,2017-12-11,2017-12-16,2017-12-18,Standard,Credit Card,30
OD6995,2016-10-24,2016-10-26,2016-10-28,2016-10-27,Express,UPI,70
OD6996,2016-08-06,2016-08-08,2016-08-13,2016-08-13,Standard,Debit Card,30
OD6997,2018-12-01,2018-12-02,2018-12-07,2018-12-07,Standard,Debit Card,30
OD6998,2016-11-16,2016-11-18,2016-11-23,2016-11-25,Standard,Credit Card,30
OD6999,2015-05-05,2015-05-05,2015-05-05,2015-05-05,Same Day,Cash,100
OD7000,2015-12-08,2015-12-10,2015-12-12,2015-12-11,Express,UPI,80
OD7001,2018-05-18,2018-05-20,2018-05-22,2018-05-22,Express,UPI,70
OD7002,2016-11-23,2016-11-23,2016-11-23,2016-11-23,Same Day,UPI,120
OD7003,2015-10-12,2015-10-12,2015-10-12,2015-10-12,Same Day,Cash,120
OD7004,2017-06-26,2017-06-26,2017-06-28,2017-06-27,Express,Debit Card,80
OD7005,2018-10-31,2018-10-31,2018-10-31,2018-10-31,Same Day,Debit Card,150
OD7006,2018-09-22,2018-09-24,2018-09-29,2018-09-29,Standard,Cash,40
OD7007,2018-12-07,2018-12-07,2018-12-07,2018-12-07,Same Day,Credit Card,100
OD7008,2016-07-17,2016-07-18,2016-07-20,2016-07-20,Express,Cash,70
OD7009,2016-05-02,2016-05-02,2016-05-07,2016-05-07,Standard,Cash,50
OD7010,2016-08-06,2016-08-08,2016-08-13,2016-08-12,Standard,Cash,50
OD7011,2017-10-23,2017-10-23,2017-10-23,2017-10-23,Same Day,Debit Card,150
OD7012,2015-11-01,2015-11-01,2015-11-01,2015-11-01,Same Day,Debit Card,150
OD7013,2018-07-23,2018-07-23,2018-07-23,2018-07-23,Same Day,Debit Card,100
OD7014,2018-09-03,2018-09-03,2018-09-08,2018-09-08,Standard,UPI,50
OD7015,2018-06-24,2018-06-24,2018-06-24,2018-06-24,Same Day,Debit Card,100
OD7016,2015-11-25,2015-11-25,2015-11-27,2015-11-27,Express,Credit Card,90
OD7017,2018-08-06,2018-08-08,2018-08-10,2018-08-10,Express,Cash,70
OD7018,2015-07-09,2015-07-09,2015-07-09,2015-07-09,Same Day,UPI,150
OD7019,2018-07-05,2018-07-07,2018-07-12,2018-07-13,Standard,Cash,40
OD7020,2016-10-24,2016-10-24,2016-10-26,2016-10-26,Express,Cash,70
OD7021,2017-10-24,2017-10-24,2017-10-29,2017-10-30,Standard,UPI,30
OD7022,2018-03-26,2018-03-26,2018-03-26,2018-03-26,Same Day,Cash,120
OD7023,2016-03-31,2016-03-31,2016-04-02,2016-04-04,Express,Cash,80
OD7024,2015-08-17,2015-08-19,2015-08-21,2015-08-22,Express,UPI,70
OD7025,2016-11-12,2016-11-12,2016-11-12,2016-11-12,Same Day,Cash,150
OD7026,2016-05-17,2016-05-17,2016-05-17,2016-05-17,Same Day,UPI,100
OD7027,2018-12-26,2018-12-26,2018-12-28,2018-12-29,Express,Debit Card,80
OD7029,2015-09-22,2015-09-24,2015-09-26,2015-09-26,Express,Credit Card,90
OD7030,2018-03-26,2018-03-26,2018-03-28,2018-03-29,Express,Cash,90
OD7031,2017-04-18,2017-04-18,2017-04-18,2017-04-18,Same Day,Credit Card,150
OD7032,2016-08-05,2016-08-06,2016-08-11,2016-08-12,Standard,UPI,40
OD7033,2017-04-10,2017-04-11,2017-04-13,2017-04-13,Express,Debit Card,90
OD7034,2017-02-16,2017-02-16,2017-02-16,2017-02-16,Same Day,Credit Card,150
OD7035,2018-09-02,2018-09-02,2018-09-02,2018-09-02,Same Day,Cash,120
OD7036,2016-07-17,2016-07-17,2016-07-19,2016-07-19,Express,Credit Card,70
OD7037,2018-04-27,2018-04-27,2018-04-29,2018-04-29,Express,Cash,80
OD7038,2017-07-25,2017-07-25,2017-07-25,2017-07-25,Same Day,Credit Card,120
OD7039,2017-09-25,2017-09-25,2017-09-25,2017-09-25,Same Day,UPI,120
OD7040,2018-09-09,2018-09-10,2018-09-15,2018-09-16,Standard,Credit Card,40
OD7041,2017-01-30,2017-01-31,2017-02-02,2017-02-02,Express,Credit Card,70
OD7042,2017-09-06,2017-09-06,2017-09-11,2017-09-11,Standard,Credit Card,40
OD7043,2016-11-23,2016-11-25,2016-11-30,2016-12-03,Standard,UPI,30
OD7044,2017-04-21,2017-04-22,2017-04-24,2017-04-24,Express,UPI,90
OD7045,2018-04-17,2018-04-19,2018-04-21,2018-04-23,Express,Debit Card,90
OD7046,2018-11-13,2018-11-13,2018-11-15,2018-11-15,Express,UPI,80
OD7047,2018-03-02,2018-03-02,2018-03-07,2018-03-08,Standard,UPI,30
OD7048,2018-12-02,2018-12-02,2018-12-02,2018-12-02,Same Day,UPI,120
OD7049,2015-07-21,2015-07-21,2015-07-26,2015-07-26,Standard,Debit Card,40
OD7050,2017-04-15,2017-04-17,2017-04-19,2017-04-19,Express,UPI,80
OD7051,2016-03-30,2016-03-30,2016-03-30,2016-03-30,Same Day,Cash,100
OD7052,2015-06-30,2015-07-01,2015-07-03,2015-07-03,Express,UPI,90
OD7053,2018-09-02,2018-09-04,2018-09-06,2018-09-06,Express,Debit Card,70
OD7054,2018-05-06,2018-05-07,2018-05-09,2018-05-12,Express,Debit Card,70
OD7055,2015-06-30,2015-06-30,2015-06-30,2015-06-30,Same Day,Debit Card,120
OD7056,2018-05-19,2018-05-20,2018-05-25,2018-05-25,Standard,Debit Card,40
OD7057,2018-07-05,2018-07-06,2018-07-11,2018-07-12,Standard,UPI,30
OD7058,2017-05-09,2017-05-11,2017-05-16,2017-05-16,Standard,Credit Card,50
OD7059,2015-11-12,2015-11-12,2015-11-14,2015-11-14,Express,Cash,80
OD7060,2018-12-15,2018-12-16,2018-12-21,2018-12-22,Standard,Cash,50
OD7061,2015-12-02,2015-12-04,2015-12-06,2015-12-08,Express,Credit Card,70
OD7062,2017-04-15,2017-04-15,2017-04-20,2017-04-21,Standard,Credit Card,40
OD7063,2016-11-12,2016-11-12,2016-11-14,2016-11-14,Express,Debit Card,80
OD7064,2017-06-27,2017-06-27,2017-06-27,2017-06-27,Same Day,Debit Card,100
OD7065,2018-08-01,2018-08-01,2018-08-06,2018-08-07,Standard,Cash,30
OD7066,2015-11-12,2015-11-12,2015-11-12,2015-11-12,Same Day,Cash,100
OD7067,2016-08-05,2016-08-05,2016-08-05,2016-08-05,Same Day,Credit Card,120
OD7068,2017-05-21,2017-05-21,2017-05-21,2017-05-21,Same Day,Debit Card,150
OD7069,2017-12-17,2017-12-18,2017-12-23,2017-12-25,Standard,Cash,40
OD7070,2016-06-01,2016-06-03,2016-06-08,2016-06-10,Standard,UPI,50
OD7072,2018-11-24,2018-11-25,2018-11-30,2018-11-30,Standard,Debit Card,50
OD7073,2017-06-21,2017-06-21,2017-06-21,2017-06-21,Same Day,UPI,120
OD7074,2015-07-21,2015-07-21,2015-07-21,2015-07-21,Same Day,Debit Card,150
OD7075,2016-08-05,2016-08-05,2016-08-07,2016-08-08,Express,Cash,70
OD7076,2018-07-05,2018-07-07,2018-07-09,2018-07-08,Express,Cash,70
OD7077,2015-10-10,2015-10-12,2015-10-14,2015-10-16,Express,Cash,90
OD7078,2018-05-18,2018-05-20,2018-05-25,2018-05-24,Standard,Cash,50
OD7079,2018-09-02,2018-09-02,2018-09-02,2018-09-02,Same Day,UPI,100
OD7080,2015-12-09,2015-12-09,2015-12-11,2015-12-14,Express,Credit Card,80
OD7081,2016-07-09,2016-07-09,2016-07-09,2016-07-09,Same Day,UPI,100
OD7082,2017-09-26,2017-09-26,2017-09-26,2017-09-26,Same Day,Credit Card,120
OD7083,2017-06-24,2017-06-24,2017-06-24,2017-06-24,Same Day,UPI,120
OD7084,2017-05-21,2017-05-22,2017-05-24,2017-05-26,Express,UPI,70
OD7085,2016-11-21,2016-11-21,2016-11-21,2016-11-21,Same Day,Credit Card,150
OD7086,2016-11-23,2016-11-23,2016-11-23,2016-11-23,Same Day,Debit Card,100
OD7087,2017-04-21,2017-04-21,2017-04-21,2017-04-21,Same Day,UPI,150
OD7088,2015-07-21,2015-07-22,2015-07-27,2015-07-27,Standard,Debit Card,30
OD7089,2016-11-21,2016-11-21,2016-11-21,2016-11-21,Same Day,Credit Card,100
OD7090,2015-11-23,2015-11-23,2015-11-25,2015-11-24,Express,UPI,90
OD7093,2018-08-04,2018-08-04,2018-08-04,2018-08-04,Same Day,Debit Card,150
OD7094,2016-09-17,2016-09-18,2016-09-23,2016-09-22,Standard,Debit Card,40
OD7095,2016-04-02,2016-04-03,2016-04-05,2016-04-05,Express,Debit Card,90
OD7096,2017-05-09,2017-05-09,2017-05-11,2017-05-10,Express,Credit Card,80
OD7097,2017-06-11,2017-06-12,2017-06-14,2017-06-14,Express,UPI,90
OD7098,2017-06-11,2017-06-13,2017-06-18,2017-06-17,Standard,UPI,40
OD7099,2017-05-09,2017-05-11,2017-05-13,2017-05-13,Express,UPI,70
OD7100,2015-11-18,2015-11-18,2015-11-18,2015-11-18,Same Day,Debit Card,100
OD7101,2017-12-19,2017-12-19,2017-12-19,2017-12-19,Same Day,UPI,120
OD7102,2018-12-07,2018-12-07,2018-12-12,2018-12-12,Standard,Debit Card,50
OD7103,2018-12-28,2018-12-30,2019-01-01,2019-01-01,Express,Debit Card,70
OD7104,2018-01-12,2018-01-14,2018-01-16,2018-01-15,Express,Debit Card,70
OD7105,2016-11-21,2016-11-21,2016-11-21,2016-11-21,Same Day,Cash,120
OD7106,2016-05-17,2016-05-19,2016-05-21,2016-05-23,Express,Cash,80
OD7107,2016-08-06,2016-08-06,2016-08-08,2016-08-07,Express,Cash,70
OD7108,2015-10-10,2015-10-10,2015-10-12,2015-10-12,Express,Credit Card,80
OD7110,2017-05-09,2017-05-11,2017-05-16,2017-05-17,Standard,UPI,40
OD7111,2018-06-16,2018-06-18,2018-06-20,2018-06-20,Express,Credit Card,70
OD7112,2017-03-15,2017-03-15,2017-03-20,2017-03-20,Standard,UPI,30
OD7113,2018-03-02,2018-03-04,2018-03-09,2018-03-11,Standard,Debit Card,30
OD7114,2018-05-18,2018-05-19,2018-05-24,2018-05-25,Standard,UPI,30
OD7115,2018-06-04,2018-06-04,2018-06-04,2018-06-04,Same Day,UPI,150
OD7116,2018-09-22,2018-09-22,2018-09-24,2018-09-23,Express,Cash,90
OD7117,2016-11-02,2016-11-04,2016-11-09,2016-11-09,Standard,Credit Card,40
OD7118,2018-03-26,2018-03-26,2018-03-26,2018-03-26,Same Day,UPI,120
OD7119,2017-04-21,2017-04-21,2017-04-21,2017-04-21,Same Day,Credit Card,150
OD7120,2016-06-01,2016-06-01,2016-06-01,2016-06-01,Same Day,UPI,150
OD7121,2018-07-05,2018-07-07,2018-07-12,2018-07-12,Standard,Cash,40
OD7122,2018-05-06,2018-05-06,2018-05-06,2018-05-06,Same Day,UPI,100
OD7123,2017-12-26,2017-12-26,2017-12-26,2017-12-26,Same Day,Debit Card,100
OD7124,2018-09-02,2018-09-04,2018-09-06,2018-09-06,Express,UPI,90
OD7125,2016-09-06,2016-09-06,2016-09-08,2016-09-08,Express,Debit Card,90
OD7126,2015-07-19,2015-07-20,2015-07-25,2015-07-27,Standard,Cash,30
OD7127,2018-08-19,2018-08-19,2018-08-24,2018-08-24,Standard,Debit Card,30
OD7128,2015-04-28,2015-04-28,2015-04-28,2015-04-28,Same Day,Credit Card,120
OD7129,2016-04-30,2016-04-30,2016-04-30,2016-04-30,Same Day,Cash,120
OD7130,2017-07-17,2017-07-18,2017-07-23,2017-07-23,Standard,Cash,40
OD7131,2018-10-06,2018-10-06,2018-10-06,2018-10-06,Same Day,Debit Card,120
OD7132,2018-11-24,2018-11-24,2018-11-24,2018-11-24,Same Day,UPI,120
OD7133,2018-12-20,2018-12-21,2018-12-23,2018-12-24,Express,UPI,80
OD7134,2017-04-18,2017-04-19,2017-04-24,2017-04-23,Standard,UPI,40
OD7135,2015-08-04,2015-08-05,2015-08-07,2015-08-07,Express,Cash,90
OD7136,2017-07-22,2017-07-23,2017-07-25,2017-07-28,Express,Debit Card,70
OD7137,2016-09-10,2016-09-10,2016-09-10,2016-09-10,Same Day,Debit Card,100
OD7138,2015-11-01,2015-11-03,2015-11-08,2015-11-08,Standard,Debit Card,30
OD7139,2017-07-17,2017-07-17,2017-07-17,2017-07-17,Same Day,Debit Card,150
OD7140,2015-09-08,2015-09-10,2015-09-12,2015-09-12,Express,Credit Card,80
OD7141,2015-04-28,2015-04-29,2015-05-04,2015-05-04,Standard,Debit Card,50
OD7142,2016-01-17,2016-01-17,2016-01-22,2016-01-24,Standard,Credit Card,50
OD7143,2018-09-02,2018-09-04,2018-09-06,2018-09-06,Express,UPI,90
OD7144,2015-07-19,2015-07-21,2015-07-26,2015-07-27,Standard,UPI,40
OD7145,2017-06-17,2017-06-17,2017-06-17,2017-06-17,Same Day,UPI,100
OD7146,2015-04-28,2015-04-30,2015-05-02,2015-05-02,Express,Debit Card,70
OD7147,2015-04-01,2015-04-01,2015-04-06,2015-04-06,Standard,Credit Card,30
OD7148,2017-12-18,2017-12-20,2017-12-22,2017-12-23,Express,Credit Card,90
OD7149,2016-01-05,2016-01-05,2016-01-05,2016-01-05,Same Day,Cash,100
OD7150,2018-11-28,2018-11-28,2018-11-28,2018-11-28,Same Day,Credit Card,120
OD7151,2015-11-19,2015-11-19,2015-11-21,2015-11-21,Express,Credit Card,70
OD7152,2018-02-11,2018-02-11,2018-02-16,2018-02-18,Standard,Debit Card,40
OD7153,2017-04-01,2017-04-01,2017-04-01,2017-04-01,Same Day,Cash,120
OD7154,2016-07-09,2016-07-09,2016-07-09,2016-07-09,Same Day,Cash,120
OD7155,2018-07-20,2018-07-20,2018-07-20,2018-07-20,Same Day,Debit Card,120
OD7156,2017-05-02,2017-05-04,2017-05-06,2017-05-08,Express,Cash,70
OD7157,2017-10-14,2017-10-14,2017-10-14,2017-10-14,Same Day,UPI,150
OD7158,2017-10-13,2017-10-15,2017-10-17,2017-10-17,Express,Credit Card,90
OD7159,2018-10-23,2018-10-23,2018-10-23,2018-10-23,Same Day,Credit Card,150
OD7160,2017-07-08,2017-07-08,2017-07-10,2017-07-09,Express,Debit Card,80
OD7161,2016-09-18,2016-09-18,2016-09-18,2016-09-18,Same Day,Debit Card,100
OD7162,2018-09-15,2018-09-16,2018-09-21,2018-09-21,Standard,UPI,40
OD7163,2017-11-13,2017-11-13,2017-11-13,2017-11-13,Same Day,UPI,100
OD7164,2018-06-19,2018-06-20,2018-06-22,2018-06-22,Express,UPI,80
OD7165,2015-06-06,2015-06-07,2015-06-09,2015-06-09,Express,Credit Card,90
OD7166,2018-05-28,2018-05-28,2018-05-30,2018-05-30,Express,Credit Card,70
OD7167,2017-10-29,2017-10-30,2017-11-01,2017-11-04,Express,Cash,90
OD7168,2015-12-23,2015-12-23,2015-12-25,2015-12-26,Express,Cash,90
OD7169,2017-10-02,2017-10-02,2017-10-02,2017-10-02,Same Day,Credit Card,100
OD7170,2015-05-11,2015-05-12,2015-05-14,2015-05-16,Express,Debit Card,70
OD7171,2017-06-17,2017-06-17,2017-06-17,2017-06-17,Same Day,Cash,150
OD7172,2018-03-02,2018-03-03,2018-03-05,2018-03-04,Express,Cash,70
OD7173,2018-09-02,2018-09-02,2018-09-07,2018-09-06,Standard,Cash,40
OD7174,2016-01-05,2016-01-07,2016-01-09,2016-01-12,Express,Credit Card,80
OD7175,2017-04-18,2017-04-20,2017-04-25,2017-04-25,Standard,Credit Card,40
OD7176,2017-11-22,2017-11-22,2017-11-22,2017-11-22,Same Day,Debit Card,100
OD7177,2017-11-11,2017-11-13,2017-11-15,2017-11-15,Express,Cash,70
OD7178,2017-07-22,2017-07-22,2017-07-22,2017-07-22,Same Day,UPI,100
OD7179,2016-07-09,2016-07-10,2016-07-12,2016-07-13,Express,Cash,80
OD7180,2016-11-26,2016-11-26,2016-11-26,2016-11-26,Same Day,Cash,120
OD7181,2018-11-19,2018-11-19,2018-11-21,2018-11-21,Express,Cash,80
OD7182,2015-11-20,2015-11-22,2015-11-24,2015-11-26,Express,UPI,80
OD7183,2015-12-02,2015-12-02,2015-12-02,2015-12-02,Same Day,Debit Card,120
OD7184,2016-11-26,2016-11-26,2016-11-28,2016-12-01,Express,UPI,70
OD7185,2018-12-24,2018-12-24,2018-12-29,2018-12-30,Standard,UPI,30
OD7186,2016-03-08,2016-03-09,2016-03-11,2016-03-11,Express,Debit Card,70
OD7187,2018-12-20,2018-12-22,2018-12-24,2018-12-25,Express,UPI,70
OD7188,2018-02-13,2018-02-14,2018-02-16,2018-02-16,Express,UPI,70
OD7191,2018-09-18,2018-09-18,2018-09-18,2018-09-18,Same Day,Credit Card,120
OD7192,2018-02-16,2018-02-16,2018-02-16,2018-02-16,Same Day,UPI,150
OD7193,2016-01-12,2016-01-12,2016-01-17,2016-01-18,Standard,UPI,40
OD7195,2017-10-29,2017-10-29,2017-11-03,2017-11-02,Standard,Credit Card,40
OD7196,2016-09-07,2016-09-07,2016-09-07,2016-09-07,Same Day,Cash,120
OD7197,2017-11-13,2017-11-13,2017-11-13,2017-11-13,Same Day,UPI,100
OD7198,2017-11-11,2017-11-11,2017-11-11,2017-11-11,Same Day,Debit Card,150
OD7199,2017-10-13,2017-10-13,2017-10-15,2017-10-16,Express,UPI,90
OD7200,2017-02-21,2017-02-22,2017-02-24,2017-02-24,Express,UPI,70
OD7201,2016-05-23,2016-05-25,2016-05-30,2016-05-30,Standard,UPI,30
OD7202,2017-04-01,2017-04-03,2017-04-05,2017-04-05,Express,UPI,90
OD7203,2016-07-06,2016-07-06,2016-07-08,2016-07-10,Express,Debit Card,80
OD7204,2017-10-21,2017-10-22,2017-10-24,2017-10-26,Express,Cash,70
OD7205,2015-09-23,2015-09-23,2015-09-25,2015-09-25,Express,UPI,80
OD7206,2016-09-18,2016-09-18,2016-09-18,2016-09-18,Same Day,UPI,120
OD7207,2016-11-26,2016-11-26,2016-11-26,2016-11-26,Same Day,UPI,120
OD7208,2016-10-02,2016-10-02,2016-10-02,2016-10-02,Same Day,Credit Card,150
OD7209,2016-09-07,2016-09-09,2016-09-11,2016-09-12,Express,UPI,90
OD7210,2018-07-23,2018-07-25,2018-07-27,2018-07-27,Express,UPI,90
OD7212,2018-09-02,2018-09-03,2018-09-08,2018-09-08,Standard,Debit Card,40
OD7214,2015-03-17,2015-03-18,2015-03-20,2015-03-22,Express,Cash,90
OD7215,2015-11-20,2015-11-20,2015-11-20,2015-11-20,Same Day,Debit Card,120
OD7216,2015-04-01,2015-04-02,2015-04-07,2015-04-07,Standard,UPI,30
OD7217,2017-11-25,2017-11-25,2017-11-25,2017-11-25,Same Day,Cash,150
OD7219,2017-12-12,2017-12-12,2017-12-12,2017-12-12,Same Day,Credit Card,150
OD7220,2018-12-05,2018-12-05,2018-12-05,2018-12-05,Same Day,UPI,120
OD7221,2017-08-23,2017-08-25,2017-08-30,2017-08-30,Standard,Credit Card,30
OD7222,2018-07-08,2018-07-09,2018-07-14,2018-07-15,Standard,Credit Card,40
OD7223,2015-11-17,2015-11-17,2015-11-17,2015-11-17,Same Day,Cash,120
OD7224,2017-11-13,2017-11-13,2017-11-13,2017-11-13,Same Day,Cash,120
OD7225,2017-10-30,2017-11-01,2017-11-06,2017-11-06,Standard,Credit Card,40
OD7226,2018-06-10,2018-06-10,2018-06-10,2018-06-10,Same Day,Debit Card,100
OD7227,2017-10-13,2017-10-13,2017-10-13,2017-10-13,Same Day,Cash,100
OD7228,2017-08-23,2017-08-25,2017-08-27,2017-08-27,Express,Cash,90
OD7229,2016-10-02,2016-10-02,2016-10-04,2016-10-04,Express,UPI,70
OD7230,2018-12-24,2018-12-25,2018-12-30,2018-12-29,Standard,Cash,50
OD7231,2017-04-16,2017-04-16,2017-04-18,2017-04-18,Express,Credit Card,70
OD7232,2015-07-11,2015-07-11,2015-07-13,2015-07-12,Express,Debit Card,80
OD7233,2017-10-13,2017-10-15,2017-10-17,2017-10-17,Express,UPI,90
OD7234,2016-12-10,2016-12-10,2016-12-10,2016-12-10,Same Day,UPI,100
OD7235,2016-12-10,2016-12-11,2016-12-16,2016-12-18,Standard,UPI,40
OD7236,2015-07-11,2015-07-11,2015-07-11,2015-07-11,Same Day,UPI,120
OD7237,2016-10-02,2016-10-02,2016-10-02,2016-10-02,Same Day,UPI,120
OD7238,2016-09-20,2016-09-20,2016-09-20,2016-09-20,Same Day,Cash,100
OD7239,2018-12-20,2018-12-20,2018-12-25,2018-12-27,Standard,Debit Card,50
OD7240,2016-11-14,2016-11-14,2016-11-14,2016-11-14,Same Day,UPI,120
OD7241,2018-10-23,2018-10-24,2018-10-29,2018-10-29,Standard,Cash,50
OD7242,2015-12-28,2015-12-28,2015-12-28,2015-12-28,Same Day,Credit Card,100
OD7243,2016-11-26,2016-11-26,2016-12-01,2016-11-30,Standard,UPI,40
OD7244,2017-11-13,2017-11-14,2017-11-19,2017-11-20,Standard,Cash,50
OD7245,2016-07-06,2016-07-06,2016-07-06,2016-07-06,Same Day,Credit Card,100
OD7246,2018-06-26,2018-06-27,2018-06-29,2018-07-02,Express,Credit Card,90
OD7247,2015-12-28,2015-12-29,2015-12-31,2015-12-31,Express,UPI,70
OD7249,2017-01-23,2017-01-23,2017-01-23,2017-01-23,Same Day,Debit Card,100
OD7250,2017-02-28,2017-03-01,2017-03-06,2017-03-05,Standard,Credit Card,30
OD7251,2015-11-19,2015-11-20,2015-11-22,2015-11-24,Express,Credit Card,80
OD7252,2015-12-02,2015-12-02,2015-12-02,2015-12-02,Same Day,UPI,150
OD7253,2018-09-02,2018-09-02,2018-09-02,2018-09-02,Same Day,Debit Card,120
OD7254,2018-03-02,2018-03-03,2018-03-08,2018-03-08,Standard,Debit Card,40
OD7255,2016-02-16,2016-02-16,2016-02-21,2016-02-22,Standard,Cash,50
OD7256,2017-12-04,2017-12-06,2017-12-08,2017-12-08,Express,UPI,80
OD7257,2018-11-19,2018-11-20,2018-11-25,2018-11-24,Standard,Cash,30
OD7258,2017-07-03,2017-07-03,2017-07-03,2017-07-03,Same Day,Debit Card,100
OD7259,2018-07-08,2018-07-08,2018-07-08,2018-07-08,Same Day,UPI,100
OD7260,2017-12-12,2017-12-14,2017-12-19,2017-12-18,Standard,Debit Card,40
OD7261,2015-08-05,2015-08-06,2015-08-08,2015-08-08,Express,Credit Card,90
OD7262,2015-11-19,2015-11-21,2015-11-26,2015-11-27,Standard,Debit Card,30
OD7263,2015-08-12,2015-08-13,2015-08-15,2015-08-17,Express,UPI,70
OD7264,2018-03-02,2018-03-04,2018-03-06,2018-03-06,Express,Cash,80
OD7265,2015-03-17,2015-03-17,2015-03-17,2015-03-17,Same Day,Cash,100
OD7267,2016-09-18,2016-09-18,2016-09-18,2016-09-18,Same Day,UPI,150
OD7268,2018-06-30,2018-06-30,2018-07-02,2018-07-04,Express,UPI,80
OD7269,2016-11-28,2016-11-29,2016-12-04,2016-12-03,Standard,UPI,50
OD7270,2017-07-22,2017-07-24,2017-07-29,2017-07-29,Standard,Credit Card,40
OD7271,2018-09-07,2018-09-07,2018-09-07,2018-09-07,Same Day,Credit Card,150
OD7272,2016-12-10,2016-12-10,2016-12-15,2016-12-15,Standard,Credit Card,40
OD7273,2016-08-17,2016-08-18,2016-08-23,2016-08-25,Standard,Credit Card,50
OD7274,2016-09-10,2016-09-12,2016-09-14,2016-09-14,Express,Credit Card,80
OD7275,2017-12-10,2017-12-10,2017-12-10,2017-12-10,Same Day,Debit Card,120
OD7276,2015-04-28,2015-04-30,2015-05-05,2015-05-04,Standard,Cash,30
OD7277,2015-07-27,2015-07-28,2015-08-02,2015-08-02,Standard,Debit Card,50
OD7278,2016-08-28,2016-08-29,2016-08-31,2016-08-31,Express,Cash,80
OD7279,2015-08-04,2015-08-06,2015-08-08,2015-08-08,Express,Credit Card,80
OD7280,2017-01-23,2017-01-23,2017-01-25,2017-01-25,Express,Credit Card,90
OD7281,2018-09-09,2018-09-09,2018-09-09,2018-09-09,Same Day,Debit Card,100
OD7282,2017-05-26,2017-05-26,2017-05-31,2017-06-03,Standard,Cash,40
OD7283,2017-01-04,2017-01-04,2017-01-04,2017-01-04,Same Day,Credit Card,120
OD7284,2018-12-09,2018-12-11,2018-12-16,2018-12-17,Standard,Debit Card,40
OD7285,2017-11-10,2017-11-10,2017-11-10,2017-11-10,Same Day,Cash,100
OD7286,2018-08-24,2018-08-24,2018-08-24,2018-08-24,Same Day,Credit Card,100
OD7287,2018-12-20,2018-12-22,2018-12-27,2018-12-26,Standard,Debit Card,50
OD7288,2016-04-16,2016-04-16,2016-04-16,2016-04-16,Same Day,UPI,120
OD7291,2018-04-28,2018-04-28,2018-05-03,2018-05-02,Standard,Debit Card,30
OD7292,2017-05-26,2017-05-27,2017-05-29,2017-05-29,Express,Cash,70
OD7293,2017-09-23,2017-09-24,2017-09-29,2017-09-29,Standard,Cash,40
OD7294,2016-01-12,2016-01-12,2016-01-14,2016-01-15,Express,UPI,70
OD7295,2018-04-28,2018-04-28,2018-05-03,2018-05-02,Standard,Credit Card,30
OD7296,2016-09-20,2016-09-22,2016-09-27,2016-09-30,Standard,Credit Card,30
OD7297,2016-01-05,2016-01-06,2016-01-11,2016-01-10,Standard,Cash,50
OD7299,2018-06-26,2018-06-26,2018-06-26,2018-06-26,Same Day,Debit Card,150
OD7300,2016-09-07,2016-09-09,2016-09-14,2016-09-16,Standard,Debit Card,30
OD7301,2016-11-07,2016-11-09,2016-11-11,2016-11-13,Express,Cash,90
OD7302,2018-05-03,2018-05-03,2018-05-08,2018-05-10,Standard,Credit Card,40
OD7303,2018-11-12,2018-11-12,2018-11-12,2018-11-12,Same Day,Credit Card,150
OD7304,2016-08-16,2016-08-16,2016-08-18,2016-08-20,Express,Credit Card,80
OD7305,2018-04-09,2018-04-11,2018-04-13,2018-04-13,Express,Debit Card,90
OD7306,2018-09-29,2018-09-29,2018-09-29,2018-09-29,Same Day,Debit Card,120
OD7307,2015-04-28,2015-04-28,2015-04-28,2015-04-28,Same Day,Credit Card,150
OD7308,2017-11-28,2017-11-28,2017-11-28,2017-11-28,Same Day,Credit Card,100
OD7309,2016-05-15,2016-05-15,2016-05-15,2016-05-15,Same Day,Cash,120
OD7310,2017-05-12,2017-05-14,2017-05-19,2017-05-19,Standard,Debit Card,50
OD7311,2017-07-29,2017-07-31,2017-08-05,2017-08-07,Standard,UPI,40
OD7312,2016-09-15,2016-09-17,2016-09-22,2016-09-22,Standard,Cash,50
OD7313,2016-10-03,2016-10-03,2016-10-05,2016-10-07,Express,Credit Card,90
OD7314,2018-11-26,2018-11-28,2018-11-30,2018-11-30,Express,Cash,80
OD7316,2018-11-02,2018-11-04,2018-11-06,2018-11-05,Express,Cash,90
OD7317,2018-11-16,2018-11-18,2018-11-23,2018-11-23,Standard,Credit Card,40
OD7318,2016-04-16,2016-04-18,2016-04-20,2016-04-20,Express,UPI,70
OD7319,2018-12-04,2018-12-04,2018-12-04,2018-12-04,Same Day,Credit Card,100
OD7320,2015-09-29,2015-09-29,2015-09-29,2015-09-29,Same Day,Credit Card,150
OD7321,2015-12-26,2015-12-26,2015-12-26,2015-12-26,Same Day,Credit Card,150
OD7322,2017-08-26,2017-08-26,2017-08-26,2017-08-26,Same Day,Cash,150
OD7324,2018-12-20,2018-12-22,2018-12-24,2018-12-23,Express,Debit Card,90
OD7325,2017-05-02,2017-05-03,2017-05-05,2017-05-05,Express,Credit Card,70
OD7326,2017-11-11,2017-11-12,2017-11-17,2017-11-16,Standard,UPI,50
OD7327,2017-11-11,2017-11-12,2017-11-14,2017-11-15,Express,Debit Card,80
OD7328,2017-10-30,2017-11-01,2017-11-03,2017-11-03,Express,Cash,90
OD7329,2017-11-10,2017-11-10,2017-11-10,2017-11-10,Same Day,Debit Card,150
OD7330,2017-12-26,2017-12-27,2018-01-01,2018-01-01,Standard,Credit Card,40
OD7331,2018-11-10,2018-11-11,2018-11-13,2018-11-13,Express,UPI,80
OD7332,2015-11-20,2015-11-22,2015-11-24,2015-11-26,Express,Credit Card,80
OD7333,2018-06-19,2018-06-19,2018-06-19,2018-06-19,Same Day,Cash,100
OD7334,2017-04-01,2017-04-03,2017-04-08,2017-04-08,Standard,Credit Card,50
OD7335,2016-12-27,2016-12-27,2016-12-27,2016-12-27,Same Day,Debit Card,120
OD7336,2017-02-23,2017-02-23,2017-02-23,2017-02-23,Same Day,UPI,150
OD7337,2015-11-23,2015-11-23,2015-11-28,2015-11-28,Standard,Credit Card,40
OD7338,2018-11-02,2018-11-04,2018-11-06,2018-11-09,Express,Credit Card,90
OD7339,2015-03-03,2015-03-03,2015-03-03,2015-03-03,Same Day,UPI,120
OD7340,2015-04-28,2015-04-30,2015-05-02,2015-05-03,Express,Cash,80
OD7341,2018-08-13,2018-08-13,2018-08-15,2018-08-15,Express,Credit Card,80
OD7342,2018-05-28,2018-05-28,2018-05-28,2018-05-28,Same Day,UPI,100
OD7343,2015-12-05,2015-12-06,2015-12-11,2015-12-11,Standard,Debit Card,40
OD7344,2015-12-05,2015-12-05,2015-12-10,2015-12-11,Standard,UPI,40
OD7345,2018-07-31,2018-08-02,2018-08-04,2018-08-05,Express,Cash,80
OD7346,2016-08-16,2016-08-16,2016-08-18,2016-08-19,Express,Debit Card,80
OD7347,2018-11-04,2018-11-06,2018-11-11,2018-11-11,Standard,Credit Card,30
OD7348,2015-04-28,2015-04-29,2015-05-04,2015-05-05,Standard,Cash,50
OD7349,2017-11-22,2017-11-22,2017-11-22,2017-11-22,Same Day,Debit Card,120
OD7350,2018-08-24,2018-08-25,2018-08-30,2018-09-01,Standard,Cash,30
OD7351,2018-02-06,2018-02-07,2018-02-09,2018-02-12,Express,Credit Card,90
OD7353,2018-10-22,2018-10-23,2018-10-28,2018-10-28,Standard,Credit Card,40
OD7354,2016-04-16,2016-04-16,2016-04-18,2016-04-21,Express,UPI,90
OD7355,2018-10-19,2018-10-19,2018-10-19,2018-10-19,Same Day,Debit Card,100
OD7356,2015-10-18,2015-10-20,2015-10-22,2015-10-22,Express,UPI,80
OD7357,2015-09-29,2015-09-29,2015-09-29,2015-09-29,Same Day,Cash,150
OD7358,2017-07-25,2017-07-25,2017-07-25,2017-07-25,Same Day,Credit Card,100
OD7359,2018-04-13,2018-04-15,2018-04-17,2018-04-17,Express,Cash,90
OD7360,2018-02-24,2018-02-26,2018-02-28,2018-02-27,Express,Debit Card,70
OD7361,2018-12-04,2018-12-04,2018-12-06,2018-12-06,Express,Credit Card,90
OD7362,2017-11-18,2017-11-20,2017-11-22,2017-11-22,Express,Debit Card,70
OD7363,2015-09-26,2015-09-26,2015-09-26,2015-09-26,Same Day,UPI,150
OD7364,2016-11-05,2016-11-05,2016-11-10,2016-11-10,Standard,UPI,30
OD7365,2016-12-03,2016-12-03,2016-12-03,2016-12-03,Same Day,Debit Card,100
OD7366,2015-10-18,2015-10-18,2015-10-18,2015-10-18,Same Day,UPI,100
OD7367,2017-09-03,2017-09-03,2017-09-03,2017-09-03,Same Day,Credit Card,150
OD7368,2017-09-01,2017-09-01,2017-09-01,2017-09-01,Same Day,Cash,100
OD7369,2015-10-18,2015-10-19,2015-10-24,2015-10-24,Standard,Debit Card,50
OD7370,2015-09-29,2015-09-29,2015-10-04,2015-10-03,Standard,Debit Card,30
OD7371,2017-06-25,2017-06-25,2017-06-30,2017-06-30,Standard,Cash,30
OD7372,2018-11-26,2018-11-26,2018-11-26,2018-11-26,Same Day,Debit Card,150
OD7373,2018-11-18,2018-11-18,2018-11-18,2018-11-18,Same Day,Debit Card,150
OD7374,2018-10-19,2018-10-21,2018-10-26,2018-10-26,Standard,UPI,50
OD7375,2018-12-18,2018-12-18,2018-12-23,2018-12-25,Standard,Debit Card,50
OD7376,2017-12-06,2017-12-06,2017-12-06,2017-12-06,Same Day,UPI,150
OD7377,2016-04-16,2016-04-18,2016-04-23,2016-04-26,Standard,Cash,50
OD7378,2017-08-29,2017-08-29,2017-08-29,2017-08-29,Same Day,Debit Card,150
OD7379,2017-09-01,2017-09-02,2017-09-04,2017-09-07,Express,UPI,90
OD7380,2018-11-24,2018-11-25,2018-11-30,2018-12-01,Standard,UPI,40
OD7381,2018-09-02,2018-09-04,2018-09-09,2018-09-11,Standard,Debit Card,50
OD7382,2017-08-26,2017-08-28,2017-09-02,2017-09-02,Standard,Cash,30
OD7383,2017-11-28,2017-11-28,2017-11-30,2017-12-01,Express,UPI,80
OD7384,2015-03-03,2015-03-04,2015-03-06,2015-03-06,Express,UPI,80
OD7385,2018-12-02,2018-12-02,2018-12-04,2018-12-04,Express,Debit Card,90
OD7386,2015-06-06,2015-06-07,2015-06-12,2015-06-12,Standard,UPI,40
OD7387,2015-09-29,2015-09-30,2015-10-05,2015-10-05,Standard,Credit Card,50
OD7388,2017-12-06,2017-12-08,2017-12-13,2017-12-13,Standard,UPI,40
OD7389,2016-09-07,2016-09-08,2016-09-10,2016-09-10,Express,Debit Card,80
OD7390,2018-09-28,2018-09-30,2018-10-02,2018-10-02,Express,Cash,80
OD7391,2018-09-09,2018-09-10,2018-09-12,2018-09-13,Express,Debit Card,90
OD7392,2016-08-21,2016-08-21,2016-08-21,2016-08-21,Same Day,Credit Card,100
OD7393,2017-08-29,2017-08-30,2017-09-04,2017-09-04,Standard,UPI,40
OD7394,2018-09-09,2018-09-11,2018-09-13,2018-09-12,Express,Credit Card,70
OD7395,2016-08-16,2016-08-18,2016-08-23,2016-08-23,Standard,Cash,50
OD7396,2017-11-28,2017-11-28,2017-11-28,2017-11-28,Same Day,UPI,120
OD7397,2018-05-04,2018-05-04,2018-05-04,2018-05-04,Same Day,UPI,120
OD7398,2016-05-21,2016-05-23,2016-05-25,2016-05-28,Express,Cash,70
OD7399,2015-08-25,2015-08-25,2015-08-25,2015-08-25,Same Day,Debit Card,100
OD7400,2017-09-27,2017-09-27,2017-09-27,2017-09-27,Same Day,Debit Card,100
OD7401,2016-03-05,2016-03-05,2016-03-05,2016-03-05,Same Day,Debit Card,120
OD7402,2016-09-07,2016-09-09,2016-09-11,2016-09-11,Express,Debit Card,70
OD7403,2016-08-16,2016-08-17,2016-08-22,2016-08-22,Standard,UPI,50
OD7404,2018-05-04,2018-05-04,2018-05-04,2018-05-04,Same Day,Credit Card,100
OD7405,2018-04-30,2018-05-02,2018-05-04,2018-05-05,Express,Debit Card,90
OD7406,2015-08-25,2015-08-26,2015-08-28,2015-08-30,Express,Credit Card,80
OD7407,2015-12-05,2015-12-05,2015-12-05,2015-12-05,Same Day,Debit Card,100
OD7408,2018-05-03,2018-05-04,2018-05-06,2018-05-06,Express,UPI,90
OD7409,2016-09-04,2016-09-06,2016-09-08,2016-09-09,Express,UPI,90
OD7410,2016-09-15,2016-09-15,2016-09-15,2016-09-15,Same Day,Credit Card,120
OD7411,2018-04-09,2018-04-09,2018-04-09,2018-04-09,Same Day,UPI,150
OD7412,2017-06-25,2017-06-25,2017-06-25,2017-06-25,Same Day,Cash,100
OD7413,2016-04-16,2016-04-17,2016-04-19,2016-04-18,Express,Debit Card,80
OD7414,2018-05-03,2018-05-03,2018-05-03,2018-05-03,Same Day,UPI,150
OD7415,2015-09-26,2015-09-27,2015-09-29,2015-09-29,Express,Credit Card,70
OD7416,2017-01-04,2017-01-04,2017-01-06,2017-01-06,Express,Cash,80
OD7417,2018-10-26,2018-10-26,2018-10-28,2018-10-28,Express,UPI,80
OD7418,2015-08-25,2015-08-26,2015-08-31,2015-09-01,Standard,Debit Card,30
OD7419,2016-11-15,2016-11-16,2016-11-21,2016-11-21,Standard,UPI,40
OD7420,2015-10-21,2015-10-22,2015-10-24,2015-10-25,Express,Credit Card,70
OD7421,2016-06-23,2016-06-23,2016-06-28,2016-06-28,Standard,Cash,50
OD7422,2015-08-20,2015-08-20,2015-08-20,2015-08-20,Same Day,Credit Card,150
OD7423,2015-10-11,2015-10-11,2015-10-11,2015-10-11,Same Day,Cash,120
OD7425,2016-12-14,2016-12-15,2016-12-17,2016-12-17,Express,Debit Card,70
OD7426,2017-03-27,2017-03-29,2017-03-31,2017-03-31,Express,Cash,90
OD7427,2015-03-17,2015-03-17,2015-03-19,2015-03-21,Express,Debit Card,90
OD7428,2015-11-22,2015-11-22,2015-11-22,2015-11-22,Same Day,UPI,120
OD7429,2016-04-20,2016-04-22,2016-04-24,2016-04-27,Express,Debit Card,80
OD7430,2015-04-04,2015-04-04,2015-04-04,2015-04-04,Same Day,Cash,120
OD7431,2015-03-17,2015-03-17,2015-03-22,2015-03-22,Standard,Cash,30
OD7432,2015-08-20,2015-08-20,2015-08-22,2015-08-24,Express,Cash,90
OD7433,2016-02-07,2016-02-07,2016-02-09,2016-02-08,Express,Debit Card,70
OD7434,2015-11-01,2015-11-01,2015-11-01,2015-11-01,Same Day,Cash,150
OD7435,2018-09-18,2018-09-19,2018-09-21,2018-09-21,Express,Credit Card,90
OD7436,2018-07-10,2018-07-11,2018-07-13,2018-07-13,Express,Cash,80
OD7437,2015-11-22,2015-11-23,2015-11-28,2015-11-27,Standard,Debit Card,40
OD7438,2015-03-17,2015-03-17,2015-03-17,2015-03-17,Same Day,UPI,100
OD7439,2017-10-15,2017-10-16,2017-10-21,2017-10-21,Standard,Debit Card,30
OD7440,2018-11-26,2018-11-26,2018-11-28,2018-11-28,Express,UPI,90
OD7441,2018-09-18,2018-09-18,2018-09-18,2018-09-18,Same Day,Credit Card,100
OD7442,2016-08-21,2016-08-21,2016-08-26,2016-08-26,Standard,Cash,50
OD7443,2015-11-21,2015-11-21,2015-11-26,2015-11-25,Standard,UPI,40
OD7444,2015-11-01,2015-11-01,2015-11-03,2015-11-04,Express,Cash,80
OD7445,2016-06-13,2016-06-13,2016-06-15,2016-06-18,Express,Debit Card,70
OD7446,2018-05-05,2018-05-05,2018-05-07,2018-05-06,Express,Debit Card,80
OD7447,2018-04-08,2018-04-08,2018-04-10,2018-04-11,Express,Debit Card,80
OD7448,2015-03-17,2015-03-18,2015-03-20,2015-03-20,Express,Cash,70
OD7449,2015-03-21,2015-03-21,2015-03-26,2015-03-26,Standard,UPI,40
OD7450,2015-11-22,2015-11-24,2015-11-26,2015-11-25,Express,Debit Card,80
OD7451,2017-09-12,2017-09-13,2017-09-15,2017-09-15,Express,Debit Card,80
OD7452,2015-12-02,2015-12-02,2015-12-04,2015-12-06,Express,Debit Card,80
OD7453,2015-04-04,2015-04-04,2015-04-04,2015-04-04,Same Day,UPI,150
OD7454,2015-04-07,2015-04-07,2015-04-12,2015-04-12,Standard,Credit Card,30
OD7455,2015-05-30,2015-05-30,2015-06-04,2015-06-06,Standard,Credit Card,50
OD7456,2015-03-21,2015-03-21,2015-03-21,2015-03-21,Same Day,UPI,150
OD7457,2015-08-19,2015-08-19,2015-08-21,2015-08-21,Express,Cash,80
OD7458,2015-11-21,2015-11-21,2015-11-23,2015-11-24,Express,Debit Card,70
OD7459,2016-03-22,2016-03-22,2016-03-22,2016-03-22,Same Day,Cash,120
OD7461,2017-05-12,2017-05-14,2017-05-16,2017-05-16,Express,Debit Card,70
OD7462,2018-05-19,2018-05-19,2018-05-21,2018-05-21,Express,Debit Card,90
OD7463,2015-08-17,2015-08-17,2015-08-22,2015-08-22,Standard,Credit Card,40
OD7464,2016-12-01,2016-12-01,2016-12-01,2016-12-01,Same Day,Credit Card,150
OD7465,2015-12-27,2015-12-27,2015-12-27,2015-12-27,Same Day,Credit Card,100
OD7466,2018-09-18,2018-09-19,2018-09-21,2018-09-21,Express,Cash,80
OD7467,2015-03-17,2015-03-17,2015-03-17,2015-03-17,Same Day,Credit Card,100
OD7468,2016-12-01,2016-12-01,2016-12-06,2016-12-07,Standard,Debit Card,30
OD7469,2015-11-22,2015-11-23,2015-11-28,2015-11-28,Standard,Credit Card,40
OD7470,2016-02-07,2016-02-07,2016-02-07,2016-02-07,Same Day,Credit Card,150
OD7471,2015-03-21,2015-03-21,2015-03-21,2015-03-21,Same Day,Credit Card,150
OD7472,2016-06-13,2016-06-15,2016-06-20,2016-06-19,Standard,Cash,40
OD7473,2015-08-17,2015-08-19,2015-08-24,2015-08-26,Standard,Credit Card,50
OD7474,2018-09-18,2018-09-20,2018-09-22,2018-09-22,Express,Credit Card,70
OD7476,2018-09-09,2018-09-11,2018-09-16,2018-09-16,Standard,Credit Card,40
OD7477,2015-10-21,2015-10-23,2015-10-25,2015-10-25,Express,UPI,70
OD7478,2017-09-12,2017-09-12,2017-09-17,2017-09-17,Standard,Credit Card,50
OD7479,2016-06-13,2016-06-13,2016-06-15,2016-06-15,Express,Cash,70
OD7480,2017-10-15,2017-10-15,2017-10-15,2017-10-15,Same Day,Credit Card,100
OD7481,2017-05-30,2017-05-31,2017-06-02,2017-06-02,Express,UPI,70
OD7482,2015-11-21,2015-11-21,2015-11-21,2015-11-21,Same Day,Debit Card,100
OD7483,2015-04-21,2015-04-21,2015-04-23,2015-04-24,Express,Credit Card,80
OD7484,2017-08-05,2017-08-05,2017-08-10,2017-08-11,Standard,Credit Card,50
OD7485,2015-04-05,2015-04-05,2015-04-05,2015-04-05,Same Day,Debit Card,150
OD7486,2017-10-15,2017-10-15,2017-10-15,2017-10-15,Same Day,Debit Card,100
OD7487,2015-08-17,2015-08-17,2015-08-17,2015-08-17,Same Day,UPI,100
OD7488,2018-09-18,2018-09-20,2018-09-22,2018-09-23,Express,Credit Card,80
OD7490,2016-09-06,2016-09-06,2016-09-06,2016-09-06,Same Day,Cash,120
OD7491,2016-07-25,2016-07-27,2016-07-29,2016-07-29,Express,Cash,80
OD7492,2017-05-30,2017-05-30,2017-05-30,2017-05-30,Same Day,Cash,120
OD7493,2016-08-21,2016-08-21,2016-08-21,2016-08-21,Same Day,Debit Card,150
OD7494,2018-03-21,2018-03-21,2018-03-21,2018-03-21,Same Day,Debit Card,100
OD7495,2015-08-01,2015-08-01,2015-08-01,2015-08-01,Same Day,Cash,100
OD7496,2018-03-10,2018-03-10,2018-03-10,2018-03-10,Same Day,Credit Card,150
OD7497,2018-12-11,2018-12-13,2018-12-15,2018-12-14,Express,UPI,90
OD7498,2016-11-08,2016-11-08,2016-11-08,2016-11-08,Same Day,Debit Card,100
OD7499,2016-09-25,2016-09-25,2016-09-25,2016-09-25,Same Day,Cash,120
OD7500,2015-03-21,2015-03-21,2015-03-21,2015-03-21,Same Day,Debit Card,120
OD7501,2017-04-12,2017-04-14,2017-04-16,2017-04-16,Express,Credit Card,90
OD7502,2018-06-15,2018-06-15,2018-06-17,2018-06-17,Express,Credit Card,80
OD7503,2016-03-24,2016-03-26,2016-03-31,2016-03-31,Standard,Debit Card,40
OD7504,2018-05-13,2018-05-13,2018-05-15,2018-05-15,Express,UPI,80
OD7505,2018-09-07,2018-09-09,2018-09-14,2018-09-14,Standard,Debit Card,30
OD7506,2015-09-20,2015-09-22,2015-09-24,2015-09-26,Express,Credit Card,80
OD7507,2017-05-14,2017-05-16,2017-05-21,2017-05-23,Standard,Debit Card,40
OD7508,2016-06-08,2016-06-10,2016-06-15,2016-06-15,Standard,Debit Card,40
OD7509,2016-08-09,2016-08-09,2016-08-14,2016-08-17,Standard,UPI,50
OD7510,2018-09-28,2018-09-28,2018-10-03,2018-10-03,Standard,Cash,50
OD7511,2015-08-01,2015-08-01,2015-08-06,2015-08-09,Standard,Debit Card,40
OD7512,2015-09-28,2015-09-30,2015-10-05,2015-10-05,Standard,Credit Card,50
OD7513,2015-10-09,2015-10-11,2015-10-16,2015-10-15,Standard,UPI,30
OD7514,2018-04-24,2018-04-24,2018-04-29,2018-05-02,Standard,UPI,50
OD7515,2017-10-10,2017-10-12,2017-10-14,2017-10-14,Express,Cash,80
OD7516,2018-10-27,2018-10-27,2018-10-27,2018-10-27,Same Day,UPI,120
OD7517,2015-11-01,2015-11-02,2015-11-04,2015-11-05,Express,Cash,80
OD7518,2015-07-05,2015-07-05,2015-07-05,2015-07-05,Same Day,UPI,100
OD7519,2017-09-22,2017-09-22,2017-09-22,2017-09-22,Same Day,UPI,150
OD7521,2016-06-08,2016-06-08,2016-06-13,2016-06-12,Standard,Credit Card,40
OD7523,2016-07-05,2016-07-05,2016-07-05,2016-07-05,Same Day,UPI,120
OD7524,2016-03-26,2016-03-26,2016-03-28,2016-03-31,Express,UPI,70
OD7525,2018-10-20,2018-10-20,2018-10-20,2018-10-20,Same Day,Credit Card,150
OD7526,2017-04-12,2017-04-13,2017-04-15,2017-04-15,Express,Cash,90
OD7527,2017-04-12,2017-04-12,2017-04-17,2017-04-16,Standard,Cash,30
OD7528,2016-12-27,2016-12-28,2016-12-30,2016-12-30,Express,UPI,80
OD7529,2016-05-01,2016-05-01,2016-05-01,2016-05-01,Same Day,Debit Card,120
OD7530,2016-06-18,2016-06-18,2016-06-23,2016-06-23,Standard,Cash,40
OD7531,2017-08-27,2017-08-29,2017-08-31,2017-08-31,Express,UPI,90
OD7532,2018-06-05,2018-06-05,2018-06-07,2018-06-07,Express,Cash,90
OD7533,2016-06-08,2016-06-10,2016-06-15,2016-06-14,Standard,UPI,40
OD7534,2018-12-02,2018-12-02,2018-12-02,2018-12-02,Same Day,UPI,120
OD7535,2016-11-12,2016-11-13,2016-11-15,2016-11-15,Express,Credit Card,90
OD7536,2015-11-01,2015-11-01,2015-11-01,2015-11-01,Same Day,Credit Card,150
OD7537,2016-09-06,2016-09-06,2016-09-06,2016-09-06,Same Day,Credit Card,100
OD7538,2018-06-15,2018-06-15,2018-06-15,2018-06-15,Same Day,Debit Card,120
OD7539,2017-11-20,2017-11-22,2017-11-24,2017-11-24,Express,UPI,70
OD7540,2015-04-29,2015-04-30,2015-05-05,2015-05-04,Standard,Cash,30
OD7541,2016-05-01,2016-05-01,2016-05-01,2016-05-01,Same Day,Debit Card,100
OD7542,2018-06-26,2018-06-26,2018-06-26,2018-06-26,Same Day,UPI,120
OD7543,2017-05-14,2017-05-16,2017-05-18,2017-05-18,Express,Debit Card,80
OD7544,2018-11-24,2018-11-24,2018-11-26,2018-11-26,Express,UPI,90
OD7545,2016-06-08,2016-06-08,2016-06-08,2016-06-08,Same Day,Debit Card,100
OD7546,2018-10-27,2018-10-27,2018-10-29,2018-10-29,Express,Debit Card,90
OD7547,2018-06-15,2018-06-15,2018-06-20,2018-06-21,Standard,UPI,50
OD7548,2016-12-18,2016-12-18,2016-12-23,2016-12-23,Standard,UPI,50
OD7549,2016-12-18,2016-12-20,2016-12-25,2016-12-26,Standard,UPI,40
OD7550,2015-09-28,2015-09-28,2015-10-03,2015-10-03,Standard,Credit Card,30
OD7551,2018-06-10,2018-06-12,2018-06-14,2018-06-14,Express,Debit Card,90
OD7552,2016-06-08,2016-06-08,2016-06-08,2016-06-08,Same Day,Credit Card,150
OD7553,2016-11-08,2016-11-09,2016-11-11,2016-11-11,Express,Cash,70
OD7554,2015-11-01,2015-11-03,2015-11-08,2015-11-08,Standard,Debit Card,40
OD7555,2017-05-28,2017-05-28,2017-05-28,2017-05-28,Same Day,Credit Card,100
OD7556,2015-12-16,2015-12-16,2015-12-18,2015-12-18,Express,Debit Card,70
OD7557,2015-03-31,2015-04-02,2015-04-07,2015-04-07,Standard,UPI,50
OD7558,2016-09-25,2016-09-27,2016-09-29,2016-09-29,Express,Cash,70
OD7559,2015-01-20,2015-01-20,2015-01-20,2015-01-20,Same Day,Credit Card,150
OD7560,2017-05-17,2017-05-17,2017-05-17,2017-05-17,Same Day,UPI,120
OD7561,2017-05-14,2017-05-14,2017-05-14,2017-05-14,Same Day,Cash,120
OD7562,2016-11-12,2016-11-13,2016-11-15,2016-11-15,Express,UPI,90
OD7563,2016-06-08,2016-06-10,2016-06-12,2016-06-11,Express,Credit Card,70
OD7564,2016-09-25,2016-09-25,2016-09-30,2016-09-30,Standard,Debit Card,40
OD7565,2017-05-14,2017-05-14,2017-05-14,2017-05-14,Same Day,Credit Card,100
OD7566,2016-11-12,2016-11-12,2016-11-14,2016-11-14,Express,Cash,70
OD7567,2018-10-27,2018-10-27,2018-10-27,2018-10-27,Same Day,Credit Card,120
OD7568,2017-10-10,2017-10-10,2017-10-12,2017-10-14,Express,Debit Card,80
OD7569,2017-12-29,2017-12-29,2018-01-03,2018-01-03,Standard,Cash,50
OD7570,2018-11-24,2018-11-25,2018-11-30,2018-11-30,Standard,Credit Card,40
OD7571,2017-03-19,2017-03-19,2017-03-19,2017-03-19,Same Day,Credit Card,120
OD7572,2017-10-28,2017-10-30,2017-11-04,2017-11-04,Standard,Debit Card,50
OD7573,2018-03-10,2018-03-11,2018-03-16,2018-03-16,Standard,UPI,30
OD7574,2017-12-29,2017-12-29,2017-12-29,2017-12-29,Same Day,Credit Card,120
OD7575,2016-09-25,2016-09-26,2016-10-01,2016-10-01,Standard,Credit Card,30
OD7576,2016-11-07,2016-11-07,2016-11-07,2016-11-07,Same Day,Credit Card,120
OD7577,2018-05-27,2018-05-27,2018-06-01,2018-06-02,Standard,Cash,30
OD7578,2018-04-06,2018-04-06,2018-04-08,2018-04-10,Express,UPI,80
OD7579,2017-05-17,2017-05-17,2017-05-17,2017-05-17,Same Day,Debit Card,120
OD7580,2015-07-01,2015-07-03,2015-07-05,2015-07-05,Express,Cash,70
OD7581,2017-11-28,2017-11-28,2017-11-28,2017-11-28,Same Day,Cash,150
OD7582,2016-11-08,2016-11-08,2016-11-08,2016-11-08,Same Day,UPI,150
OD7583,2017-05-14,2017-05-14,2017-05-14,2017-05-14,Same Day,Cash,100
OD7584,2018-03-28,2018-03-30,2018-04-04,2018-04-04,Standard,Credit Card,40
OD7585,2016-11-07,2016-11-07,2016-11-09,2016-11-09,Express,Cash,70
OD7586,2015-11-30,2015-12-01,2015-12-06,2015-12-07,Standard,Cash,30
OD7587,2018-05-12,2018-05-13,2018-05-15,2018-05-15,Express,Cash,90
OD7588,2015-03-14,2015-03-15,2015-03-20,2015-03-20,Standard,Debit Card,40
OD7589,2015-11-04,2015-11-05,2015-11-10,2015-11-11,Standard,Credit Card,40
OD7590,2018-01-12,2018-01-13,2018-01-15,2018-01-18,Express,Cash,70
OD7591,2017-07-21,2017-07-21,2017-07-26,2017-07-26,Standard,Credit Card,40
OD7592,2015-04-06,2015-04-06,2015-04-06,2015-04-06,Same Day,Debit Card,100
OD7593,2018-01-23,2018-01-23,2018-01-23,2018-01-23,Same Day,Debit Card,150
OD7594,2017-12-23,2017-12-23,2017-12-25,2017-12-25,Express,Cash,80
OD7595,2015-12-24,2015-12-26,2015-12-31,2015-12-31,Standard,Credit Card,40
OD7597,2018-07-28,2018-07-28,2018-07-30,2018-08-01,Express,Credit Card,80
OD7598,2016-08-21,2016-08-23,2016-08-25,2016-08-24,Express,Cash,80
OD7599,2018-12-17,2018-12-17,2018-12-22,2018-12-24,Standard,Cash,30
OD7600,2015-11-26,2015-11-28,2015-11-30,2015-12-03,Express,Credit Card,70
OD7601,2017-12-26,2017-12-26,2017-12-28,2017-12-28,Express,Cash,80
OD7602,2016-04-13,2016-04-13,2016-04-13,2016-04-13,Same Day,Cash,150
OD7603,2015-02-14,2015-02-14,2015-02-19,2015-02-21,Standard,Debit Card,40
OD7604,2015-04-12,2015-04-12,2015-04-12,2015-04-12,Same Day,Cash,120
OD7605,2018-04-30,2018-05-01,2018-05-03,2018-05-02,Express,Cash,90
OD7606,2018-09-19,2018-09-20,2018-09-22,2018-09-22,Express,Cash,90
OD7607,2016-09-18,2016-09-18,2016-09-18,2016-09-18,Same Day,Credit Card,120
OD7608,2017-08-22,2017-08-22,2017-08-27,2017-08-27,Standard,Debit Card,40
OD7609,2017-12-08,2017-12-09,2017-12-11,2017-12-12,Express,Cash,70
OD7610,2018-09-03,2018-09-03,2018-09-03,2018-09-03,Same Day,Credit Card,150
OD7612,2018-10-15,2018-10-16,2018-10-21,2018-10-23,Standard,Credit Card,50
OD7613,2017-12-23,2017-12-24,2017-12-29,2017-12-29,Standard,Cash,50
OD7614,2018-03-25,2018-03-27,2018-03-29,2018-03-29,Express,Debit Card,90
OD7615,2018-08-17,2018-08-19,2018-08-24,2018-08-24,Standard,Credit Card,50
OD7616,2016-04-25,2016-04-25,2016-04-30,2016-04-29,Standard,Cash,50
OD7617,2015-04-03,2015-04-03,2015-04-03,2015-04-03,Same Day,Cash,150
OD7618,2017-12-23,2017-12-23,2017-12-25,2017-12-25,Express,Credit Card,90
OD7619,2015-11-16,2015-11-17,2015-11-22,2015-11-21,Standard,Cash,30
OD7620,2016-10-26,2016-10-28,2016-11-02,2016-11-05,Standard,UPI,50
OD7621,2016-09-25,2016-09-25,2016-09-25,2016-09-25,Same Day,Debit Card,150
OD7622,2017-04-10,2017-04-11,2017-04-16,2017-04-18,Standard,UPI,40
OD7623,2018-08-17,2018-08-17,2018-08-22,2018-08-24,Standard,Debit Card,50
OD7624,2015-03-14,2015-03-14,2015-03-19,2015-03-19,Standard,Cash,30
OD7625,2015-05-13,2015-05-15,2015-05-20,2015-05-22,Standard,Credit Card,50
OD7626,2016-05-18,2016-05-19,2016-05-21,2016-05-21,Express,UPI,80
OD7627,2016-03-19,2016-03-21,2016-03-23,2016-03-23,Express,Cash,90
OD7628,2017-08-21,2017-08-21,2017-08-21,2017-08-21,Same Day,Debit Card,120
OD7629,2018-06-03,2018-06-05,2018-06-10,2018-06-09,Standard,UPI,40
OD7630,2017-06-12,2017-06-12,2017-06-12,2017-06-12,Same Day,Credit Card,150
OD7631,2015-09-20,2015-09-21,2015-09-26,2015-09-26,Standard,Credit Card,50
OD7632,2017-09-26,2017-09-26,2017-09-26,2017-09-26,Same Day,Cash,120
OD7633,2015-11-21,2015-11-21,2015-11-26,2015-11-27,Standard,Cash,30
OD7634,2017-09-20,2017-09-20,2017-09-25,2017-09-24,Standard,Credit Card,30
OD7635,2017-12-23,2017-12-23,2017-12-28,2017-12-28,Standard,Debit Card,30
OD7636,2018-11-09,2018-11-09,2018-11-11,2018-11-11,Express,Cash,90
OD7637,2018-12-25,2018-12-25,2018-12-30,2019-01-01,Standard,Credit Card,40
OD7638,2018-03-16,2018-03-17,2018-03-22,2018-03-22,Standard,Cash,50
OD7639,2016-12-08,2016-12-08,2016-12-13,2016-12-12,Standard,Debit Card,40
OD7640,2016-08-15,2016-08-16,2016-08-21,2016-08-21,Standard,UPI,40
OD7641,2017-02-04,2017-02-05,2017-02-10,2017-02-10,Standard,Cash,40
OD7642,2018-10-08,2018-10-10,2018-10-15,2018-10-17,Standard,Debit Card,50
OD7643,2016-12-27,2016-12-27,2016-12-27,2016-12-27,Same Day,UPI,150
OD7644,2017-12-23,2017-12-23,2017-12-23,2017-12-23,Same Day,UPI,150
OD7645,2015-11-24,2015-11-25,2015-11-27,2015-11-27,Express,UPI,80
OD7646,2017-12-26,2017-12-26,2017-12-31,2017-12-30,Standard,Credit Card,30
OD7647,2016-09-18,2016-09-20,2016-09-22,2016-09-21,Express,Debit Card,70
OD7648,2018-05-12,2018-05-12,2018-05-12,2018-05-12,Same Day,Cash,120
OD7649,2015-02-14,2015-02-14,2015-02-19,2015-02-19,Standard,UPI,30
OD7650,2018-03-16,2018-03-17,2018-03-19,2018-03-20,Express,Debit Card,80
OD7651,2016-09-28,2016-09-28,2016-09-30,2016-09-30,Express,Credit Card,70
OD7652,2017-12-02,2017-12-04,2017-12-06,2017-12-07,Express,Debit Card,90
OD7653,2018-01-24,2018-01-25,2018-01-30,2018-02-02,Standard,UPI,50
OD7654,2017-12-26,2017-12-26,2017-12-26,2017-12-26,Same Day,Debit Card,150
OD7655,2018-09-19,2018-09-19,2018-09-19,2018-09-19,Same Day,Credit Card,150
OD7656,2015-06-13,2015-06-13,2015-06-18,2015-06-18,Standard,Cash,50
OD7657,2015-10-31,2015-11-02,2015-11-07,2015-11-07,Standard,UPI,50
OD7658,2016-04-26,2016-04-28,2016-05-03,2016-05-03,Standard,UPI,50
OD7659,2016-04-30,2016-04-30,2016-04-30,2016-04-30,Same Day,UPI,150
OD7660,2018-12-22,2018-12-23,2018-12-28,2018-12-30,Standard,Cash,40
OD7664,2015-10-31,2015-11-02,2015-11-07,2015-11-09,Standard,Credit Card,40
OD7665,2016-02-18,2016-02-18,2016-02-18,2016-02-18,Same Day,Debit Card,100
OD7666,2018-07-11,2018-07-11,2018-07-11,2018-07-11,Same Day,Credit Card,150
OD7667,2015-03-30,2015-03-30,2015-04-04,2015-04-05,Standard,UPI,50
OD7668,2015-11-26,2015-11-26,2015-11-26,2015-11-26,Same Day,Debit Card,150
OD7669,2015-04-06,2015-04-08,2015-04-13,2015-04-13,Standard,Debit Card,40
OD7670,2018-05-04,2018-05-04,2018-05-04,2018-05-04,Same Day,UPI,150
OD7672,2017-08-22,2017-08-23,2017-08-28,2017-08-27,Standard,UPI,50
OD7673,2017-06-02,2017-06-03,2017-06-08,2017-06-08,Standard,Cash,50
OD7674,2018-08-17,2018-08-17,2018-08-17,2018-08-17,Same Day,Credit Card,150
OD7675,2018-09-09,2018-09-11,2018-09-13,2018-09-13,Express,UPI,70
OD7676,2018-03-12,2018-03-13,2018-03-15,2018-03-15,Express,UPI,90
OD7677,2016-09-03,2016-09-03,2016-09-05,2016-09-06,Express,Debit Card,90
OD7678,2018-12-22,2018-12-23,2018-12-28,2018-12-30,Standard,Credit Card,30
OD7679,2015-03-30,2015-03-30,2015-03-30,2015-03-30,Same Day,Credit Card,150
OD7680,2018-03-31,2018-04-02,2018-04-04,2018-04-04,Express,Debit Card,70
OD7681,2016-09-28,2016-09-30,2016-10-02,2016-10-02,Express,Cash,70
OD7682,2018-08-20,2018-08-22,2018-08-27,2018-08-26,Standard,Credit Card,50
OD7683,2018-10-05,2018-10-06,2018-10-11,2018-10-11,Standard,UPI,30
OD7684,2016-09-24,2016-09-24,2016-09-24,2016-09-24,Same Day,Credit Card,100
OD7685,2017-10-27,2017-10-27,2017-10-27,2017-10-27,Same Day,Cash,100
OD7686,2017-09-16,2017-09-16,2017-09-16,2017-09-16,Same Day,UPI,120
OD7687,2016-11-19,2016-11-20,2016-11-22,2016-11-21,Express,Debit Card,80
OD7688,2017-09-20,2017-09-21,2017-09-26,2017-09-27,Standard,Cash,40
OD7689,2018-11-21,2018-11-21,2018-11-21,2018-11-21,Same Day,Cash,120
OD7690,2016-10-29,2016-10-30,2016-11-04,2016-11-04,Standard,Debit Card,30
OD7691,2018-04-30,2018-05-01,2018-05-06,2018-05-05,Standard,UPI,50
OD7692,2016-12-05,2016-12-05,2016-12-07,2016-12-10,Express,Debit Card,90
OD7693,2018-05-30,2018-05-30,2018-06-04,2018-06-04,Standard,Cash,30
OD7694,2015-08-25,2015-08-25,2015-08-25,2015-08-25,Same Day,Cash,120
OD7695,2017-05-09,2017-05-11,2017-05-16,2017-05-17,Standard,Debit Card,40
OD7696,2017-02-01,2017-02-03,2017-02-05,2017-02-05,Express,Credit Card,70
OD7697,2016-03-23,2016-03-23,2016-03-28,2016-03-30,Standard,UPI,50
OD7698,2016-03-22,2016-03-24,2016-03-26,2016-03-26,Express,UPI,70
OD7699,2018-12-08,2018-12-08,2018-12-13,2018-12-13,Standard,Debit Card,30
OD7700,2015-12-29,2015-12-29,2016-01-03,2016-01-06,Standard,UPI,30
OD7701,2015-12-10,2015-12-10,2015-12-15,2015-12-16,Standard,Credit Card,50
OD7702,2015-12-10,2015-12-12,2015-12-14,2015-12-15,Express,Cash,70
OD7703,2018-01-23,2018-01-23,2018-01-23,2018-01-23,Same Day,Cash,150
OD7704,2015-11-24,2015-11-24,2015-11-29,2015-11-30,Standard,Credit Card,50
OD7705,2018-12-17,2018-12-19,2018-12-21,2018-12-20,Express,Cash,70
OD7706,2018-09-04,2018-09-04,2018-09-09,2018-09-09,Standard,Credit Card,30
OD7707,2015-08-25,2015-08-25,2015-08-25,2015-08-25,Same Day,Credit Card,100
OD7708,2015-10-31,2015-10-31,2015-10-31,2015-10-31,Same Day,Cash,120
OD7709,2017-12-23,2017-12-23,2017-12-28,2017-12-28,Standard,UPI,30
OD7710,2018-12-01,2018-12-03,2018-12-05,2018-12-05,Express,UPI,90
OD7711,2018-07-11,2018-07-11,2018-07-11,2018-07-11,Same Day,Debit Card,100
OD7712,2018-02-05,2018-02-06,2018-02-11,2018-02-11,Standard,UPI,30
OD7713,2018-03-18,2018-03-20,2018-03-25,2018-03-24,Standard,Cash,40
OD7714,2018-12-02,2018-12-04,2018-12-09,2018-12-09,Standard,UPI,40
OD7715,2016-07-26,2016-07-28,2016-08-02,2016-08-02,Standard,Credit Card,30
OD7716,2015-07-21,2015-07-21,2015-07-26,2015-07-26,Standard,Cash,30
OD7718,2015-03-07,2015-03-08,2015-03-13,2015-03-14,Standard,Cash,30
OD7719,2018-03-18,2018-03-20,2018-03-25,2018-03-25,Standard,Debit Card,30
OD7720,2017-09-24,2017-09-25,2017-09-30,2017-09-30,Standard,UPI,50
OD7721,2017-07-21,2017-07-21,2017-07-23,2017-07-22,Express,UPI,70
OD7722,2018-10-05,2018-10-05,2018-10-05,2018-10-05,Same Day,Debit Card,150
OD7723,2018-09-16,2018-09-18,2018-09-23,2018-09-26,Standard,UPI,50
OD7724,2018-02-23,2018-02-23,2018-02-25,2018-02-25,Express,UPI,80
OD7725,2018-10-15,2018-10-17,2018-10-22,2018-10-22,Standard,UPI,50
OD7726,2018-12-22,2018-12-22,2018-12-22,2018-12-22,Same Day,UPI,120
OD7727,2017-11-21,2017-11-22,2017-11-24,2017-11-25,Express,Credit Card,70
OD7728,2018-11-27,2018-11-29,2018-12-04,2018-12-04,Standard,Cash,30
OD7729,2016-10-29,2016-10-31,2016-11-05,2016-11-05,Standard,Debit Card,50
OD7730,2018-11-02,2018-11-04,2018-11-06,2018-11-06,Express,Debit Card,70
OD7731,2015-10-31,2015-11-02,2015-11-04,2015-11-04,Express,Cash,80
OD7732,2015-03-07,2015-03-07,2015-03-09,2015-03-09,Express,Credit Card,80
OD7733,2017-12-18,2017-12-18,2017-12-18,2017-12-18,Same Day,UPI,150
OD7734,2015-07-23,2015-07-25,2015-07-30,2015-07-31,Standard,UPI,50
OD7735,2018-05-14,2018-05-15,2018-05-20,2018-05-19,Standard,Cash,40
OD7736,2017-12-18,2017-12-18,2017-12-18,2017-12-18,Same Day,UPI,120
OD7737,2017-06-12,2017-06-12,2017-06-12,2017-06-12,Same Day,Cash,100
OD7738,2018-08-20,2018-08-20,2018-08-20,2018-08-20,Same Day,Cash,120
OD7739,2015-11-24,2015-11-25,2015-11-27,2015-11-27,Express,Debit Card,90
OD7740,2015-09-19,2015-09-21,2015-09-26,2015-09-26,Standard,Debit Card,50
OD7741,2017-06-05,2017-06-07,2017-06-09,2017-06-08,Express,Credit Card,80
OD7742,2018-03-19,2018-03-21,2018-03-23,2018-03-23,Express,Debit Card,90
OD7744,2017-12-08,2017-12-09,2017-12-14,2017-12-13,Standard,Credit Card,40
OD7745,2017-10-31,2017-11-01,2017-11-06,2017-11-06,Standard,Credit Card,40
OD7746,2018-12-21,2018-12-21,2018-12-23,2018-12-22,Express,Cash,90
OD7747,2018-08-18,2018-08-20,2018-08-22,2018-08-21,Express,Credit Card,70
OD7748,2017-05-19,2017-05-21,2017-05-23,2017-05-23,Express,Debit Card,70
OD7749,2017-12-01,2017-12-01,2017-12-01,2017-12-01,Same Day,Credit Card,120
OD7750,2018-06-24,2018-06-24,2018-06-24,2018-06-24,Same Day,Credit Card,150
OD7751,2016-01-26,2016-01-26,2016-01-28,2016-01-28,Express,Credit Card,80
OD7752,2018-08-17,2018-08-18,2018-08-23,2018-08-24,Standard,UPI,40
OD7753,2018-06-24,2018-06-26,2018-06-28,2018-07-01,Express,Debit Card,90
OD7754,2015-12-29,2015-12-29,2015-12-29,2015-12-29,Same Day,Debit Card,100
OD7755,2017-08-21,2017-08-23,2017-08-28,2017-08-27,Standard,Debit Card,50
OD7756,2017-09-18,2017-09-18,2017-09-18,2017-09-18,Same Day,Cash,120
OD7757,2017-09-20,2017-09-22,2017-09-27,2017-09-27,Standard,Cash,30
OD7759,2017-11-20,2017-11-21,2017-11-26,2017-11-26,Standard,UPI,40
OD7760,2015-10-31,2015-10-31,2015-10-31,2015-10-31,Same Day,UPI,150
OD7761,2018-09-09,2018-09-09,2018-09-09,2018-09-09,Same Day,Cash,120
OD7762,2015-11-26,2015-11-26,2015-12-01,2015-12-04,Standard,Credit Card,50
OD7763,2018-06-03,2018-06-04,2018-06-06,2018-06-06,Express,UPI,80
OD7764,2017-05-19,2017-05-19,2017-05-21,2017-05-24,Express,Debit Card,80
OD7765,2018-12-08,2018-12-09,2018-12-11,2018-12-10,Express,Credit Card,90
OD7766,2016-08-07,2016-08-07,2016-08-07,2016-08-07,Same Day,UPI,120
OD7767,2017-12-17,2017-12-17,2017-12-22,2017-12-23,Standard,Cash,50
OD7768,2018-12-25,2018-12-26,2018-12-28,2018-12-29,Express,Debit Card,70
OD7770,2018-12-02,2018-12-03,2018-12-08,2018-12-08,Standard,Cash,50
OD7771,2016-09-26,2016-09-28,2016-09-30,2016-09-30,Express,Cash,80
OD7772,2017-12-26,2017-12-26,2017-12-31,2017-12-31,Standard,UPI,50
OD7773,2016-12-18,2016-12-20,2016-12-22,2016-12-22,Express,UPI,90
OD7774,2018-12-30,2019-01-01,2019-01-03,2019-01-04,Express,Cash,70
OD7776,2017-08-21,2017-08-21,2017-08-21,2017-08-21,Same Day,Cash,120
OD7777,2018-03-02,2018-03-04,2018-03-09,2018-03-12,Standard,UPI,40
OD7778,2015-10-31,2015-10-31,2015-10-31,2015-10-31,Same Day,Debit Card,120
OD7779,2016-04-10,2016-04-12,2016-04-14,2016-04-14,Express,UPI,70
OD7780,2018-12-10,2018-12-12,2018-12-14,2018-12-13,Express,Debit Card,70
OD7781,2018-02-02,2018-02-04,2018-02-09,2018-02-09,Standard,Credit Card,30
OD7782,2017-09-19,2017-09-19,2017-09-24,2017-09-23,Standard,Credit Card,40
OD7783,2017-09-20,2017-09-20,2017-09-20,2017-09-20,Same Day,UPI,120
OD7784,2017-09-20,2017-09-22,2017-09-27,2017-09-28,Standard,Debit Card,40
OD7785,2018-11-21,2018-11-23,2018-11-25,2018-11-24,Express,UPI,70
OD7786,2017-12-02,2017-12-02,2017-12-07,2017-12-07,Standard,UPI,40
OD7787,2018-01-24,2018-01-26,2018-01-31,2018-02-01,Standard,Credit Card,40
OD7788,2017-12-17,2017-12-17,2017-12-17,2017-12-17,Same Day,UPI,120
OD7789,2018-11-17,2018-11-19,2018-11-24,2018-11-24,Standard,UPI,30
OD7790,2017-11-26,2017-11-26,2017-11-28,2017-11-30,Express,Debit Card,70
OD7791,2015-04-08,2015-04-08,2015-04-13,2015-04-14,Standard,Credit Card,30
OD7792,2016-06-28,2016-06-28,2016-06-28,2016-06-28,Same Day,Cash,100
OD7793,2017-07-18,2017-07-18,2017-07-18,2017-07-18,Same Day,Cash,150
OD7794,2018-09-19,2018-09-19,2018-09-24,2018-09-24,Standard,UPI,30
OD7795,2018-08-17,2018-08-19,2018-08-24,2018-08-24,Standard,Debit Card,30
OD7796,2015-11-26,2015-11-27,2015-12-02,2015-12-04,Standard,Debit Card,30
OD7797,2018-12-25,2018-12-25,2018-12-25,2018-12-25,Same Day,Credit Card,120
OD7798,2015-10-31,2015-11-02,2015-11-07,2015-11-09,Standard,UPI,50
OD7799,2018-09-04,2018-09-06,2018-09-11,2018-09-12,Standard,Debit Card,50
OD7800,2016-07-26,2016-07-28,2016-07-30,2016-07-29,Express,UPI,70
OD7801,2015-10-21,2015-10-22,2015-10-27,2015-10-26,Standard,Credit Card,50
OD7802,2018-08-13,2018-08-13,2018-08-13,2018-08-13,Same Day,Credit Card,120
OD7803,2016-04-26,2016-04-26,2016-04-26,2016-04-26,Same Day,Debit Card,120
OD7805,2015-12-29,2015-12-29,2015-12-29,2015-12-29,Same Day,Cash,150
OD7806,2017-10-27,2017-10-28,2017-10-30,2017-10-30,Express,UPI,80
OD7808,2018-12-24,2018-12-24,2018-12-24,2018-12-24,Same Day,Debit Card,120
OD7809,2018-10-12,2018-10-12,2018-10-12,2018-10-12,Same Day,Debit Card,150
OD7810,2017-06-02,2017-06-02,2017-06-02,2017-06-02,Same Day,Credit Card,100
OD7811,2015-04-08,2015-04-08,2015-04-08,2015-04-08,Same Day,Cash,120
OD7812,2018-05-28,2018-05-28,2018-05-28,2018-05-28,Same Day,Credit Card,100
OD7814,2016-12-08,2016-12-08,2016-12-13,2016-12-12,Standard,Credit Card,50
OD7815,2018-11-17,2018-11-19,2018-11-21,2018-11-21,Express,Credit Card,90
OD7816,2016-10-26,2016-10-28,2016-11-02,2016-11-02,Standard,Credit Card,50
OD7817,2017-07-18,2017-07-20,2017-07-25,2017-07-25,Standard,Credit Card,30
OD7818,2018-12-10,2018-12-11,2018-12-13,2018-12-12,Express,UPI,90
OD7819,2018-07-28,2018-07-28,2018-07-28,2018-07-28,Same Day,Cash,150
OD7820,2018-05-12,2018-05-12,2018-05-12,2018-05-12,Same Day,UPI,100
OD7821,2017-09-15,2017-09-16,2017-09-18,2017-09-19,Express,Credit Card,70
OD7822,2018-11-03,2018-11-03,2018-11-05,2018-11-05,Express,UPI,80
OD7823,2016-05-21,2016-05-22,2016-05-24,2016-05-24,Express,Credit Card,90
OD7824,2017-09-23,2017-09-24,2017-09-26,2017-09-27,Express,Debit Card,70
OD7825,2016-09-26,2016-09-27,2016-09-29,2016-09-29,Express,Cash,70
OD7826,2016-09-26,2016-09-26,2016-09-28,2016-09-28,Express,Debit Card,80
OD7827,2016-10-01,2016-10-03,2016-10-05,2016-10-05,Express,UPI,80
OD7828,2016-10-26,2016-10-26,2016-10-28,2016-10-28,Express,Debit Card,90
OD7829,2017-04-10,2017-04-12,2017-04-14,2017-04-16,Express,UPI,70
OD7830,2018-03-16,2018-03-16,2018-03-16,2018-03-16,Same Day,Cash,100
OD7831,2018-10-13,2018-10-13,2018-10-18,2018-10-20,Standard,Credit Card,30
OD7832,2018-07-11,2018-07-11,2018-07-13,2018-07-15,Express,Credit Card,80
OD7833,2018-01-23,2018-01-23,2018-01-23,2018-01-23,Same Day,Debit Card,150
OD7834,2015-02-15,2015-02-15,2015-02-17,2015-02-16,Express,UPI,70
OD7836,2018-12-09,2018-12-09,2018-12-09,2018-12-09,Same Day,Debit Card,100
OD7838,2017-07-15,2017-07-15,2017-07-15,2017-07-15,Same Day,Credit Card,120
OD7839,2015-09-13,2015-09-14,2015-09-19,2015-09-19,Standard,UPI,30
OD7840,2017-07-18,2017-07-20,2017-07-22,2017-07-24,Express,Cash,90
OD7841,2018-03-16,2018-03-17,2018-03-19,2018-03-19,Express,UPI,70
OD7842,2016-09-28,2016-09-28,2016-10-03,2016-10-03,Standard,Debit Card,50
OD7843,2015-04-26,2015-04-26,2015-04-26,2015-04-26,Same Day,Credit Card,100
OD7844,2016-07-26,2016-07-26,2016-07-26,2016-07-26,Same Day,Credit Card,120
OD7845,2017-03-14,2017-03-15,2017-03-20,2017-03-20,Standard,Credit Card,30
OD7846,2016-10-02,2016-10-02,2016-10-02,2016-10-02,Same Day,Debit Card,120
OD7847,2015-07-08,2015-07-09,2015-07-14,2015-07-14,Standard,Credit Card,50
OD7848,2016-10-26,2016-10-28,2016-10-30,2016-10-30,Express,Credit Card,90
OD7849,2018-09-09,2018-09-09,2018-09-09,2018-09-09,Same Day,Credit Card,150
OD7850,2015-12-09,2015-12-09,2015-12-09,2015-12-09,Same Day,Credit Card,120
OD7851,2016-09-26,2016-09-26,2016-09-26,2016-09-26,Same Day,Cash,100
OD7852,2016-12-21,2016-12-23,2016-12-25,2016-12-25,Express,Cash,80
OD7853,2015-04-12,2015-04-12,2015-04-12,2015-04-12,Same Day,Credit Card,150
OD7854,2017-12-31,2017-12-31,2017-12-31,2017-12-31,Same Day,Debit Card,120
OD7855,2015-11-24,2015-11-24,2015-11-24,2015-11-24,Same Day,Cash,150
OD7856,2018-10-16,2018-10-16,2018-10-21,2018-10-23,Standard,Credit Card,30
OD7857,2018-08-17,2018-08-17,2018-08-22,2018-08-22,Standard,Debit Card,40
OD7858,2017-04-09,2017-04-09,2017-04-09,2017-04-09,Same Day,Debit Card,120
OD7859,2018-08-18,2018-08-18,2018-08-20,2018-08-20,Express,Credit Card,90
OD7860,2017-09-25,2017-09-27,2017-10-02,2017-10-02,Standard,Cash,40
OD7861,2016-10-26,2016-10-26,2016-10-26,2016-10-26,Same Day,UPI,120
OD7862,2017-06-02,2017-06-02,2017-06-02,2017-06-02,Same Day,Credit Card,100
OD7863,2017-09-25,2017-09-25,2017-09-30,2017-09-30,Standard,Debit Card,50
OD7864,2016-09-26,2016-09-26,2016-10-01,2016-10-04,Standard,Credit Card,30
OD7865,2015-12-13,2015-12-15,2015-12-20,2015-12-22,Standard,Debit Card,50
OD7866,2017-12-19,2017-12-19,2017-12-19,2017-12-19,Same Day,Debit Card,100
OD7868,2016-09-04,2016-09-06,2016-09-08,2016-09-08,Express,Credit Card,90
OD7869,2018-12-09,2018-12-09,2018-12-11,2018-12-12,Express,Debit Card,80
OD7870,2017-07-18,2017-07-19,2017-07-21,2017-07-21,Express,Credit Card,70
OD7871,2015-12-30,2016-01-01,2016-01-06,2016-01-06,Standard,Credit Card,30
OD7872,2017-12-19,2017-12-21,2017-12-26,2017-12-29,Standard,UPI,30
OD7873,2018-11-17,2018-11-17,2018-11-17,2018-11-17,Same Day,Debit Card,150
OD7874,2016-10-26,2016-10-28,2016-10-30,2016-11-02,Express,UPI,90
OD7875,2018-12-02,2018-12-02,2018-12-02,2018-12-02,Same Day,Debit Card,100
OD7876,2016-09-26,2016-09-26,2016-09-28,2016-09-27,Express,Debit Card,80
OD7877,2018-07-05,2018-07-06,2018-07-11,2018-07-11,Standard,Debit Card,30
OD7878,2017-11-27,2017-11-27,2017-11-29,2017-12-01,Express,Credit Card,90
OD7879,2017-02-11,2017-02-11,2017-02-11,2017-02-11,Same Day,UPI,150
OD7880,2018-03-13,2018-03-13,2018-03-13,2018-03-13,Same Day,UPI,120
OD7881,2018-10-12,2018-10-13,2018-10-18,2018-10-17,Standard,Credit Card,40
OD7882,2016-05-25,2016-05-25,2016-05-30,2016-06-02,Standard,Credit Card,30
OD7883,2017-08-26,2017-08-28,2017-09-02,2017-09-02,Standard,Debit Card,30
OD7884,2018-09-08,2018-09-08,2018-09-08,2018-09-08,Same Day,UPI,100
OD7885,2018-08-11,2018-08-13,2018-08-18,2018-08-19,Standard,Credit Card,30
OD7886,2016-09-21,2016-09-23,2016-09-25,2016-09-25,Express,Debit Card,80
OD7887,2018-04-21,2018-04-21,2018-04-23,2018-04-22,Express,Debit Card,90
OD7889,2016-03-01,2016-03-01,2016-03-03,2016-03-05,Express,Credit Card,70
OD7890,2016-03-09,2016-03-09,2016-03-09,2016-03-09,Same Day,Credit Card,150
OD7891,2018-12-11,2018-12-11,2018-12-13,2018-12-15,Express,Debit Card,90
OD7892,2016-09-21,2016-09-21,2016-09-21,2016-09-21,Same Day,UPI,150
OD7893,2016-09-03,2016-09-05,2016-09-07,2016-09-07,Express,Cash,90
OD7894,2018-03-24,2018-03-25,2018-03-30,2018-03-30,Standard,Cash,30
OD7895,2018-04-24,2018-04-24,2018-04-24,2018-04-24,Same Day,Cash,120
OD7896,2016-07-11,2016-07-11,2016-07-16,2016-07-15,Standard,UPI,30
OD7897,2016-03-20,2016-03-20,2016-03-25,2016-03-25,Standard,Credit Card,40
OD7898,2016-11-27,2016-11-27,2016-12-02,2016-12-02,Standard,Credit Card,50
OD7899,2018-05-14,2018-05-14,2018-05-16,2018-05-15,Express,Debit Card,70
OD7900,2015-12-31,2016-01-02,2016-01-04,2016-01-06,Express,UPI,80
OD7901,2016-11-27,2016-11-28,2016-12-03,2016-12-03,Standard,Cash,30
OD7902,2017-09-05,2017-09-05,2017-09-10,2017-09-09,Standard,Cash,40
OD7903,2018-11-13,2018-11-15,2018-11-20,2018-11-20,Standard,Cash,40
OD7904,2015-05-30,2015-05-30,2015-06-01,2015-06-01,Express,Credit Card,70
OD7905,2016-09-25,2016-09-25,2016-09-30,2016-09-29,Standard,UPI,40
OD7906,2016-07-16,2016-07-16,2016-07-16,2016-07-16,Same Day,Credit Card,150
OD7907,2018-11-13,2018-11-13,2018-11-13,2018-11-13,Same Day,UPI,120
OD7908,2017-05-30,2017-06-01,2017-06-03,2017-06-03,Express,Cash,90
OD7909,2018-11-13,2018-11-15,2018-11-17,2018-11-18,Express,Credit Card,80
OD7910,2015-02-06,2015-02-07,2015-02-12,2015-02-12,Standard,UPI,30
OD7911,2018-04-16,2018-04-17,2018-04-22,2018-04-22,Standard,Credit Card,50
OD7912,2018-05-18,2018-05-18,2018-05-20,2018-05-20,Express,UPI,80
OD7913,2015-09-08,2015-09-10,2015-09-15,2015-09-17,Standard,Credit Card,50
OD7914,2015-09-08,2015-09-08,2015-09-13,2015-09-13,Standard,Debit Card,50
OD7915,2018-05-18,2018-05-18,2018-05-18,2018-05-18,Same Day,Credit Card,150
OD7916,2015-02-06,2015-02-06,2015-02-08,2015-02-08,Express,Credit Card,80
OD7917,2015-08-27,2015-08-27,2015-09-01,2015-09-01,Standard,UPI,40
OD7918,2017-11-26,2017-11-26,2017-11-26,2017-11-26,Same Day,Debit Card,120
OD7919,2016-07-02,2016-07-02,2016-07-02,2016-07-02,Same Day,Debit Card,150
OD7920,2015-03-19,2015-03-19,2015-03-21,2015-03-21,Express,UPI,80
OD7921,2016-06-11,2016-06-11,2016-06-13,2016-06-13,Express,UPI,90
OD7922,2015-03-19,2015-03-19,2015-03-19,2015-03-19,Same Day,Credit Card,150
OD7923,2017-10-25,2017-10-26,2017-10-28,2017-10-28,Express,Cash,70
OD7924,2018-11-04,2018-11-05,2018-11-10,2018-11-10,Standard,UPI,40
OD7925,2018-01-02,2018-01-02,2018-01-02,2018-01-02,Same Day,Debit Card,120
OD7926,2016-08-31,2016-08-31,2016-09-02,2016-09-02,Express,Debit Card,90
OD7927,2015-07-20,2015-07-20,2015-07-20,2015-07-20,Same Day,UPI,150
OD7928,2015-11-17,2015-11-17,2015-11-17,2015-11-17,Same Day,Credit Card,100
OD7930,2016-03-23,2016-03-24,2016-03-26,2016-03-25,Express,Debit Card,80
OD7931,2016-09-06,2016-09-06,2016-09-06,2016-09-06,Same Day,Debit Card,100
OD7932,2017-12-25,2017-12-27,2017-12-29,2017-12-29,Express,Debit Card,80
OD7933,2015-11-11,2015-11-12,2015-11-17,2015-11-17,Standard,Credit Card,40
OD7934,2016-03-19,2016-03-20,2016-03-25,2016-03-24,Standard,Debit Card,40
OD7935,2015-10-02,2015-10-02,2015-10-04,2015-10-05,Express,UPI,80
OD7936,2017-10-10,2017-10-12,2017-10-14,2017-10-14,Express,UPI,90
OD7937,2018-10-21,2018-10-21,2018-10-21,2018-10-21,Same Day,Debit Card,100
OD7938,2018-03-28,2018-03-30,2018-04-04,2018-04-07,Standard,Debit Card,40
OD7939,2018-04-01,2018-04-02,2018-04-07,2018-04-08,Standard,Cash,30
OD7940,2015-10-02,2015-10-03,2015-10-05,2015-10-07,Express,Debit Card,70
OD7941,2018-11-10,2018-11-10,2018-11-15,2018-11-14,Standard,Credit Card,40
OD7942,2016-11-14,2016-11-14,2016-11-14,2016-11-14,Same Day,Credit Card,150
OD7943,2016-08-31,2016-09-01,2016-09-06,2016-09-06,Standard,Credit Card,30
OD7944,2017-10-07,2017-10-08,2017-10-10,2017-10-10,Express,Cash,90
OD7945,2015-10-02,2015-10-02,2015-10-02,2015-10-02,Same Day,Cash,120
OD7946,2016-11-14,2016-11-16,2016-11-18,2016-11-18,Express,Cash,90
OD7947,2015-12-19,2015-12-19,2015-12-24,2015-12-24,Standard,Credit Card,30
OD7948,2015-11-16,2015-11-18,2015-11-23,2015-11-23,Standard,Debit Card,30
OD7949,2018-10-27,2018-10-27,2018-10-27,2018-10-27,Same Day,Credit Card,120
OD7951,2018-10-27,2018-10-27,2018-10-27,2018-10-27,Same Day,Credit Card,150
OD7952,2018-11-10,2018-11-10,2018-11-10,2018-11-10,Same Day,UPI,150
OD7953,2018-01-14,2018-01-14,2018-01-16,2018-01-17,Express,Cash,80
OD7954,2017-12-25,2017-12-25,2017-12-30,2017-12-30,Standard,UPI,30
OD7955,2017-12-18,2017-12-18,2017-12-20,2017-12-20,Express,UPI,70
OD7956,2018-11-10,2018-11-11,2018-11-16,2018-11-17,Standard,Cash,50
OD7957,2018-09-24,2018-09-24,2018-09-24,2018-09-24,Same Day,UPI,120
OD7958,2016-11-08,2016-11-08,2016-11-10,2016-11-10,Express,UPI,70
OD7959,2018-09-24,2018-09-24,2018-09-24,2018-09-24,Same Day,UPI,100
OD7960,2016-10-30,2016-10-30,2016-10-30,2016-10-30,Same Day,UPI,120
OD7961,2016-11-08,2016-11-08,2016-11-13,2016-11-15,Standard,UPI,50
OD7962,2017-12-12,2017-12-13,2017-12-15,2017-12-16,Express,Credit Card,80
OD7963,2018-08-27,2018-08-29,2018-08-31,2018-08-31,Express,Cash,90
OD7964,2018-12-27,2018-12-28,2019-01-02,2019-01-03,Standard,UPI,40
OD7965,2018-11-12,2018-11-13,2018-11-18,2018-11-18,Standard,Credit Card,30
OD7966,2015-11-24,2015-11-24,2015-11-24,2015-11-24,Same Day,Cash,120
OD7967,2017-07-10,2017-07-12,2017-07-17,2017-07-18,Standard,UPI,30
OD7968,2018-03-05,2018-03-05,2018-03-07,2018-03-08,Express,Debit Card,70
OD7969,2017-08-01,2017-08-01,2017-08-01,2017-08-01,Same Day,Debit Card,100
OD7970,2018-11-16,2018-11-18,2018-11-23,2018-11-23,Standard,Debit Card,30
OD7971,2018-07-24,2018-07-26,2018-07-28,2018-07-29,Express,Cash,80
OD7972,2017-05-14,2017-05-14,2017-05-14,2017-05-14,Same Day,Cash,100
OD7973,2018-06-01,2018-06-03,2018-06-08,2018-06-08,Standard,Credit Card,50
OD7974,2018-06-01,2018-06-03,2018-06-05,2018-06-05,Express,Credit Card,80
OD7975,2017-11-21,2017-11-22,2017-11-24,2017-11-23,Express,Credit Card,70
OD7976,2016-10-09,2016-10-09,2016-10-09,2016-10-09,Same Day,UPI,150
OD7978,2017-12-08,2017-12-08,2017-12-08,2017-12-08,Same Day,UPI,120
OD7979,2017-07-25,2017-07-26,2017-07-31,2017-07-31,Standard,Debit Card,50
OD7980,2017-07-25,2017-07-25,2017-07-30,2017-07-30,Standard,Credit Card,40
OD7981,2016-11-21,2016-11-23,2016-11-25,2016-11-25,Express,UPI,80
OD7982,2017-11-29,2017-11-30,2017-12-02,2017-12-03,Express,UPI,80
OD7983,2015-12-30,2015-12-31,2016-01-02,2016-01-05,Express,Cash,90
OD7984,2016-04-18,2016-04-18,2016-04-20,2016-04-19,Express,Credit Card,90
OD7985,2015-05-20,2015-05-22,2015-05-27,2015-05-27,Standard,Credit Card,40
OD7986,2018-03-14,2018-03-14,2018-03-19,2018-03-19,Standard,Cash,40
OD7987,2015-12-30,2015-12-30,2015-12-30,2015-12-30,Same Day,UPI,150
OD7988,2016-04-18,2016-04-20,2016-04-25,2016-04-25,Standard,UPI,30
OD7989,2018-11-30,2018-12-01,2018-12-03,2018-12-03,Express,Credit Card,70
OD7990,2016-09-04,2016-09-04,2016-09-09,2016-09-09,Standard,Credit Card,50
OD7991,2017-12-23,2017-12-24,2017-12-29,2017-12-31,Standard,Debit Card,50
OD7992,2017-12-23,2017-12-23,2017-12-23,2017-12-23,Same Day,UPI,150
OD7993,2017-12-23,2017-12-25,2017-12-30,2017-12-30,Standard,Credit Card,30
OD7994,2015-12-30,2015-12-31,2016-01-05,2016-01-06,Standard,Debit Card,40
OD7995,2017-12-09,2017-12-10,2017-12-12,2017-12-12,Express,Cash,70
OD7996,2018-11-05,2018-11-05,2018-11-10,2018-11-10,Standard,Cash,30
OD7997,2016-04-18,2016-04-20,2016-04-25,2016-04-25,Standard,Debit Card,30
OD7998,2017-11-27,2017-11-27,2017-12-02,2017-12-01,Standard,Cash,50
OD7999,2018-09-08,2018-09-10,2018-09-12,2018-09-11,Express,Credit Card,80
OD8000,2017-07-08,2017-07-08,2017-07-08,2017-07-08,Same Day,Credit Card,120
OD8001,2018-07-03,2018-07-03,2018-07-03,2018-07-03,Same Day,UPI,120
OD8002,2016-03-17,2016-03-17,2016-03-19,2016-03-19,Express,Credit Card,70
OD8003,2016-09-11,2016-09-11,2016-09-11,2016-09-11,Same Day,UPI,100
OD8004,2018-11-20,2018-11-20,2018-11-22,2018-11-22,Express,UPI,90
OD8005,2018-03-24,2018-03-25,2018-03-27,2018-03-27,Express,Debit Card,80
OD8006,2018-11-09,2018-11-10,2018-11-15,2018-11-18,Standard,Debit Card,50
OD8007,2018-11-20,2018-11-20,2018-11-20,2018-11-20,Same Day,UPI,150
OD8008,2017-12-24,2017-12-26,2017-12-31,2017-12-31,Standard,Credit Card,40
OD8009,2016-10-16,2016-10-18,2016-10-20,2016-10-20,Express,Debit Card,90
OD8010,2018-07-07,2018-07-09,2018-07-14,2018-07-15,Standard,Credit Card,50
OD8011,2017-12-23,2017-12-23,2017-12-23,2017-12-23,Same Day,UPI,150
OD8012,2018-11-13,2018-11-13,2018-11-15,2018-11-15,Express,Debit Card,80
OD8013,2018-09-08,2018-09-08,2018-09-08,2018-09-08,Same Day,UPI,100
OD8014,2017-03-13,2017-03-13,2017-03-13,2017-03-13,Same Day,Cash,150
OD8015,2018-06-19,2018-06-19,2018-06-19,2018-06-19,Same Day,Cash,150
OD8016,2017-03-13,2017-03-13,2017-03-15,2017-03-15,Express,UPI,90
OD8017,2015-12-30,2016-01-01,2016-01-03,2016-01-03,Express,Debit Card,90
OD8018,2017-03-13,2017-03-14,2017-03-19,2017-03-20,Standard,Credit Card,30
OD8019,2015-04-05,2015-04-07,2015-04-09,2015-04-11,Express,Cash,80
OD8020,2015-03-11,2015-03-11,2015-03-11,2015-03-11,Same Day,UPI,100
OD8021,2017-07-16,2017-07-17,2017-07-19,2017-07-19,Express,Cash,70
OD8022,2018-11-24,2018-11-24,2018-11-29,2018-11-29,Standard,UPI,30
OD8023,2018-12-23,2018-12-23,2018-12-23,2018-12-23,Same Day,Cash,150
OD8025,2016-08-07,2016-08-07,2016-08-07,2016-08-07,Same Day,Credit Card,150
OD8026,2017-11-18,2017-11-18,2017-11-18,2017-11-18,Same Day,Debit Card,100
OD8027,2018-03-31,2018-04-02,2018-04-07,2018-04-10,Standard,UPI,30
OD8028,2015-10-18,2015-10-18,2015-10-23,2015-10-22,Standard,Credit Card,50
OD8030,2018-11-02,2018-11-04,2018-11-09,2018-11-08,Standard,Credit Card,40
OD8031,2017-05-26,2017-05-26,2017-05-26,2017-05-26,Same Day,UPI,100
OD8032,2018-04-01,2018-04-03,2018-04-05,2018-04-05,Express,Debit Card,70
OD8033,2016-05-25,2016-05-25,2016-05-30,2016-05-30,Standard,UPI,40
OD8034,2016-09-18,2016-09-20,2016-09-25,2016-09-26,Standard,Debit Card,50
OD8035,2018-01-02,2018-01-02,2018-01-04,2018-01-04,Express,Credit Card,70
OD8036,2017-02-21,2017-02-21,2017-02-21,2017-02-21,Same Day,Debit Card,120
OD8037,2017-10-24,2017-10-25,2017-10-30,2017-10-30,Standard,Cash,40
OD8038,2018-08-21,2018-08-21,2018-08-26,2018-08-25,Standard,UPI,40
OD8039,2015-11-02,2015-11-04,2015-11-06,2015-11-07,Express,Credit Card,70
OD8041,2018-02-18,2018-02-18,2018-02-18,2018-02-18,Same Day,Credit Card,100
OD8042,2018-12-10,2018-12-10,2018-12-15,2018-12-17,Standard,Credit Card,30
OD8043,2017-10-24,2017-10-24,2017-10-26,2017-10-26,Express,Credit Card,70
OD8044,2018-05-02,2018-05-02,2018-05-02,2018-05-02,Same Day,Debit Card,150
OD8045,2018-03-10,2018-03-10,2018-03-15,2018-03-15,Standard,UPI,30
OD8046,2018-12-16,2018-12-17,2018-12-22,2018-12-22,Standard,Credit Card,30
OD8047,2018-12-16,2018-12-16,2018-12-21,2018-12-23,Standard,Cash,40
OD8048,2018-06-27,2018-06-27,2018-06-29,2018-06-29,Express,Debit Card,70
OD8049,2016-12-27,2016-12-27,2016-12-27,2016-12-27,Same Day,Credit Card,150
OD8050,2016-10-30,2016-10-30,2016-10-30,2016-10-30,Same Day,Debit Card,100
OD8051,2018-06-15,2018-06-16,2018-06-18,2018-06-18,Express,Debit Card,80
OD8052,2018-10-17,2018-10-18,2018-10-20,2018-10-20,Express,UPI,80
OD8053,2015-11-02,2015-11-03,2015-11-08,2015-11-07,Standard,Credit Card,40
OD8054,2016-11-21,2016-11-22,2016-11-27,2016-11-27,Standard,Cash,40
OD8055,2018-08-27,2018-08-27,2018-08-29,2018-08-29,Express,UPI,80
OD8056,2016-10-26,2016-10-26,2016-10-28,2016-10-28,Express,Debit Card,90
OD8057,2016-10-26,2016-10-28,2016-11-02,2016-11-03,Standard,Debit Card,50
OD8058,2016-03-01,2016-03-01,2016-03-03,2016-03-03,Express,Cash,70
OD8060,2015-03-26,2015-03-27,2015-04-01,2015-03-31,Standard,Cash,30
OD8061,2017-08-02,2017-08-02,2017-08-04,2017-08-04,Express,Cash,80
OD8062,2018-02-18,2018-02-19,2018-02-24,2018-02-24,Standard,Credit Card,50
OD8063,2016-12-04,2016-12-05,2016-12-10,2016-12-11,Standard,UPI,30
OD8064,2017-08-15,2017-08-17,2017-08-22,2017-08-24,Standard,Cash,30
OD8065,2015-10-19,2015-10-19,2015-10-19,2015-10-19,Same Day,Cash,100
OD8068,2018-11-25,2018-11-25,2018-11-27,2018-11-27,Express,Cash,70
OD8069,2017-02-07,2017-02-08,2017-02-10,2017-02-10,Express,Credit Card,80
OD8071,2015-06-25,2015-06-27,2015-06-29,2015-07-01,Express,Credit Card,70
OD8072,2018-09-11,2018-09-13,2018-09-18,2018-09-17,Standard,Debit Card,30
OD8073,2018-07-21,2018-07-23,2018-07-28,2018-07-28,Standard,Credit Card,50
OD8074,2016-10-30,2016-10-30,2016-11-04,2016-11-03,Standard,Credit Card,40
OD8075,2017-06-20,2017-06-21,2017-06-26,2017-06-26,Standard,Debit Card,40
OD8076,2016-11-26,2016-11-27,2016-11-29,2016-11-29,Express,Debit Card,90
OD8077,2017-04-01,2017-04-01,2017-04-01,2017-04-01,Same Day,UPI,150
OD8078,2015-10-29,2015-10-30,2015-11-04,2015-11-03,Standard,Cash,50
OD8079,2015-10-28,2015-10-29,2015-11-03,2015-11-03,Standard,Debit Card,40
OD8080,2016-12-25,2016-12-27,2016-12-29,2016-12-29,Express,Credit Card,70
OD8082,2015-02-20,2015-02-22,2015-02-24,2015-02-23,Express,UPI,90
OD8083,2015-11-03,2015-11-05,2015-11-07,2015-11-07,Express,Cash,90
OD8084,2018-07-20,2018-07-20,2018-07-25,2018-07-25,Standard,Credit Card,30
OD8086,2018-12-18,2018-12-18,2018-12-23,2018-12-22,Standard,Cash,30
OD8087,2018-05-13,2018-05-13,2018-05-13,2018-05-13,Same Day,UPI,100
OD8088,2016-02-15,2016-02-15,2016-02-15,2016-02-15,Same Day,Debit Card,120
OD8089,2018-09-22,2018-09-22,2018-09-22,2018-09-22,Same Day,UPI,150
OD8090,2018-09-24,2018-09-25,2018-09-27,2018-09-29,Express,Credit Card,80
OD8091,2018-09-24,2018-09-26,2018-09-28,2018-09-28,Express,UPI,70
OD8092,2016-02-15,2016-02-15,2016-02-15,2016-02-15,Same Day,Credit Card,120
OD8093,2017-09-25,2017-09-25,2017-09-25,2017-09-25,Same Day,Cash,100
OD8094,2017-10-02,2017-10-03,2017-10-05,2017-10-06,Express,Debit Card,70
OD8095,2016-10-19,2016-10-21,2016-10-26,2016-10-26,Standard,UPI,40
OD8096,2018-09-22,2018-09-22,2018-09-22,2018-09-22,Same Day,UPI,150
OD8097,2015-12-31,2015-12-31,2016-01-02,2016-01-02,Express,UPI,90
OD8098,2016-12-24,2016-12-25,2016-12-30,2016-12-29,Standard,Credit Card,40
OD8099,2017-11-25,2017-11-26,2017-12-01,2017-12-04,Standard,Cash,50
OD8100,2018-07-29,2018-07-29,2018-07-31,2018-08-01,Express,UPI,80
OD8101,2018-09-03,2018-09-03,2018-09-03,2018-09-03,Same Day,UPI,120
OD8102,2017-01-03,2017-01-03,2017-01-03,2017-01-03,Same Day,Credit Card,150
OD8103,2017-09-06,2017-09-07,2017-09-09,2017-09-10,Express,Cash,70
OD8104,2016-11-02,2016-11-02,2016-11-02,2016-11-02,Same Day,Debit Card,150
OD8105,2017-12-17,2017-12-18,2017-12-23,2017-12-24,Standard,Debit Card,30
OD8106,2015-11-25,2015-11-25,2015-11-25,2015-11-25,Same Day,UPI,150
OD8107,2015-11-12,2015-11-14,2015-11-16,2015-11-16,Express,Debit Card,70
OD8108,2017-01-03,2017-01-05,2017-01-10,2017-01-10,Standard,Debit Card,40
OD8109,2015-05-30,2015-06-01,2015-06-06,2015-06-06,Standard,Credit Card,40
OD8110,2016-11-16,2016-11-16,2016-11-16,2016-11-16,Same Day,Credit Card,150
OD8111,2016-05-02,2016-05-03,2016-05-08,2016-05-08,Standard,Debit Card,40
OD8112,2017-11-11,2017-11-12,2017-11-14,2017-11-13,Express,Cash,80
OD8113,2017-06-20,2017-06-21,2017-06-26,2017-06-26,Standard,Cash,30
OD8114,2018-10-31,2018-10-31,2018-10-31,2018-10-31,Same Day,UPI,100
OD8115,2018-03-26,2018-03-26,2018-03-26,2018-03-26,Same Day,Cash,100
OD8116,2016-08-28,2016-08-28,2016-08-30,2016-08-30,Express,Debit Card,70
OD8117,2018-03-26,2018-03-28,2018-04-02,2018-04-03,Standard,Credit Card,50
OD8118,2016-03-30,2016-03-31,2016-04-05,2016-04-07,Standard,Debit Card,50
OD8119,2016-08-28,2016-08-28,2016-09-02,2016-09-02,Standard,Credit Card,30
OD8120,2017-09-08,2017-09-10,2017-09-15,2017-09-18,Standard,Credit Card,50
OD8121,2015-11-21,2015-11-21,2015-11-23,2015-11-23,Express,Cash,80
OD8122,2017-01-03,2017-01-05,2017-01-07,2017-01-07,Express,Credit Card,70
OD8123,2015-10-10,2015-10-10,2015-10-10,2015-10-10,Same Day,Cash,150
OD8125,2016-05-04,2016-05-06,2016-05-08,2016-05-10,Express,Credit Card,80
OD8126,2017-11-20,2017-11-21,2017-11-23,2017-11-23,Express,Cash,70
OD8127,2015-10-10,2015-10-12,2015-10-14,2015-10-14,Express,Credit Card,80
OD8128,2016-11-20,2016-11-21,2016-11-23,2016-11-23,Express,Credit Card,90
OD8129,2018-08-01,2018-08-01,2018-08-01,2018-08-01,Same Day,Debit Card,120
OD8130,2015-09-02,2015-09-02,2015-09-02,2015-09-02,Same Day,Cash,150
OD8131,2016-10-02,2016-10-02,2016-10-02,2016-10-02,Same Day,Credit Card,100
OD8132,2018-02-16,2018-02-16,2018-02-16,2018-02-16,Same Day,UPI,150
OD8133,2016-10-25,2016-10-27,2016-11-01,2016-11-02,Standard,Cash,50
OD8135,2016-09-18,2016-09-19,2016-09-21,2016-09-21,Express,Credit Card,90
OD8136,2016-11-01,2016-11-01,2016-11-03,2016-11-03,Express,Debit Card,80
OD8137,2015-08-05,2015-08-07,2015-08-09,2015-08-10,Express,Debit Card,70
OD8138,2017-08-18,2017-08-19,2017-08-24,2017-08-24,Standard,Debit Card,40
OD8139,2018-10-02,2018-10-04,2018-10-09,2018-10-11,Standard,UPI,50
OD8140,2017-03-04,2017-03-04,2017-03-04,2017-03-04,Same Day,Debit Card,120
OD8141,2015-04-28,2015-04-30,2015-05-05,2015-05-05,Standard,UPI,30
OD8142,2018-09-02,2018-09-04,2018-09-09,2018-09-09,Standard,Credit Card,50
OD8143,2016-08-24,2016-08-25,2016-08-27,2016-08-27,Express,Cash,70
OD8144,2017-11-11,2017-11-11,2017-11-13,2017-11-15,Express,Credit Card,90
OD8145,2016-11-14,2016-11-14,2016-11-14,2016-11-14,Same Day,UPI,100
OD8146,2016-11-14,2016-11-14,2016-11-14,2016-11-14,Same Day,Cash,120
OD8148,2015-07-19,2015-07-19,2015-07-19,2015-07-19,Same Day,UPI,100
OD8150,2016-03-16,2016-03-16,2016-03-16,2016-03-16,Same Day,UPI,150
OD8151,2016-09-06,2016-09-06,2016-09-06,2016-09-06,Same Day,UPI,150
OD8152,2015-12-04,2015-12-05,2015-12-10,2015-12-13,Standard,Credit Card,30
OD8153,2018-11-10,2018-11-12,2018-11-17,2018-11-19,Standard,Credit Card,30
OD8154,2017-02-21,2017-02-21,2017-02-21,2017-02-21,Same Day,UPI,150
OD8155,2016-02-27,2016-02-27,2016-02-27,2016-02-27,Same Day,Credit Card,120
OD8156,2018-09-02,2018-09-02,2018-09-07,2018-09-07,Standard,Credit Card,30
OD8157,2017-06-26,2017-06-26,2017-06-26,2017-06-26,Same Day,Debit Card,150
OD8158,2017-06-17,2017-06-17,2017-06-17,2017-06-17,Same Day,Debit Card,100
OD8159,2017-09-17,2017-09-17,2017-09-17,2017-09-17,Same Day,Debit Card,150
OD8160,2018-12-11,2018-12-11,2018-12-16,2018-12-16,Standard,Debit Card,40
OD8162,2017-07-17,2017-07-18,2017-07-20,2017-07-20,Express,Debit Card,90
OD8163,2018-09-02,2018-09-03,2018-09-08,2018-09-11,Standard,Debit Card,50
OD8164,2018-07-22,2018-07-22,2018-07-22,2018-07-22,Same Day,Cash,100
OD8165,2018-10-23,2018-10-23,2018-10-23,2018-10-23,Same Day,Debit Card,100
OD8166,2017-06-26,2017-06-26,2017-07-01,2017-07-01,Standard,Cash,50
OD8167,2018-10-05,2018-10-05,2018-10-07,2018-10-06,Express,Debit Card,70
OD8168,2017-05-12,2017-05-12,2017-05-12,2017-05-12,Same Day,Cash,120
OD8169,2018-10-05,2018-10-05,2018-10-10,2018-10-09,Standard,Debit Card,30
OD8170,2018-07-08,2018-07-10,2018-07-12,2018-07-13,Express,Debit Card,90
OD8171,2016-09-07,2016-09-08,2016-09-13,2016-09-14,Standard,Debit Card,30
OD8173,2016-07-06,2016-07-07,2016-07-12,2016-07-11,Standard,Debit Card,30
OD8174,2018-06-03,2018-06-03,2018-06-03,2018-06-03,Same Day,UPI,120
OD8175,2018-09-15,2018-09-15,2018-09-20,2018-09-21,Standard,Debit Card,50
OD8176,2015-11-20,2015-11-22,2015-11-24,2015-11-23,Express,Debit Card,70
OD8177,2018-02-06,2018-02-06,2018-02-06,2018-02-06,Same Day,UPI,120
OD8178,2017-08-26,2017-08-26,2017-08-26,2017-08-26,Same Day,Credit Card,120
OD8179,2018-12-05,2018-12-05,2018-12-05,2018-12-05,Same Day,Cash,100
OD8180,2017-04-16,2017-04-16,2017-04-16,2017-04-16,Same Day,Cash,150
OD8181,2016-09-18,2016-09-20,2016-09-25,2016-09-25,Standard,Cash,40
OD8182,2018-03-12,2018-03-13,2018-03-15,2018-03-16,Express,Debit Card,70
OD8183,2017-10-14,2017-10-15,2017-10-17,2017-10-17,Express,Credit Card,70
OD8184,2017-11-25,2017-11-25,2017-11-25,2017-11-25,Same Day,UPI,100
OD8185,2015-08-04,2015-08-04,2015-08-06,2015-08-06,Express,UPI,80
OD8186,2016-04-30,2016-05-02,2016-05-04,2016-05-03,Express,UPI,90
OD8187,2018-11-28,2018-11-30,2018-12-05,2018-12-05,Standard,UPI,30
OD8188,2018-09-08,2018-09-09,2018-09-14,2018-09-13,Standard,Debit Card,30
OD8189,2016-03-05,2016-03-05,2016-03-07,2016-03-06,Express,Debit Card,90
OD8190,2018-11-12,2018-11-12,2018-11-12,2018-11-12,Same Day,Cash,150
OD8192,2017-08-26,2017-08-26,2017-08-26,2017-08-26,Same Day,Debit Card,120
OD8193,2017-12-06,2017-12-06,2017-12-06,2017-12-06,Same Day,Cash,100
OD8194,2017-11-07,2017-11-07,2017-11-12,2017-11-11,Standard,Cash,30
OD8195,2015-03-02,2015-03-04,2015-03-06,2015-03-08,Express,Debit Card,70
OD8196,2018-09-09,2018-09-11,2018-09-13,2018-09-12,Express,Debit Card,70
OD8197,2018-09-09,2018-09-09,2018-09-09,2018-09-09,Same Day,Credit Card,100
OD8198,2016-08-16,2016-08-16,2016-08-16,2016-08-16,Same Day,UPI,120
OD8199,2018-11-04,2018-11-05,2018-11-10,2018-11-09,Standard,Cash,30
OD8200,2018-12-04,2018-12-04,2018-12-09,2018-12-08,Standard,UPI,40
OD8201,2017-08-14,2017-08-14,2017-08-14,2017-08-14,Same Day,Credit Card,150
OD8202,2018-11-16,2018-11-16,2018-11-18,2018-11-18,Express,Debit Card,70
OD8203,2015-12-02,2015-12-03,2015-12-05,2015-12-05,Express,Cash,90
OD8204,2018-02-24,2018-02-25,2018-03-02,2018-03-02,Standard,Cash,30
OD8205,2018-09-14,2018-09-15,2018-09-17,2018-09-18,Express,UPI,90
OD8206,2015-12-05,2015-12-07,2015-12-12,2015-12-11,Standard,Credit Card,30
OD8207,2018-10-26,2018-10-26,2018-10-28,2018-10-28,Express,Credit Card,70
OD8208,2017-08-14,2017-08-15,2017-08-17,2017-08-17,Express,Cash,70
OD8209,2017-08-14,2017-08-14,2017-08-19,2017-08-19,Standard,Credit Card,30
OD8210,2015-12-05,2015-12-07,2015-12-09,2015-12-10,Express,Credit Card,70
OD8211,2018-12-02,2018-12-02,2018-12-02,2018-12-02,Same Day,Cash,120
OD8212,2016-01-12,2016-01-12,2016-01-12,2016-01-12,Same Day,Cash,120
OD8213,2018-11-24,2018-11-24,2018-11-29,2018-11-29,Standard,Credit Card,30
OD8214,2017-11-05,2017-11-07,2017-11-12,2017-11-12,Standard,UPI,40
OD8215,2017-09-01,2017-09-01,2017-09-03,2017-09-03,Express,Credit Card,70
OD8216,2018-11-16,2018-11-16,2018-11-16,2018-11-16,Same Day,Credit Card,120
OD8217,2016-01-12,2016-01-13,2016-01-15,2016-01-14,Express,UPI,90
OD8218,2016-04-16,2016-04-17,2016-04-19,2016-04-19,Express,UPI,70
OD8219,2015-09-07,2015-09-07,2015-09-07,2015-09-07,Same Day,Cash,150
OD8220,2017-11-28,2017-11-28,2017-11-28,2017-11-28,Same Day,Debit Card,100
OD8221,2016-01-12,2016-01-12,2016-01-12,2016-01-12,Same Day,UPI,120
OD8222,2017-10-09,2017-10-11,2017-10-13,2017-10-13,Express,Cash,80
OD8223,2018-10-19,2018-10-19,2018-10-19,2018-10-19,Same Day,Debit Card,120
OD8224,2016-08-16,2016-08-18,2016-08-20,2016-08-22,Express,Cash,80
OD8225,2018-11-02,2018-11-03,2018-11-08,2018-11-08,Standard,UPI,30
OD8226,2018-10-22,2018-10-22,2018-10-22,2018-10-22,Same Day,Debit Card,150
OD8227,2018-04-30,2018-05-02,2018-05-07,2018-05-06,Standard,Debit Card,30
OD8228,2016-09-07,2016-09-08,2016-09-13,2016-09-12,Standard,Debit Card,30
OD8229,2016-03-05,2016-03-06,2016-03-11,2016-03-10,Standard,Debit Card,40
OD8230,2018-09-09,2018-09-09,2018-09-09,2018-09-09,Same Day,Cash,100
OD8231,2015-09-07,2015-09-07,2015-09-07,2015-09-07,Same Day,Cash,120
OD8232,2018-11-17,2018-11-17,2018-11-22,2018-11-22,Standard,UPI,40
OD8233,2015-12-02,2015-12-02,2015-12-07,2015-12-07,Standard,Credit Card,40
OD8234,2015-11-21,2015-11-23,2015-11-28,2015-11-27,Standard,Cash,50
OD8235,2015-04-04,2015-04-05,2015-04-07,2015-04-07,Express,UPI,90
OD8236,2017-05-30,2017-06-01,2017-06-03,2017-06-03,Express,Debit Card,90
OD8237,2018-09-18,2018-09-18,2018-09-18,2018-09-18,Same Day,Cash,100
OD8238,2016-06-23,2016-06-23,2016-06-25,2016-06-25,Express,Cash,80
OD8239,2017-09-12,2017-09-12,2017-09-12,2017-09-12,Same Day,Credit Card,150
OD8240,2016-06-13,2016-06-13,2016-06-13,2016-06-13,Same Day,Cash,100
OD8241,2016-04-20,2016-04-20,2016-04-20,2016-04-20,Same Day,Cash,150
OD8242,2018-12-14,2018-12-14,2018-12-19,2018-12-18,Standard,Credit Card,40
OD8243,2015-08-17,2015-08-17,2015-08-17,2015-08-17,Same Day,UPI,120
OD8244,2017-01-17,2017-01-17,2017-01-17,2017-01-17,Same Day,UPI,120
OD8245,2016-09-19,2016-09-20,2016-09-22,2016-09-24,Express,Credit Card,70
OD8246,2015-12-27,2015-12-29,2015-12-31,2015-12-31,Express,Cash,70
OD8247,2018-12-14,2018-12-14,2018-12-16,2018-12-16,Express,Cash,80
OD8248,2018-11-17,2018-11-18,2018-11-20,2018-11-20,Express,UPI,80
OD8249,2015-04-07,2015-04-07,2015-04-12,2015-04-14,Standard,Debit Card,50
OD8250,2016-07-31,2016-08-01,2016-08-06,2016-08-07,Standard,Credit Card,30
OD8251,2017-05-30,2017-05-31,2017-06-02,2017-06-02,Express,Debit Card,80
OD8252,2015-03-21,2015-03-23,2015-03-25,2015-03-24,Express,Debit Card,90
OD8253,2018-09-18,2018-09-18,2018-09-23,2018-09-23,Standard,Credit Card,50
OD8254,2016-11-12,2016-11-12,2016-11-12,2016-11-12,Same Day,Debit Card,150
OD8255,2018-10-16,2018-10-18,2018-10-20,2018-10-20,Express,UPI,70
OD8256,2015-07-01,2015-07-03,2015-07-05,2015-07-05,Express,Debit Card,80
OD8257,2018-11-03,2018-11-05,2018-11-10,2018-11-10,Standard,Debit Card,30
OD8258,2018-10-20,2018-10-20,2018-10-20,2018-10-20,Same Day,Credit Card,150
OD8259,2018-06-04,2018-06-06,2018-06-08,2018-06-08,Express,Debit Card,90
OD8260,2018-04-30,2018-04-30,2018-05-02,2018-05-04,Express,Debit Card,90
OD8261,2018-05-27,2018-05-27,2018-05-27,2018-05-27,Same Day,UPI,150
OD8262,2016-12-27,2016-12-27,2016-12-29,2016-12-30,Express,Credit Card,80
OD8263,2017-10-04,2017-10-06,2017-10-08,2017-10-08,Express,Debit Card,90
OD8264,2016-12-15,2016-12-15,2016-12-17,2016-12-17,Express,Debit Card,80
OD8265,2018-06-15,2018-06-15,2018-06-15,2018-06-15,Same Day,UPI,150
OD8266,2017-01-04,2017-01-04,2017-01-06,2017-01-07,Express,Cash,90
OD8267,2018-12-11,2018-12-11,2018-12-11,2018-12-11,Same Day,UPI,150
OD8268,2017-11-20,2017-11-21,2017-11-23,2017-11-23,Express,Debit Card,80
OD8269,2017-05-14,2017-05-15,2017-05-20,2017-05-23,Standard,Debit Card,30
OD8270,2016-03-31,2016-03-31,2016-04-02,2016-04-04,Express,Debit Card,70
OD8271,2016-12-27,2016-12-28,2017-01-02,2017-01-02,Standard,Debit Card,40
OD8272,2017-09-10,2017-09-10,2017-09-15,2017-09-15,Standard,Debit Card,30
OD8273,2018-06-15,2018-06-16,2018-06-18,2018-06-18,Express,Credit Card,90
OD8274,2017-09-22,2017-09-22,2017-09-24,2017-09-27,Express,UPI,70
OD8275,2015-11-01,2015-11-01,2015-11-03,2015-11-04,Express,UPI,70
OD8276,2018-11-09,2018-11-09,2018-11-14,2018-11-14,Standard,Cash,40
OD8277,2015-04-03,2015-04-04,2015-04-06,2015-04-06,Express,Cash,90
OD8278,2017-11-24,2017-11-24,2017-11-24,2017-11-24,Same Day,Credit Card,100
OD8279,2017-11-20,2017-11-21,2017-11-23,2017-11-25,Express,Cash,70
OD8280,2018-10-08,2018-10-09,2018-10-14,2018-10-14,Standard,Credit Card,40
OD8281,2017-02-09,2017-02-09,2017-02-09,2017-02-09,Same Day,Credit Card,120
OD8282,2018-03-09,2018-03-09,2018-03-09,2018-03-09,Same Day,Credit Card,100
OD8283,2016-09-03,2016-09-05,2016-09-10,2016-09-10,Standard,Credit Card,30
OD8284,2016-09-25,2016-09-25,2016-09-25,2016-09-25,Same Day,Credit Card,120
OD8285,2018-08-18,2018-08-20,2018-08-25,2018-08-24,Standard,Credit Card,30
OD8286,2017-01-10,2017-01-12,2017-01-17,2017-01-16,Standard,UPI,40
OD8287,2015-04-06,2015-04-08,2015-04-10,2015-04-10,Express,Credit Card,90
OD8288,2017-08-21,2017-08-22,2017-08-24,2017-08-24,Express,UPI,70
OD8289,2015-04-03,2015-04-04,2015-04-06,2015-04-07,Express,Credit Card,70
OD8290,2017-11-15,2017-11-15,2017-11-15,2017-11-15,Same Day,UPI,120
OD8291,2015-03-26,2015-03-26,2015-03-26,2015-03-26,Same Day,Cash,120
OD8292,2016-12-05,2016-12-05,2016-12-10,2016-12-09,Standard,Credit Card,30
OD8293,2016-10-20,2016-10-21,2016-10-23,2016-10-26,Express,Cash,90
OD8294,2017-02-09,2017-02-10,2017-02-15,2017-02-15,Standard,Debit Card,50
OD8295,2017-11-07,2017-11-07,2017-11-12,2017-11-12,Standard,UPI,50
OD8296,2015-07-23,2015-07-24,2015-07-29,2015-07-29,Standard,Debit Card,30
OD8297,2017-08-07,2017-08-09,2017-08-14,2017-08-14,Standard,Debit Card,40
OD8298,2015-02-14,2015-02-15,2015-02-17,2015-02-19,Express,Debit Card,90
OD8299,2017-10-14,2017-10-16,2017-10-18,2017-10-18,Express,UPI,70
OD8301,2016-12-08,2016-12-08,2016-12-10,2016-12-11,Express,Cash,80
OD8302,2018-10-08,2018-10-08,2018-10-08,2018-10-08,Same Day,UPI,100
OD8303,2015-05-28,2015-05-29,2015-05-31,2015-06-01,Express,UPI,70
OD8304,2017-01-09,2017-01-09,2017-01-09,2017-01-09,Same Day,Cash,120
OD8305,2018-09-19,2018-09-19,2018-09-19,2018-09-19,Same Day,UPI,100
OD8306,2018-07-26,2018-07-26,2018-07-26,2018-07-26,Same Day,UPI,120
OD8307,2015-08-25,2015-08-25,2015-08-25,2015-08-25,Same Day,Cash,100
OD8308,2018-06-03,2018-06-05,2018-06-10,2018-06-12,Standard,Cash,40
OD8309,2018-07-11,2018-07-11,2018-07-13,2018-07-13,Express,Credit Card,80
OD8310,2016-09-03,2016-09-04,2016-09-09,2016-09-09,Standard,Cash,30
OD8312,2018-03-02,2018-03-03,2018-03-08,2018-03-07,Standard,Debit Card,30
OD8313,2018-10-13,2018-10-13,2018-10-15,2018-10-14,Express,Credit Card,70
OD8314,2018-05-27,2018-05-28,2018-06-02,2018-06-02,Standard,UPI,50
OD8315,2015-07-26,2015-07-28,2015-08-02,2015-08-01,Standard,Debit Card,30
OD8316,2018-03-20,2018-03-20,2018-03-20,2018-03-20,Same Day,UPI,100
OD8317,2017-11-24,2017-11-26,2017-11-28,2017-11-29,Express,Credit Card,70
OD8318,2017-09-05,2017-09-05,2017-09-07,2017-09-09,Express,UPI,80
OD8319,2018-11-27,2018-11-27,2018-11-27,2018-11-27,Same Day,UPI,150
OD8321,2018-08-18,2018-08-18,2018-08-20,2018-08-19,Express,Cash,90
OD8322,2018-06-03,2018-06-04,2018-06-09,2018-06-08,Standard,Credit Card,30
OD8323,2018-10-05,2018-10-06,2018-10-08,2018-10-07,Express,UPI,70
OD8324,2018-12-02,2018-12-02,2018-12-04,2018-12-04,Express,UPI,70
OD8325,2018-10-08,2018-10-08,2018-10-08,2018-10-08,Same Day,Credit Card,150
OD8326,2017-12-25,2017-12-25,2017-12-27,2017-12-27,Express,Credit Card,90
OD8327,2018-02-02,2018-02-02,2018-02-02,2018-02-02,Same Day,Credit Card,120
OD8328,2017-12-26,2017-12-28,2017-12-30,2017-12-30,Express,UPI,70
OD8329,2017-08-21,2017-08-23,2017-08-25,2017-08-26,Express,Debit Card,90
OD8330,2015-05-26,2015-05-26,2015-05-31,2015-05-31,Standard,UPI,40
OD8331,2015-05-26,2015-05-26,2015-05-26,2015-05-26,Same Day,UPI,150
OD8332,2016-09-28,2016-09-28,2016-09-28,2016-09-28,Same Day,Debit Card,120
OD8333,2016-04-13,2016-04-14,2016-04-16,2016-04-15,Express,Credit Card,90
OD8335,2018-10-13,2018-10-13,2018-10-13,2018-10-13,Same Day,Cash,100
OD8336,2017-11-15,2017-11-17,2017-11-19,2017-11-19,Express,Credit Card,90
OD8337,2015-09-23,2015-09-23,2015-09-23,2015-09-23,Same Day,Cash,120
OD8338,2018-12-02,2018-12-03,2018-12-08,2018-12-09,Standard,Debit Card,50
OD8339,2017-03-01,2017-03-01,2017-03-06,2017-03-06,Standard,UPI,50
OD8340,2017-12-25,2017-12-25,2017-12-30,2017-12-30,Standard,UPI,50
OD8341,2017-12-02,2017-12-02,2017-12-02,2017-12-02,Same Day,UPI,120
OD8342,2018-09-24,2018-09-24,2018-09-24,2018-09-24,Same Day,Cash,150
OD8343,2018-08-17,2018-08-17,2018-08-19,2018-08-19,Express,UPI,80
OD8344,2016-06-15,2016-06-16,2016-06-21,2016-06-21,Standard,Cash,30
OD8345,2018-09-24,2018-09-24,2018-09-29,2018-09-28,Standard,Credit Card,30
OD8346,2016-05-01,2016-05-01,2016-05-03,2016-05-03,Express,UPI,80
OD8347,2018-03-02,2018-03-02,2018-03-02,2018-03-02,Same Day,Credit Card,100
OD8348,2016-03-22,2016-03-22,2016-03-22,2016-03-22,Same Day,Cash,100
OD8349,2016-04-26,2016-04-27,2016-04-29,2016-04-29,Express,Cash,90
OD8350,2018-08-20,2018-08-22,2018-08-24,2018-08-24,Express,Credit Card,80
OD8351,2015-12-29,2015-12-29,2015-12-31,2015-12-31,Express,Credit Card,90
OD8352,2015-07-23,2015-07-24,2015-07-29,2015-07-30,Standard,Credit Card,30
OD8353,2018-01-24,2018-01-26,2018-01-28,2018-01-30,Express,Credit Card,80
OD8354,2016-11-16,2016-11-16,2016-11-18,2016-11-18,Express,Credit Card,90
OD8355,2017-09-29,2017-09-29,2017-09-29,2017-09-29,Same Day,Credit Card,150
OD8356,2018-09-19,2018-09-19,2018-09-19,2018-09-19,Same Day,Debit Card,120
OD8357,2016-03-15,2016-03-15,2016-03-20,2016-03-20,Standard,Credit Card,50
OD8358,2018-05-28,2018-05-28,2018-05-28,2018-05-28,Same Day,Credit Card,120
OD8359,2015-04-12,2015-04-14,2015-04-16,2015-04-17,Express,Cash,70
OD8360,2018-07-28,2018-07-28,2018-07-28,2018-07-28,Same Day,UPI,120
OD8361,2018-12-22,2018-12-22,2018-12-27,2018-12-29,Standard,Debit Card,50
OD8362,2017-03-24,2017-03-26,2017-03-28,2017-03-28,Express,UPI,80
OD8363,2016-09-26,2016-09-26,2016-10-01,2016-10-02,Standard,UPI,40
OD8364,2018-05-28,2018-05-30,2018-06-01,2018-06-03,Express,Cash,70
OD8365,2017-08-21,2017-08-21,2017-08-26,2017-08-26,Standard,Credit Card,40
OD8366,2018-05-04,2018-05-05,2018-05-10,2018-05-09,Standard,Credit Card,30
OD8367,2016-04-30,2016-05-02,2016-05-04,2016-05-05,Express,Debit Card,80
OD8368,2018-02-05,2018-02-06,2018-02-11,2018-02-11,Standard,Credit Card,40
OD8369,2018-02-23,2018-02-23,2018-02-25,2018-02-26,Express,Credit Card,70
OD8370,2018-11-12,2018-11-12,2018-11-12,2018-11-12,Same Day,Debit Card,150
OD8371,2015-12-29,2015-12-29,2015-12-29,2015-12-29,Same Day,UPI,120
OD8372,2018-07-11,2018-07-11,2018-07-11,2018-07-11,Same Day,Debit Card,120
OD8373,2015-07-23,2015-07-25,2015-07-30,2015-07-30,Standard,Cash,40
OD8374,2018-12-02,2018-12-04,2018-12-09,2018-12-09,Standard,Debit Card,30
OD8375,2018-01-23,2018-01-23,2018-01-25,2018-01-25,Express,Debit Card,70
OD8376,2015-05-28,2015-05-28,2015-05-30,2015-05-30,Express,UPI,70
OD8377,2017-01-09,2017-01-11,2017-01-16,2017-01-16,Standard,UPI,30
OD8378,2016-12-27,2016-12-27,2016-12-29,2016-12-29,Express,UPI,80
OD8379,2017-05-21,2017-05-21,2017-05-21,2017-05-21,Same Day,Debit Card,150
OD8380,2015-04-12,2015-04-14,2015-04-19,2015-04-19,Standard,Credit Card,30
OD8381,2017-12-25,2017-12-25,2017-12-25,2017-12-25,Same Day,Cash,120
OD8382,2017-12-18,2017-12-19,2017-12-24,2017-12-23,Standard,Debit Card,30
OD8383,2016-07-30,2016-07-30,2016-07-30,2016-07-30,Same Day,Debit Card,100
OD8385,2016-03-24,2016-03-24,2016-03-24,2016-03-24,Same Day,Credit Card,120
OD8386,2018-07-25,2018-07-25,2018-07-27,2018-07-27,Express,Credit Card,70
OD8387,2018-06-13,2018-06-15,2018-06-17,2018-06-18,Express,UPI,70
OD8388,2015-03-30,2015-03-30,2015-03-30,2015-03-30,Same Day,Debit Card,150
OD8389,2018-02-17,2018-02-19,2018-02-24,2018-02-24,Standard,Debit Card,30
OD8390,2016-03-19,2016-03-20,2016-03-25,2016-03-27,Standard,Cash,50
OD8391,2016-06-22,2016-06-24,2016-06-29,2016-07-01,Standard,Cash,50
OD8392,2017-09-02,2017-09-03,2017-09-08,2017-09-08,Standard,UPI,40
OD8393,2015-09-21,2015-09-22,2015-09-24,2015-09-24,Express,UPI,80
OD8394,2017-09-19,2017-09-20,2017-09-22,2017-09-22,Express,Credit Card,80
OD8395,2015-12-31,2016-01-02,2016-01-04,2016-01-06,Express,Debit Card,80
OD8396,2018-09-14,2018-09-14,2018-09-14,2018-09-14,Same Day,Cash,150
OD8397,2016-11-02,2016-11-04,2016-11-06,2016-11-06,Express,Credit Card,90
OD8398,2018-12-01,2018-12-01,2018-12-01,2018-12-01,Same Day,Cash,100
OD8399,2018-02-17,2018-02-17,2018-02-22,2018-02-22,Standard,Debit Card,50
OD8400,2017-09-19,2017-09-20,2017-09-22,2017-09-22,Express,Cash,90
OD8401,2015-09-09,2015-09-09,2015-09-09,2015-09-09,Same Day,Debit Card,100
OD8402,2018-02-17,2018-02-17,2018-02-17,2018-02-17,Same Day,Debit Card,100
OD8403,2018-08-22,2018-08-22,2018-08-22,2018-08-22,Same Day,Cash,100
OD8404,2015-04-06,2015-04-08,2015-04-10,2015-04-11,Express,Cash,80
OD8405,2018-02-17,2018-02-17,2018-02-17,2018-02-17,Same Day,Credit Card,120
OD8407,2017-09-16,2017-09-16,2017-09-16,2017-09-16,Same Day,Cash,120
OD8408,2018-04-02,2018-04-02,2018-04-07,2018-04-07,Standard,Cash,40
OD8409,2015-12-20,2015-12-21,2015-12-26,2015-12-25,Standard,UPI,40
OD8410,2015-12-20,2015-12-20,2015-12-20,2015-12-20,Same Day,Cash,120
OD8411,2018-10-02,2018-10-02,2018-10-02,2018-10-02,Same Day,Cash,150
OD8412,2018-10-02,2018-10-03,2018-10-05,2018-10-06,Express,UPI,80
OD8413,2018-10-02,2018-10-02,2018-10-07,2018-10-09,Standard,UPI,40
OD8414,2018-10-02,2018-10-02,2018-10-02,2018-10-02,Same Day,Debit Card,150
OD8415,2018-05-09,2018-05-11,2018-05-13,2018-05-12,Express,UPI,70
OD8416,2015-12-16,2015-12-16,2015-12-21,2015-12-21,Standard,Cash,40
OD8418,2018-02-19,2018-02-19,2018-02-19,2018-02-19,Same Day,Credit Card,120
OD8419,2018-11-30,2018-12-01,2018-12-06,2018-12-06,Standard,Cash,30
OD8420,2017-06-14,2017-06-16,2017-06-21,2017-06-22,Standard,Credit Card,50
OD8421,2018-07-08,2018-07-08,2018-07-08,2018-07-08,Same Day,Debit Card,120
OD8422,2018-12-05,2018-12-05,2018-12-07,2018-12-07,Express,Debit Card,90
OD8423,2018-03-23,2018-03-25,2018-03-27,2018-03-30,Express,Cash,90
OD8424,2018-06-08,2018-06-08,2018-06-08,2018-06-08,Same Day,Credit Card,150
OD8425,2018-06-11,2018-06-11,2018-06-13,2018-06-13,Express,Credit Card,90
OD8426,2018-09-28,2018-09-28,2018-09-28,2018-09-28,Same Day,Cash,150
OD8427,2015-12-16,2015-12-16,2015-12-16,2015-12-16,Same Day,Credit Card,120
OD8428,2015-09-26,2015-09-28,2015-09-30,2015-10-03,Express,Credit Card,80
OD8429,2017-08-22,2017-08-23,2017-08-25,2017-08-24,Express,Cash,70
OD8430,2017-11-12,2017-11-12,2017-11-14,2017-11-17,Express,Debit Card,80
OD8431,2016-09-21,2016-09-23,2016-09-28,2016-09-28,Standard,UPI,50
OD8432,2017-12-11,2017-12-12,2017-12-14,2017-12-14,Express,Cash,70
OD8433,2016-10-24,2016-10-24,2016-10-24,2016-10-24,Same Day,UPI,120
OD8434,2018-11-03,2018-11-03,2018-11-03,2018-11-03,Same Day,Credit Card,100
OD8435,2017-12-18,2017-12-20,2017-12-25,2017-12-25,Standard,UPI,30
OD8436,2018-10-21,2018-10-21,2018-10-21,2018-10-21,Same Day,Debit Card,120
OD8437,2018-12-21,2018-12-21,2018-12-23,2018-12-24,Express,Credit Card,70
OD8438,2018-03-13,2018-03-13,2018-03-13,2018-03-13,Same Day,Debit Card,150
OD8440,2017-11-21,2017-11-21,2017-11-21,2017-11-21,Same Day,Cash,100
OD8442,2017-03-11,2017-03-11,2017-03-11,2017-03-11,Same Day,Credit Card,150
OD8443,2018-09-29,2018-09-30,2018-10-05,2018-10-05,Standard,Cash,50
OD8444,2018-09-29,2018-09-29,2018-10-01,2018-10-01,Express,UPI,70
OD8445,2018-11-19,2018-11-19,2018-11-19,2018-11-19,Same Day,Debit Card,100
OD8446,2017-02-05,2017-02-05,2017-02-07,2017-02-07,Express,Credit Card,70
OD8447,2017-02-05,2017-02-05,2017-02-05,2017-02-05,Same Day,UPI,150
OD8448,2017-12-01,2017-12-01,2017-12-01,2017-12-01,Same Day,Debit Card,150
OD8449,2015-04-15,2015-04-15,2015-04-15,2015-04-15,Same Day,Cash,120
OD8450,2017-07-04,2017-07-05,2017-07-07,2017-07-07,Express,Debit Card,80
OD8451,2015-11-28,2015-11-29,2015-12-01,2015-12-01,Express,Debit Card,70
OD8452,2017-06-14,2017-06-14,2017-06-14,2017-06-14,Same Day,UPI,120
OD8453,2018-11-12,2018-11-12,2018-11-12,2018-11-12,Same Day,Credit Card,100
OD8454,2018-11-12,2018-11-14,2018-11-16,2018-11-15,Express,UPI,90
OD8455,2015-10-10,2015-10-10,2015-10-10,2015-10-10,Same Day,Cash,120
OD8456,2018-09-02,2018-09-04,2018-09-06,2018-09-06,Express,Credit Card,80
OD8457,2015-07-18,2015-07-20,2015-07-22,2015-07-22,Express,UPI,80
OD8458,2017-09-12,2017-09-12,2017-09-12,2017-09-12,Same Day,Credit Card,100
OD8459,2018-09-11,2018-09-11,2018-09-11,2018-09-11,Same Day,Debit Card,120
OD8460,2018-09-22,2018-09-22,2018-09-22,2018-09-22,Same Day,Debit Card,120
OD8461,2016-11-16,2016-11-17,2016-11-19,2016-11-19,Express,Credit Card,90
OD8462,2016-11-16,2016-11-17,2016-11-19,2016-11-18,Express,UPI,70
OD8463,2016-08-09,2016-08-09,2016-08-14,2016-08-14,Standard,Credit Card,40
OD8465,2016-05-23,2016-05-23,2016-05-28,2016-05-27,Standard,Credit Card,30
OD8466,2017-06-12,2017-06-12,2017-06-12,2017-06-12,Same Day,Debit Card,120
OD8467,2018-06-30,2018-07-02,2018-07-04,2018-07-04,Express,Debit Card,70
OD8468,2018-09-17,2018-09-19,2018-09-24,2018-09-25,Standard,UPI,50
OD8469,2017-03-29,2017-03-31,2017-04-02,2017-04-03,Express,UPI,90
OD8470,2018-02-03,2018-02-05,2018-02-07,2018-02-07,Express,UPI,90
OD8471,2018-06-30,2018-06-30,2018-06-30,2018-06-30,Same Day,UPI,150
OD8472,2017-06-12,2017-06-12,2017-06-17,2017-06-17,Standard,Debit Card,30
OD8473,2016-12-21,2016-12-21,2016-12-23,2016-12-23,Express,Cash,80
OD8474,2017-08-18,2017-08-18,2017-08-18,2017-08-18,Same Day,Debit Card,120
OD8475,2017-11-29,2017-11-29,2017-11-29,2017-11-29,Same Day,Debit Card,100
OD8476,2017-09-09,2017-09-11,2017-09-13,2017-09-14,Express,UPI,80
OD8477,2017-08-18,2017-08-18,2017-08-23,2017-08-22,Standard,Cash,30
OD8478,2018-03-04,2018-03-05,2018-03-07,2018-03-07,Express,Cash,70
OD8479,2016-11-27,2016-11-28,2016-11-30,2016-11-30,Express,Cash,90
OD8480,2016-08-02,2016-08-04,2016-08-09,2016-08-10,Standard,UPI,30
OD8481,2018-01-12,2018-01-14,2018-01-16,2018-01-16,Express,Credit Card,90
OD8482,2017-04-04,2017-04-04,2017-04-06,2017-04-07,Express,Cash,80
OD8483,2016-11-27,2016-11-27,2016-12-02,2016-12-02,Standard,UPI,30
OD8485,2018-10-03,2018-10-04,2018-10-06,2018-10-06,Express,Credit Card,80
OD8486,2018-09-03,2018-09-04,2018-09-06,2018-09-06,Express,Credit Card,70
OD8487,2018-09-03,2018-09-03,2018-09-03,2018-09-03,Same Day,Credit Card,100
OD8488,2015-11-25,2015-11-26,2015-12-01,2015-12-03,Standard,Cash,30
OD8489,2017-09-23,2017-09-23,2017-09-23,2017-09-23,Same Day,Debit Card,120
OD8490,2018-11-02,2018-11-02,2018-11-07,2018-11-07,Standard,Debit Card,40
OD8491,2016-11-27,2016-11-27,2016-11-27,2016-11-27,Same Day,Debit Card,150
OD8492,2016-12-19,2016-12-20,2016-12-22,2016-12-24,Express,UPI,70
OD8493,2018-07-03,2018-07-03,2018-07-03,2018-07-03,Same Day,Credit Card,100
OD8494,2017-08-21,2017-08-21,2017-08-21,2017-08-21,Same Day,Debit Card,120
OD8495,2016-09-19,2016-09-19,2016-09-21,2016-09-20,Express,Debit Card,70
OD8496,2016-09-22,2016-09-24,2016-09-29,2016-09-28,Standard,UPI,50
OD8497,2018-09-17,2018-09-17,2018-09-17,2018-09-17,Same Day,Credit Card,150
OD8499,2018-03-31,2018-03-31,2018-03-31,2018-03-31,Same Day,UPI,100
OD8500,2017-04-17,2017-04-17,2017-04-17,2017-04-17,Same Day,Cash,150
OD8501,2015-09-29,2015-09-29,2015-10-01,2015-10-03,Express,Cash,90
OD8502,2016-11-19,2016-11-19,2016-11-24,2016-11-24,Standard,Debit Card,50
OD8503,2018-12-03,2018-12-04,2018-12-09,2018-12-09,Standard,Cash,30
OD8504,2018-01-28,2018-01-28,2018-01-28,2018-01-28,Same Day,UPI,120
OD8505,2018-11-02,2018-11-03,2018-11-05,2018-11-05,Express,Credit Card,80
OD8506,2016-05-25,2016-05-27,2016-06-01,2016-05-31,Standard,Debit Card,30
OD8507,2015-04-19,2015-04-20,2015-04-22,2015-04-22,Express,Credit Card,80
OD8508,2018-11-11,2018-11-11,2018-11-16,2018-11-16,Standard,UPI,50
OD8509,2018-09-02,2018-09-04,2018-09-09,2018-09-09,Standard,Credit Card,30
OD8510,2016-03-13,2016-03-14,2016-03-19,2016-03-19,Standard,Credit Card,50
OD8511,2016-12-01,2016-12-01,2016-12-01,2016-12-01,Same Day,Debit Card,150
OD8512,2015-09-29,2015-09-29,2015-09-29,2015-09-29,Same Day,Cash,150
OD8513,2018-12-09,2018-12-09,2018-12-14,2018-12-15,Standard,Credit Card,30
OD8514,2015-03-18,2015-03-18,2015-03-18,2015-03-18,Same Day,UPI,150
OD8515,2018-09-15,2018-09-16,2018-09-18,2018-09-18,Express,Cash,90
OD8516,2018-02-26,2018-02-26,2018-02-26,2018-02-26,Same Day,Credit Card,100
OD8518,2016-12-01,2016-12-01,2016-12-01,2016-12-01,Same Day,Debit Card,100
OD8519,2016-05-11,2016-05-12,2016-05-14,2016-05-14,Express,Cash,80
OD8520,2018-12-09,2018-12-09,2018-12-14,2018-12-15,Standard,UPI,40
OD8521,2018-05-19,2018-05-20,2018-05-25,2018-05-26,Standard,Credit Card,50
OD8522,2018-06-22,2018-06-22,2018-06-22,2018-06-22,Same Day,Cash,150
OD8523,2015-09-07,2015-09-07,2015-09-09,2015-09-10,Express,Debit Card,90
OD8524,2018-01-14,2018-01-14,2018-01-14,2018-01-14,Same Day,Debit Card,100
OD8525,2018-11-26,2018-11-26,2018-11-26,2018-11-26,Same Day,Cash,120
OD8526,2015-09-12,2015-09-13,2015-09-18,2015-09-18,Standard,UPI,40
OD8527,2017-04-22,2017-04-23,2017-04-25,2017-04-25,Express,Debit Card,80
OD8528,2015-06-14,2015-06-14,2015-06-14,2015-06-14,Same Day,Cash,120
OD8529,2018-11-26,2018-11-27,2018-11-29,2018-11-29,Express,Credit Card,70
OD8530,2016-11-10,2016-11-10,2016-11-10,2016-11-10,Same Day,Debit Card,100
OD8531,2018-11-26,2018-11-26,2018-11-26,2018-11-26,Same Day,UPI,100
OD8532,2017-06-09,2017-06-09,2017-06-09,2017-06-09,Same Day,Credit Card,150
OD8533,2017-12-12,2017-12-14,2017-12-16,2017-12-18,Express,Cash,70
OD8534,2018-11-18,2018-11-18,2018-11-18,2018-11-18,Same Day,Credit Card,150
OD8535,2017-03-20,2017-03-22,2017-03-24,2017-03-25,Express,Debit Card,90
OD8536,2015-11-17,2015-11-17,2015-11-17,2015-11-17,Same Day,Credit Card,150
OD8537,2018-07-09,2018-07-10,2018-07-12,2018-07-12,Express,UPI,80
OD8538,2017-05-30,2017-06-01,2017-06-06,2017-06-08,Standard,UPI,40
OD8539,2015-09-07,2015-09-07,2015-09-07,2015-09-07,Same Day,Credit Card,100
OD8540,2015-08-08,2015-08-08,2015-08-08,2015-08-08,Same Day,Cash,150
OD8541,2016-09-24,2016-09-24,2016-09-24,2016-09-24,Same Day,Cash,150
OD8542,2015-07-20,2015-07-22,2015-07-24,2015-07-24,Express,UPI,90
OD8543,2016-11-22,2016-11-24,2016-11-26,2016-11-26,Express,Debit Card,90
OD8544,2016-12-26,2016-12-26,2016-12-26,2016-12-26,Same Day,Credit Card,150
OD8545,2015-07-12,2015-07-13,2015-07-18,2015-07-19,Standard,Cash,50
OD8546,2018-06-19,2018-06-19,2018-06-21,2018-06-21,Express,UPI,70
OD8547,2016-03-30,2016-03-31,2016-04-02,2016-04-01,Express,Credit Card,90
OD8549,2015-03-01,2015-03-02,2015-03-07,2015-03-06,Standard,UPI,50
OD8550,2015-09-13,2015-09-14,2015-09-19,2015-09-18,Standard,Debit Card,30
OD8551,2017-11-18,2017-11-20,2017-11-25,2017-11-26,Standard,Cash,30
OD8552,2018-10-12,2018-10-12,2018-10-17,2018-10-18,Standard,UPI,40
OD8553,2015-09-25,2015-09-26,2015-09-28,2015-10-01,Express,UPI,70
OD8554,2018-02-17,2018-02-17,2018-02-22,2018-02-22,Standard,Debit Card,40
OD8555,2018-12-14,2018-12-16,2018-12-18,2018-12-18,Express,UPI,80
OD8556,2018-05-11,2018-05-12,2018-05-14,2018-05-13,Express,Cash,90
OD8557,2018-04-20,2018-04-20,2018-04-20,2018-04-20,Same Day,Cash,120
OD8558,2018-08-17,2018-08-19,2018-08-21,2018-08-23,Express,UPI,80
OD8559,2017-09-03,2017-09-05,2017-09-10,2017-09-10,Standard,UPI,30
OD8560,2015-12-29,2015-12-30,2016-01-01,2016-01-01,Express,UPI,70
OD8561,2017-04-30,2017-04-30,2017-04-30,2017-04-30,Same Day,Debit Card,100
OD8562,2018-11-12,2018-11-13,2018-11-15,2018-11-16,Express,Cash,90
OD8563,2017-08-23,2017-08-23,2017-08-23,2017-08-23,Same Day,Credit Card,120
OD8564,2015-07-20,2015-07-22,2015-07-24,2015-07-24,Express,UPI,90
OD8565,2017-07-28,2017-07-30,2017-08-04,2017-08-04,Standard,Credit Card,50
OD8566,2017-07-28,2017-07-28,2017-07-28,2017-07-28,Same Day,UPI,150
OD8567,2016-07-16,2016-07-16,2016-07-21,2016-07-22,Standard,Credit Card,30
OD8568,2016-09-01,2016-09-01,2016-09-06,2016-09-09,Standard,Debit Card,40
OD8569,2018-10-04,2018-10-04,2018-10-06,2018-10-06,Express,UPI,90
OD8570,2018-03-11,2018-03-13,2018-03-18,2018-03-17,Standard,Credit Card,50
OD8571,2016-07-06,2016-07-07,2016-07-12,2016-07-11,Standard,Cash,40
OD8572,2015-12-31,2015-12-31,2016-01-02,2016-01-03,Express,UPI,90
OD8573,2018-12-23,2018-12-23,2018-12-28,2018-12-27,Standard,Cash,30
OD8574,2018-08-21,2018-08-21,2018-08-23,2018-08-23,Express,Credit Card,80
OD8575,2016-09-01,2016-09-02,2016-09-04,2016-09-06,Express,Debit Card,90
OD8576,2016-04-04,2016-04-06,2016-04-08,2016-04-08,Express,Debit Card,80
OD8577,2017-09-08,2017-09-08,2017-09-08,2017-09-08,Same Day,Debit Card,150
OD8579,2016-09-21,2016-09-21,2016-09-21,2016-09-21,Same Day,Cash,150
OD8581,2018-08-21,2018-08-21,2018-08-21,2018-08-21,Same Day,Credit Card,100
OD8582,2016-09-11,2016-09-11,2016-09-16,2016-09-16,Standard,Credit Card,50
OD8583,2018-07-17,2018-07-18,2018-07-20,2018-07-19,Express,Debit Card,70
OD8584,2018-11-28,2018-11-28,2018-12-03,2018-12-06,Standard,Credit Card,40
OD8585,2018-11-28,2018-11-30,2018-12-05,2018-12-05,Standard,Credit Card,50
OD8586,2015-12-31,2015-12-31,2015-12-31,2015-12-31,Same Day,Debit Card,120
OD8587,2017-12-02,2017-12-02,2017-12-02,2017-12-02,Same Day,Cash,100
OD8588,2015-11-09,2015-11-11,2015-11-16,2015-11-16,Standard,Debit Card,40
OD8589,2015-09-08,2015-09-08,2015-09-08,2015-09-08,Same Day,Credit Card,150
OD8592,2016-09-06,2016-09-08,2016-09-13,2016-09-13,Standard,Credit Card,30
OD8593,2017-04-26,2017-04-27,2017-05-02,2017-05-02,Standard,Cash,50
OD8594,2018-06-27,2018-06-27,2018-06-27,2018-06-27,Same Day,Debit Card,100
OD8595,2015-12-27,2015-12-29,2016-01-03,2016-01-03,Standard,UPI,50
OD8596,2018-03-10,2018-03-11,2018-03-13,2018-03-13,Express,UPI,70
OD8597,2016-04-05,2016-04-05,2016-04-05,2016-04-05,Same Day,UPI,100
OD8598,2018-03-10,2018-03-10,2018-03-10,2018-03-10,Same Day,Credit Card,100
OD8599,2016-10-04,2016-10-05,2016-10-10,2016-10-09,Standard,Debit Card,50
OD8600,2018-04-22,2018-04-22,2018-04-22,2018-04-22,Same Day,UPI,150
OD8601,2015-04-23,2015-04-25,2015-04-30,2015-04-30,Standard,Credit Card,50
OD8602,2016-04-05,2016-04-05,2016-04-05,2016-04-05,Same Day,Debit Card,100
OD8603,2016-06-14,2016-06-14,2016-06-14,2016-06-14,Same Day,Cash,150
OD8604,2017-05-06,2017-05-07,2017-05-12,2017-05-12,Standard,Debit Card,50
OD8605,2017-11-10,2017-11-10,2017-11-10,2017-11-10,Same Day,UPI,150
OD8606,2017-01-11,2017-01-11,2017-01-16,2017-01-16,Standard,UPI,30
OD8607,2015-04-23,2015-04-23,2015-04-23,2015-04-23,Same Day,Debit Card,100
OD8608,2015-04-23,2015-04-23,2015-04-25,2015-04-25,Express,Credit Card,90
OD8609,2018-12-14,2018-12-16,2018-12-21,2018-12-21,Standard,Debit Card,30
OD8610,2016-11-20,2016-11-20,2016-11-25,2016-11-26,Standard,UPI,30
OD8611,2018-05-13,2018-05-14,2018-05-16,2018-05-17,Express,UPI,80
OD8612,2017-11-03,2017-11-03,2017-11-05,2017-11-05,Express,Debit Card,70
OD8613,2015-03-28,2015-03-28,2015-04-02,2015-04-04,Standard,UPI,40
OD8614,2016-09-17,2016-09-18,2016-09-20,2016-09-19,Express,Debit Card,70
OD8615,2017-04-19,2017-04-19,2017-04-19,2017-04-19,Same Day,Cash,100
OD8616,2018-03-11,2018-03-11,2018-03-13,2018-03-13,Express,UPI,90
OD8617,2016-04-05,2016-04-05,2016-04-07,2016-04-07,Express,Debit Card,80
OD8618,2018-12-22,2018-12-22,2018-12-22,2018-12-22,Same Day,UPI,150
OD8619,2018-11-20,2018-11-21,2018-11-26,2018-11-26,Standard,UPI,30
OD8620,2017-09-22,2017-09-23,2017-09-28,2017-09-28,Standard,UPI,40
OD8621,2016-11-15,2016-11-17,2016-11-19,2016-11-19,Express,Credit Card,80
OD8622,2017-03-13,2017-03-14,2017-03-19,2017-03-19,Standard,Debit Card,40
OD8623,2016-07-24,2016-07-26,2016-07-28,2016-07-28,Express,Credit Card,90
OD8624,2015-01-26,2015-01-26,2015-01-26,2015-01-26,Same Day,Debit Card,120
OD8625,2015-01-26,2015-01-28,2015-02-02,2015-02-02,Standard,Cash,50
OD8626,2018-06-12,2018-06-14,2018-06-19,2018-06-19,Standard,Cash,30
OD8627,2015-03-14,2015-03-15,2015-03-20,2015-03-21,Standard,UPI,30
OD8628,2017-04-08,2017-04-10,2017-04-15,2017-04-17,Standard,Cash,40
OD8629,2017-05-25,2017-05-26,2017-05-28,2017-05-28,Express,UPI,80
OD8630,2017-03-11,2017-03-13,2017-03-18,2017-03-18,Standard,UPI,50
OD8631,2017-12-20,2017-12-22,2017-12-27,2017-12-27,Standard,Debit Card,30
OD8632,2016-09-05,2016-09-05,2016-09-05,2016-09-05,Same Day,Debit Card,120
OD8633,2017-10-20,2017-10-21,2017-10-23,2017-10-24,Express,Debit Card,80
OD8634,2015-11-24,2015-11-26,2015-11-28,2015-12-01,Express,Cash,70
OD8635,2015-01-06,2015-01-06,2015-01-06,2015-01-06,Same Day,Credit Card,150
OD8636,2017-08-04,2017-08-04,2017-08-04,2017-08-04,Same Day,Credit Card,120
OD8637,2017-10-21,2017-10-23,2017-10-28,2017-10-28,Standard,Debit Card,50
OD8638,2015-03-18,2015-03-18,2015-03-18,2015-03-18,Same Day,Debit Card,100
OD8639,2015-03-18,2015-03-20,2015-03-22,2015-03-25,Express,Credit Card,70
OD8640,2018-04-23,2018-04-24,2018-04-26,2018-04-26,Express,Credit Card,70
OD8641,2018-04-23,2018-04-24,2018-04-26,2018-04-27,Express,Debit Card,80
OD8642,2018-09-26,2018-09-28,2018-10-03,2018-10-03,Standard,Debit Card,30
OD8643,2017-11-24,2017-11-26,2017-11-28,2017-11-29,Express,Debit Card,80
OD8644,2018-04-30,2018-05-01,2018-05-06,2018-05-05,Standard,UPI,30
OD8645,2018-10-07,2018-10-07,2018-10-07,2018-10-07,Same Day,UPI,150
OD8646,2018-05-20,2018-05-22,2018-05-24,2018-05-24,Express,UPI,90
OD8647,2015-12-24,2015-12-24,2015-12-29,2015-12-29,Standard,Cash,30
OD8648,2017-11-10,2017-11-10,2017-11-10,2017-11-10,Same Day,Credit Card,150
OD8649,2018-06-06,2018-06-07,2018-06-09,2018-06-09,Express,UPI,90
OD8650,2017-11-13,2017-11-14,2017-11-19,2017-11-19,Standard,Debit Card,30
OD8651,2017-09-20,2017-09-20,2017-09-20,2017-09-20,Same Day,Debit Card,100
OD8652,2015-03-18,2015-03-18,2015-03-18,2015-03-18,Same Day,Credit Card,100
OD8653,2017-11-24,2017-11-24,2017-11-24,2017-11-24,Same Day,Debit Card,150
OD8654,2018-10-06,2018-10-06,2018-10-11,2018-10-11,Standard,Cash,40
OD8656,2016-11-03,2016-11-04,2016-11-09,2016-11-09,Standard,Credit Card,50
OD8657,2016-12-14,2016-12-16,2016-12-21,2016-12-21,Standard,Credit Card,40
OD8658,2016-09-19,2016-09-19,2016-09-21,2016-09-22,Express,Debit Card,80
OD8659,2018-12-14,2018-12-14,2018-12-14,2018-12-14,Same Day,Debit Card,100
OD8660,2016-09-06,2016-09-06,2016-09-08,2016-09-07,Express,Debit Card,80
OD8661,2016-11-20,2016-11-20,2016-11-22,2016-11-21,Express,Debit Card,90
OD8662,2018-03-21,2018-03-22,2018-03-27,2018-03-27,Standard,Credit Card,50
OD8663,2017-11-24,2017-11-26,2017-11-28,2017-11-27,Express,UPI,90
OD8665,2018-07-08,2018-07-08,2018-07-08,2018-07-08,Same Day,UPI,120
OD8666,2015-04-25,2015-04-25,2015-04-27,2015-04-27,Express,UPI,90
OD8667,2018-08-28,2018-08-28,2018-09-02,2018-09-02,Standard,Credit Card,30
OD8668,2016-05-03,2016-05-03,2016-05-03,2016-05-03,Same Day,UPI,100
OD8669,2015-11-05,2015-11-05,2015-11-05,2015-11-05,Same Day,UPI,150
OD8670,2016-11-13,2016-11-14,2016-11-16,2016-11-16,Express,Debit Card,80
OD8671,2018-11-06,2018-11-07,2018-11-09,2018-11-08,Express,Debit Card,70
OD8672,2018-12-01,2018-12-03,2018-12-08,2018-12-08,Standard,Credit Card,50
OD8673,2015-10-11,2015-10-11,2015-10-13,2015-10-13,Express,Credit Card,80
OD8674,2015-07-09,2015-07-11,2015-07-13,2015-07-13,Express,Debit Card,70
OD8675,2017-10-17,2017-10-17,2017-10-19,2017-10-19,Express,Credit Card,80
OD8676,2018-02-10,2018-02-10,2018-02-15,2018-02-15,Standard,UPI,30
OD8677,2016-08-25,2016-08-25,2016-08-25,2016-08-25,Same Day,Cash,100
OD8678,2018-01-30,2018-02-01,2018-02-06,2018-02-08,Standard,Credit Card,50
OD8679,2016-01-05,2016-01-07,2016-01-12,2016-01-13,Standard,Credit Card,50
OD8680,2018-05-30,2018-05-31,2018-06-02,2018-06-02,Express,Cash,80
OD8681,2015-04-08,2015-04-09,2015-04-14,2015-04-16,Standard,Debit Card,50
OD8683,2018-11-10,2018-11-10,2018-11-15,2018-11-17,Standard,Cash,50
OD8684,2016-09-03,2016-09-03,2016-09-03,2016-09-03,Same Day,Cash,120
OD8685,2017-09-17,2017-09-17,2017-09-19,2017-09-20,Express,UPI,70
OD8686,2018-11-06,2018-11-08,2018-11-13,2018-11-13,Standard,Credit Card,40
OD8687,2018-02-20,2018-02-21,2018-02-26,2018-02-27,Standard,Credit Card,40
OD8688,2017-10-09,2017-10-09,2017-10-09,2017-10-09,Same Day,UPI,100
OD8689,2017-09-24,2017-09-26,2017-10-01,2017-10-01,Standard,Cash,50
OD8690,2017-08-08,2017-08-10,2017-08-15,2017-08-15,Standard,UPI,30
OD8691,2018-12-24,2018-12-25,2018-12-30,2018-12-31,Standard,UPI,50
OD8692,2017-10-03,2017-10-05,2017-10-10,2017-10-10,Standard,Cash,30
OD8693,2018-06-13,2018-06-13,2018-06-15,2018-06-15,Express,Cash,90
OD8694,2017-11-07,2017-11-08,2017-11-13,2017-11-13,Standard,Credit Card,30
OD8695,2018-12-24,2018-12-24,2018-12-24,2018-12-24,Same Day,Cash,150
OD8696,2015-04-25,2015-04-25,2015-04-27,2015-04-29,Express,Credit Card,70
OD8697,2016-06-18,2016-06-19,2016-06-24,2016-06-24,Standard,UPI,50
OD8698,2017-04-24,2017-04-24,2017-04-24,2017-04-24,Same Day,Credit Card,120
OD8699,2016-08-01,2016-08-01,2016-08-03,2016-08-04,Express,Debit Card,70
OD8700,2015-10-10,2015-10-11,2015-10-13,2015-10-12,Express,Debit Card,90
OD8701,2018-05-20,2018-05-20,2018-05-22,2018-05-24,Express,Debit Card,80
OD8702,2016-12-01,2016-12-03,2016-12-05,2016-12-05,Express,Cash,80
OD8703,2017-12-15,2017-12-15,2017-12-20,2017-12-20,Standard,Cash,50
OD8704,2018-02-20,2018-02-20,2018-02-22,2018-02-22,Express,Credit Card,70
OD8705,2018-11-05,2018-11-05,2018-11-10,2018-11-10,Standard,Cash,40
OD8706,2018-04-14,2018-04-14,2018-04-14,2018-04-14,Same Day,Cash,120
OD8707,2018-01-01,2018-01-02,2018-01-04,2018-01-03,Express,Credit Card,70
OD8708,2018-11-14,2018-11-16,2018-11-21,2018-11-21,Standard,Cash,40
OD8709,2016-04-28,2016-04-29,2016-05-04,2016-05-04,Standard,Credit Card,40
OD8710,2018-06-15,2018-06-17,2018-06-19,2018-06-20,Express,Debit Card,90
OD8711,2018-11-05,2018-11-05,2018-11-05,2018-11-05,Same Day,Debit Card,120
OD8712,2018-06-15,2018-06-15,2018-06-15,2018-06-15,Same Day,Debit Card,100
OD8713,2018-08-26,2018-08-26,2018-08-31,2018-08-31,Standard,Cash,40
OD8714,2016-12-05,2016-12-05,2016-12-05,2016-12-05,Same Day,Debit Card,100
OD8715,2018-06-15,2018-06-15,2018-06-15,2018-06-15,Same Day,Credit Card,100
OD8716,2017-09-29,2017-09-30,2017-10-05,2017-10-07,Standard,Cash,30
OD8717,2015-05-03,2015-05-04,2015-05-09,2015-05-09,Standard,Debit Card,40
OD8718,2018-11-05,2018-11-06,2018-11-11,2018-11-12,Standard,UPI,50
OD8719,2016-04-28,2016-04-30,2016-05-05,2016-05-04,Standard,Cash,30
OD8720,2015-03-14,2015-03-14,2015-03-14,2015-03-14,Same Day,Credit Card,100
OD8721,2016-03-19,2016-03-19,2016-03-24,2016-03-25,Standard,Debit Card,40
OD8722,2015-09-07,2015-09-09,2015-09-14,2015-09-15,Standard,UPI,40
OD8723,2018-09-18,2018-09-18,2018-09-18,2018-09-18,Same Day,UPI,100
OD8724,2018-06-13,2018-06-15,2018-06-20,2018-06-20,Standard,Credit Card,40
OD8725,2015-03-30,2015-04-01,2015-04-06,2015-04-07,Standard,UPI,50
OD8726,2018-07-02,2018-07-03,2018-07-05,2018-07-05,Express,Credit Card,70
OD8727,2018-02-17,2018-02-17,2018-02-17,2018-02-17,Same Day,Credit Card,150
OD8728,2018-08-05,2018-08-05,2018-08-05,2018-08-05,Same Day,Cash,100
OD8729,2015-09-07,2015-09-07,2015-09-12,2015-09-12,Standard,Credit Card,30
OD8730,2018-07-02,2018-07-04,2018-07-06,2018-07-06,Express,Debit Card,70
OD8731,2015-09-03,2015-09-03,2015-09-03,2015-09-03,Same Day,Cash,150
OD8732,2016-07-13,2016-07-13,2016-07-15,2016-07-15,Express,Cash,80
OD8733,2017-09-08,2017-09-08,2017-09-08,2017-09-08,Same Day,UPI,150
OD8735,2018-04-04,2018-04-05,2018-04-10,2018-04-10,Standard,Credit Card,30
OD8736,2016-03-07,2016-03-07,2016-03-07,2016-03-07,Same Day,Debit Card,100
OD8737,2016-03-07,2016-03-08,2016-03-10,2016-03-10,Express,Cash,90
OD8738,2017-11-26,2017-11-27,2017-12-02,2017-12-02,Standard,Credit Card,40
OD8739,2016-05-08,2016-05-08,2016-05-08,2016-05-08,Same Day,Debit Card,150
OD8740,2017-01-15,2017-01-17,2017-01-22,2017-01-21,Standard,Cash,40
OD8741,2017-09-19,2017-09-21,2017-09-23,2017-09-22,Express,Debit Card,90
OD8742,2016-07-02,2016-07-03,2016-07-05,2016-07-05,Express,Credit Card,90
OD8743,2017-09-19,2017-09-20,2017-09-22,2017-09-22,Express,UPI,70
OD8744,2018-04-02,2018-04-03,2018-04-05,2018-04-06,Express,UPI,80
OD8745,2018-04-04,2018-04-04,2018-04-06,2018-04-06,Express,Debit Card,80
OD8746,2018-09-14,2018-09-16,2018-09-18,2018-09-17,Express,Credit Card,80
OD8747,2018-10-22,2018-10-22,2018-10-24,2018-10-23,Express,Cash,90
OD8748,2017-06-07,2017-06-07,2017-06-12,2017-06-12,Standard,Debit Card,50
OD8749,2017-09-22,2017-09-22,2017-09-22,2017-09-22,Same Day,Debit Card,120
OD8750,2018-08-27,2018-08-29,2018-09-03,2018-09-03,Standard,Credit Card,30
OD8751,2017-09-19,2017-09-19,2017-09-21,2017-09-21,Express,Credit Card,70
OD8752,2015-04-06,2015-04-06,2015-04-08,2015-04-07,Express,Credit Card,80
OD8753,2016-11-01,2016-11-02,2016-11-04,2016-11-03,Express,UPI,80
OD8754,2017-10-07,2017-10-07,2017-10-07,2017-10-07,Same Day,Credit Card,150
OD8755,2016-04-07,2016-04-07,2016-04-12,2016-04-12,Standard,Cash,40
OD8756,2017-11-24,2017-11-25,2017-11-30,2017-11-30,Standard,Cash,40
OD8757,2016-05-29,2016-05-29,2016-05-31,2016-05-31,Express,Cash,70
OD8760,2018-08-27,2018-08-27,2018-08-29,2018-08-29,Express,Credit Card,70
OD8761,2017-12-27,2017-12-27,2017-12-27,2017-12-27,Same Day,Debit Card,150
OD8762,2015-09-09,2015-09-09,2015-09-14,2015-09-14,Standard,Credit Card,30
OD8763,2015-09-21,2015-09-21,2015-09-21,2015-09-21,Same Day,Credit Card,100
OD8764,2016-12-06,2016-12-06,2016-12-06,2016-12-06,Same Day,UPI,100
OD8765,2018-07-30,2018-07-30,2018-07-30,2018-07-30,Same Day,Credit Card,100
OD8766,2018-04-20,2018-04-22,2018-04-27,2018-04-28,Standard,UPI,30
OD8767,2018-02-17,2018-02-19,2018-02-21,2018-02-23,Express,Cash,70
OD8768,2017-07-25,2017-07-27,2017-07-29,2017-07-30,Express,UPI,90
OD8769,2015-12-20,2015-12-21,2015-12-23,2015-12-26,Express,Credit Card,90
OD8770,2018-10-30,2018-10-30,2018-11-01,2018-11-01,Express,UPI,80
OD8771,2015-12-20,2015-12-21,2015-12-26,2015-12-27,Standard,Cash,50
OD8772,2015-10-13,2015-10-14,2015-10-16,2015-10-16,Express,Credit Card,80
OD8773,2017-04-04,2017-04-05,2017-04-07,2017-04-07,Express,UPI,70
OD8774,2015-10-13,2015-10-13,2015-10-13,2015-10-13,Same Day,UPI,100
OD8775,2015-10-13,2015-10-15,2015-10-20,2015-10-20,Standard,Credit Card,30
OD8776,2018-10-30,2018-10-31,2018-11-02,2018-11-02,Express,UPI,90
OD8777,2018-10-30,2018-10-30,2018-10-30,2018-10-30,Same Day,Cash,100
OD8778,2015-05-13,2015-05-13,2015-05-13,2015-05-13,Same Day,Cash,120
OD8779,2018-10-02,2018-10-04,2018-10-09,2018-10-09,Standard,Credit Card,40
OD8780,2018-04-25,2018-04-25,2018-04-25,2018-04-25,Same Day,Credit Card,100
OD8781,2018-09-08,2018-09-09,2018-09-14,2018-09-16,Standard,Debit Card,30
OD8782,2018-04-25,2018-04-25,2018-04-25,2018-04-25,Same Day,UPI,150
OD8783,2018-10-02,2018-10-02,2018-10-04,2018-10-04,Express,UPI,90
OD8784,2017-11-26,2017-11-26,2017-11-26,2017-11-26,Same Day,Cash,120
OD8785,2018-10-02,2018-10-04,2018-10-06,2018-10-06,Express,Debit Card,80
OD8786,2015-05-13,2015-05-14,2015-05-19,2015-05-20,Standard,Cash,30
OD8787,2018-03-26,2018-03-28,2018-03-30,2018-04-01,Express,UPI,90
OD8788,2018-09-05,2018-09-05,2018-09-05,2018-09-05,Same Day,UPI,120
OD8789,2016-11-29,2016-11-29,2016-12-04,2016-12-04,Standard,UPI,50
OD8790,2016-09-21,2016-09-23,2016-09-28,2016-09-29,Standard,Debit Card,50
OD8791,2018-09-04,2018-09-04,2018-09-09,2018-09-10,Standard,Credit Card,50
OD8792,2018-02-19,2018-02-20,2018-02-25,2018-02-25,Standard,Cash,50
OD8793,2017-06-14,2017-06-14,2017-06-16,2017-06-16,Express,Credit Card,70
OD8794,2015-09-26,2015-09-26,2015-09-26,2015-09-26,Same Day,Credit Card,150
OD8795,2015-12-07,2015-12-07,2015-12-07,2015-12-07,Same Day,Credit Card,120
OD8796,2017-09-02,2017-09-03,2017-09-08,2017-09-09,Standard,Cash,50
OD8797,2018-05-09,2018-05-09,2018-05-11,2018-05-11,Express,UPI,70
OD8798,2017-06-14,2017-06-16,2017-06-21,2017-06-21,Standard,UPI,40
OD8799,2018-05-09,2018-05-10,2018-05-15,2018-05-16,Standard,UPI,50
OD8800,2017-03-10,2017-03-11,2017-03-13,2017-03-13,Express,Cash,80
OD8801,2017-11-10,2017-11-10,2017-11-10,2017-11-10,Same Day,Credit Card,100
OD8802,2015-05-26,2015-05-26,2015-05-31,2015-06-01,Standard,Credit Card,30
OD8803,2017-11-17,2017-11-18,2017-11-20,2017-11-20,Express,Debit Card,70
OD8804,2017-12-10,2017-12-10,2017-12-15,2017-12-16,Standard,Credit Card,30
OD8805,2018-06-11,2018-06-13,2018-06-15,2018-06-15,Express,UPI,90
OD8806,2018-09-26,2018-09-26,2018-09-26,2018-09-26,Same Day,Debit Card,100
OD8807,2017-07-01,2017-07-01,2017-07-01,2017-07-01,Same Day,Credit Card,150
OD8808,2018-09-28,2018-09-28,2018-09-30,2018-09-30,Express,Debit Card,90
OD8809,2018-12-17,2018-12-18,2018-12-20,2018-12-23,Express,UPI,90
OD8810,2018-12-05,2018-12-05,2018-12-05,2018-12-05,Same Day,Debit Card,120
OD8812,2018-09-28,2018-09-30,2018-10-05,2018-10-07,Standard,UPI,50
OD8814,2016-05-03,2016-05-04,2016-05-09,2016-05-09,Standard,Credit Card,40
OD8815,2018-09-23,2018-09-25,2018-09-27,2018-09-29,Express,UPI,90
OD8816,2016-04-13,2016-04-13,2016-04-13,2016-04-13,Same Day,Debit Card,150
OD8817,2018-09-28,2018-09-28,2018-09-30,2018-10-02,Express,Credit Card,70
OD8818,2018-06-11,2018-06-11,2018-06-11,2018-06-11,Same Day,Debit Card,120
OD8819,2017-12-18,2017-12-18,2017-12-18,2017-12-18,Same Day,Cash,120
OD8820,2017-11-10,2017-11-10,2017-11-10,2017-11-10,Same Day,UPI,120
OD8821,2017-12-18,2017-12-20,2017-12-25,2017-12-25,Standard,UPI,30
OD8822,2018-06-11,2018-06-11,2018-06-11,2018-06-11,Same Day,Cash,120
OD8823,2018-06-11,2018-06-11,2018-06-13,2018-06-14,Express,Credit Card,70
OD8824,2018-10-12,2018-10-13,2018-10-18,2018-10-18,Standard,Cash,30
OD8825,2017-10-17,2017-10-17,2017-10-19,2017-10-19,Express,Cash,80
OD8826,2018-05-09,2018-05-09,2018-05-09,2018-05-09,Same Day,UPI,120
OD8827,2018-03-23,2018-03-24,2018-03-26,2018-03-25,Express,Cash,80
OD8828,2018-12-05,2018-12-05,2018-12-10,2018-12-12,Standard,UPI,30
OD8829,2018-12-05,2018-12-06,2018-12-08,2018-12-08,Express,Credit Card,70
OD8830,2016-04-13,2016-04-14,2016-04-16,2016-04-16,Express,UPI,70
OD8831,2018-09-07,2018-09-07,2018-09-07,2018-09-07,Same Day,Cash,150
OD8832,2018-09-28,2018-09-28,2018-09-30,2018-09-30,Express,Cash,80
OD8833,2017-10-06,2017-10-06,2017-10-06,2017-10-06,Same Day,UPI,120
OD8835,2017-12-18,2017-12-18,2017-12-20,2017-12-22,Express,Debit Card,80
OD8836,2017-05-20,2017-05-20,2017-05-25,2017-05-26,Standard,Credit Card,30
OD8837,2017-06-26,2017-06-27,2017-07-02,2017-07-02,Standard,Debit Card,50
OD8838,2016-11-09,2016-11-10,2016-11-15,2016-11-15,Standard,UPI,40
OD8839,2018-12-10,2018-12-10,2018-12-12,2018-12-12,Express,Cash,80
OD8840,2017-06-26,2017-06-27,2017-06-29,2017-07-02,Express,Debit Card,90
OD8841,2017-06-26,2017-06-28,2017-07-03,2017-07-03,Standard,Cash,40
OD8842,2016-05-10,2016-05-10,2016-05-10,2016-05-10,Same Day,Cash,120
OD8843,2018-03-13,2018-03-13,2018-03-13,2018-03-13,Same Day,Credit Card,100
OD8844,2017-04-03,2017-04-03,2017-04-03,2017-04-03,Same Day,Debit Card,120
OD8846,2018-03-13,2018-03-13,2018-03-18,2018-03-18,Standard,UPI,30
OD8847,2018-03-13,2018-03-13,2018-03-18,2018-03-18,Standard,Cash,50
OD8848,2018-11-04,2018-11-05,2018-11-07,2018-11-07,Express,UPI,80
OD8849,2018-11-04,2018-11-06,2018-11-08,2018-11-07,Express,Debit Card,90
OD8850,2016-05-10,2016-05-10,2016-05-10,2016-05-10,Same Day,Debit Card,120
OD8851,2018-11-04,2018-11-06,2018-11-11,2018-11-14,Standard,Cash,50
OD8852,2017-07-01,2017-07-03,2017-07-05,2017-07-05,Express,Credit Card,70
OD8853,2016-12-10,2016-12-10,2016-12-10,2016-12-10,Same Day,Debit Card,150
OD8854,2018-10-20,2018-10-20,2018-10-20,2018-10-20,Same Day,UPI,100
OD8855,2016-12-10,2016-12-12,2016-12-14,2016-12-14,Express,Credit Card,90
OD8856,2016-12-10,2016-12-10,2016-12-15,2016-12-18,Standard,Cash,40
OD8857,2017-07-01,2017-07-01,2017-07-03,2017-07-03,Express,Debit Card,80
OD8858,2016-06-19,2016-06-21,2016-06-23,2016-06-24,Express,UPI,80
OD8859,2018-09-29,2018-09-30,2018-10-02,2018-10-03,Express,Debit Card,80
OD8860,2018-09-29,2018-09-30,2018-10-05,2018-10-04,Standard,UPI,30
OD8861,2018-11-30,2018-11-30,2018-11-30,2018-11-30,Same Day,Credit Card,150
OD8862,2016-12-18,2016-12-19,2016-12-21,2016-12-20,Express,Debit Card,90
OD8863,2018-11-19,2018-11-19,2018-11-21,2018-11-21,Express,UPI,80
OD8864,2018-09-19,2018-09-19,2018-09-21,2018-09-20,Express,Debit Card,80
OD8865,2017-02-05,2017-02-05,2017-02-05,2017-02-05,Same Day,UPI,150
OD8866,2017-02-05,2017-02-06,2017-02-11,2017-02-11,Standard,Debit Card,40
OD8867,2018-06-04,2018-06-05,2018-06-10,2018-06-10,Standard,Cash,40
OD8868,2017-02-05,2017-02-05,2017-02-05,2017-02-05,Same Day,Debit Card,120
OD8869,2017-02-05,2017-02-05,2017-02-05,2017-02-05,Same Day,Credit Card,100
OD8870,2017-05-24,2017-05-24,2017-05-26,2017-05-26,Express,UPI,90
OD8871,2017-02-05,2017-02-05,2017-02-07,2017-02-09,Express,Debit Card,80
OD8872,2017-05-24,2017-05-24,2017-05-24,2017-05-24,Same Day,Credit Card,150
OD8873,2018-06-04,2018-06-04,2018-06-06,2018-06-05,Express,Debit Card,80
OD8874,2017-02-05,2017-02-06,2017-02-11,2017-02-12,Standard,Credit Card,40
OD8875,2015-04-07,2015-04-07,2015-04-07,2015-04-07,Same Day,Cash,150
OD8876,2017-02-05,2017-02-07,2017-02-12,2017-02-15,Standard,UPI,50
OD8878,2017-12-01,2017-12-01,2017-12-06,2017-12-06,Standard,Credit Card,40
OD8879,2015-04-15,2015-04-16,2015-04-21,2015-04-21,Standard,UPI,30
OD8880,2018-09-11,2018-09-11,2018-09-13,2018-09-15,Express,UPI,80
OD8881,2015-10-10,2015-10-10,2015-10-15,2015-10-16,Standard,Debit Card,50
OD8882,2018-09-11,2018-09-12,2018-09-14,2018-09-13,Express,Cash,70
OD8883,2015-11-28,2015-11-29,2015-12-04,2015-12-04,Standard,Cash,30
OD8884,2018-11-10,2018-11-10,2018-11-10,2018-11-10,Same Day,UPI,100
OD8885,2017-12-01,2017-12-01,2017-12-01,2017-12-01,Same Day,Credit Card,100
OD8886,2015-09-19,2015-09-19,2015-09-19,2015-09-19,Same Day,Credit Card,100
OD8887,2018-11-06,2018-11-07,2018-11-09,2018-11-09,Express,Cash,70
OD8888,2017-12-01,2017-12-03,2017-12-05,2017-12-04,Express,Debit Card,70
OD8889,2015-11-03,2015-11-03,2015-11-03,2015-11-03,Same Day,Cash,150
OD8890,2015-11-28,2015-11-29,2015-12-04,2015-12-04,Standard,Cash,40
OD8891,2018-11-06,2018-11-06,2018-11-06,2018-11-06,Same Day,Cash,150
OD8892,2018-11-06,2018-11-07,2018-11-12,2018-11-11,Standard,Debit Card,40
OD8893,2017-12-30,2017-12-30,2017-12-30,2017-12-30,Same Day,Cash,120
OD8894,2018-11-06,2018-11-08,2018-11-13,2018-11-14,Standard,Cash,50
OD8895,2017-07-25,2017-07-25,2017-07-25,2017-07-25,Same Day,Cash,120
OD8897,2016-11-29,2016-12-01,2016-12-03,2016-12-03,Express,UPI,90
OD8898,2018-11-12,2018-11-12,2018-11-12,2018-11-12,Same Day,Cash,150
OD8899,2017-07-10,2017-07-10,2017-07-15,2017-07-16,Standard,Cash,30
OD8900,2017-05-06,2017-05-08,2017-05-10,2017-05-10,Express,Credit Card,80
OD8901,2018-12-11,2018-12-11,2018-12-16,2018-12-19,Standard,Cash,30
OD8902,2018-11-06,2018-11-07,2018-11-09,2018-11-12,Express,UPI,80
OD8903,2016-05-25,2016-05-27,2016-06-01,2016-05-31,Standard,Credit Card,50
OD8904,2017-04-09,2017-04-09,2017-04-09,2017-04-09,Same Day,Debit Card,120
OD8905,2015-06-03,2015-06-03,2015-06-08,2015-06-08,Standard,Credit Card,50
OD8906,2016-05-25,2016-05-25,2016-05-25,2016-05-25,Same Day,Credit Card,150
OD8907,2018-12-11,2018-12-11,2018-12-11,2018-12-11,Same Day,Credit Card,150
OD8908,2015-08-23,2015-08-23,2015-08-28,2015-08-28,Standard,Debit Card,30
OD8909,2018-11-25,2018-11-25,2018-11-30,2018-11-29,Standard,Credit Card,50
OD8910,2016-02-22,2016-02-23,2016-02-25,2016-02-25,Express,Credit Card,80
OD8911,2018-11-06,2018-11-06,2018-11-06,2018-11-06,Same Day,Cash,120
OD8912,2016-09-14,2016-09-15,2016-09-17,2016-09-17,Express,Cash,70
OD8913,2017-10-17,2017-10-18,2017-10-23,2017-10-26,Standard,Credit Card,30
OD8915,2018-05-18,2018-05-18,2018-05-20,2018-05-22,Express,UPI,80
OD8916,2018-09-22,2018-09-22,2018-09-22,2018-09-22,Same Day,Cash,120
OD8917,2016-11-16,2016-11-17,2016-11-19,2016-11-18,Express,UPI,70
OD8918,2016-05-23,2016-05-23,2016-05-23,2016-05-23,Same Day,Credit Card,100
OD8919,2018-09-04,2018-09-04,2018-09-09,2018-09-10,Standard,Cash,40
OD8920,2015-10-20,2015-10-21,2015-10-26,2015-10-28,Standard,UPI,40
OD8921,2018-03-04,2018-03-04,2018-03-06,2018-03-08,Express,UPI,70
OD8922,2018-02-03,2018-02-05,2018-02-10,2018-02-12,Standard,Credit Card,40
OD8923,2015-10-20,2015-10-21,2015-10-23,2015-10-23,Express,UPI,70
OD8924,2018-03-04,2018-03-04,2018-03-04,2018-03-04,Same Day,Cash,150
OD8925,2017-12-05,2017-12-07,2017-12-09,2017-12-09,Express,Debit Card,80
OD8926,2016-12-21,2016-12-23,2016-12-28,2016-12-28,Standard,Credit Card,50
OD8927,2018-02-03,2018-02-03,2018-02-05,2018-02-05,Express,UPI,90
OD8928,2017-09-05,2017-09-05,2017-09-05,2017-09-05,Same Day,Credit Card,150
OD8929,2018-10-27,2018-10-27,2018-10-27,2018-10-27,Same Day,Cash,150
OD8930,2018-09-17,2018-09-17,2018-09-22,2018-09-22,Standard,UPI,40
OD8931,2017-03-29,2017-03-31,2017-04-02,2017-04-02,Express,Credit Card,90
OD8932,2018-06-18,2018-06-18,2018-06-18,2018-06-18,Same Day,UPI,100
OD8933,2017-06-12,2017-06-13,2017-06-15,2017-06-15,Express,Debit Card,70
OD8934,2015-10-20,2015-10-22,2015-10-24,2015-10-24,Express,Debit Card,80
OD8935,2016-05-13,2016-05-13,2016-05-15,2016-05-17,Express,Cash,90
OD8936,2018-02-03,2018-02-05,2018-02-10,2018-02-11,Standard,Credit Card,40
OD8937,2017-06-12,2017-06-12,2017-06-12,2017-06-12,Same Day,UPI,150
OD8938,2017-06-12,2017-06-12,2017-06-12,2017-06-12,Same Day,Cash,100
OD8939,2016-12-08,2016-12-10,2016-12-15,2016-12-14,Standard,UPI,40
OD8940,2015-10-20,2015-10-22,2015-10-27,2015-10-30,Standard,UPI,30
OD8941,2017-06-12,2017-06-12,2017-06-12,2017-06-12,Same Day,Credit Card,120
OD8942,2016-11-30,2016-11-30,2016-12-05,2016-12-06,Standard,Credit Card,40
OD8943,2017-06-12,2017-06-12,2017-06-14,2017-06-15,Express,Debit Card,80
OD8944,2018-09-17,2018-09-19,2018-09-24,2018-09-24,Standard,Debit Card,50
OD8945,2018-11-13,2018-11-13,2018-11-18,2018-11-19,Standard,Debit Card,30
OD8946,2017-09-02,2017-09-02,2017-09-02,2017-09-02,Same Day,Cash,150
OD8947,2017-09-10,2017-09-12,2017-09-14,2017-09-15,Express,UPI,90
OD8948,2018-09-03,2018-09-03,2018-09-03,2018-09-03,Same Day,Cash,120
OD8949,2016-08-02,2016-08-04,2016-08-06,2016-08-06,Express,Credit Card,80
OD8950,2017-09-10,2017-09-12,2017-09-14,2017-09-14,Express,Cash,90
OD8951,2017-04-04,2017-04-04,2017-04-09,2017-04-09,Standard,Cash,40
OD8952,2018-10-03,2018-10-05,2018-10-10,2018-10-10,Standard,Credit Card,30
OD8953,2016-03-16,2016-03-16,2016-03-16,2016-03-16,Same Day,UPI,150
OD8955,2016-11-22,2016-11-23,2016-11-28,2016-11-27,Standard,Cash,50
OD8956,2016-11-27,2016-11-27,2016-11-27,2016-11-27,Same Day,UPI,120
OD8957,2015-11-17,2015-11-17,2015-11-17,2015-11-17,Same Day,UPI,150
OD8958,2017-09-19,2017-09-21,2017-09-23,2017-09-23,Express,Credit Card,70
OD8959,2016-11-22,2016-11-23,2016-11-28,2016-11-28,Standard,Debit Card,50
OD8960,2016-06-04,2016-06-04,2016-06-09,2016-06-09,Standard,Credit Card,40
OD8961,2018-09-03,2018-09-04,2018-09-06,2018-09-07,Express,UPI,80
OD8962,2017-12-18,2017-12-19,2017-12-21,2017-12-21,Express,Credit Card,70
OD8963,2015-11-25,2015-11-25,2015-11-30,2015-11-30,Standard,Credit Card,30
OD8964,2018-11-08,2018-11-08,2018-11-13,2018-11-15,Standard,Credit Card,50
OD8965,2016-10-01,2016-10-02,2016-10-04,2016-10-07,Express,Debit Card,90
OD8966,2016-11-27,2016-11-27,2016-11-29,2016-11-29,Express,UPI,90
OD8967,2016-12-19,2016-12-19,2016-12-19,2016-12-19,Same Day,UPI,150
OD8968,2017-09-19,2017-09-19,2017-09-19,2017-09-19,Same Day,Credit Card,100
OD8969,2016-05-31,2016-06-02,2016-06-07,2016-06-08,Standard,Credit Card,40
OD8970,2018-01-12,2018-01-14,2018-01-16,2018-01-16,Express,Debit Card,80
OD8971,2016-11-27,2016-11-27,2016-11-27,2016-11-27,Same Day,Credit Card,120
OD8972,2018-12-08,2018-12-08,2018-12-10,2018-12-12,Express,Debit Card,90
OD8973,2016-12-03,2016-12-03,2016-12-03,2016-12-03,Same Day,Debit Card,150
OD8974,2017-12-05,2017-12-05,2017-12-07,2017-12-06,Express,Cash,70
OD8975,2018-05-13,2018-05-14,2018-05-16,2018-05-16,Express,UPI,90
OD8976,2015-08-22,2015-08-22,2015-08-22,2015-08-22,Same Day,UPI,150
OD8977,2016-06-13,2016-06-14,2016-06-16,2016-06-17,Express,UPI,90
OD8978,2015-11-19,2015-11-21,2015-11-23,2015-11-23,Express,Cash,90
OD8979,2017-09-22,2017-09-22,2017-09-22,2017-09-22,Same Day,UPI,100
OD8980,2016-04-29,2016-04-29,2016-04-29,2016-04-29,Same Day,UPI,150
OD8981,2017-12-08,2017-12-08,2017-12-13,2017-12-15,Standard,Credit Card,50
OD8982,2017-09-23,2017-09-23,2017-09-23,2017-09-23,Same Day,Credit Card,150
OD8983,2017-01-11,2017-01-13,2017-01-15,2017-01-14,Express,Cash,70
OD8984,2017-01-11,2017-01-11,2017-01-11,2017-01-11,Same Day,Credit Card,150
OD8985,2017-08-12,2017-08-12,2017-08-14,2017-08-14,Express,Credit Card,90
OD8986,2018-07-03,2018-07-03,2018-07-08,2018-07-08,Standard,UPI,30
OD8987,2018-07-03,2018-07-04,2018-07-06,2018-07-06,Express,Debit Card,80
OD8988,2017-09-23,2017-09-23,2017-09-23,2017-09-23,Same Day,Debit Card,150
OD8989,2017-09-23,2017-09-23,2017-09-23,2017-09-23,Same Day,UPI,120
OD8991,2016-11-30,2016-12-02,2016-12-04,2016-12-06,Express,UPI,90
OD8992,2018-12-25,2018-12-27,2018-12-29,2018-12-28,Express,UPI,90
OD8993,2018-12-25,2018-12-25,2018-12-25,2018-12-25,Same Day,Debit Card,100
OD8994,2018-09-17,2018-09-17,2018-09-22,2018-09-22,Standard,Cash,30
OD8996,2018-12-25,2018-12-25,2018-12-30,2018-12-31,Standard,Debit Card,50
OD8997,2018-12-10,2018-12-12,2018-12-14,2018-12-14,Express,Cash,80
OD8998,2018-08-11,2018-08-12,2018-08-17,2018-08-16,Standard,UPI,40
OD8999,2016-05-26,2016-05-26,2016-05-26,2016-05-26,Same Day,Credit Card,100
OD9000,2016-05-26,2016-05-28,2016-05-30,2016-05-31,Express,Cash,90
OD9002,2017-12-24,2017-12-24,2017-12-24,2017-12-24,Same Day,UPI,120
OD9003,2016-05-26,2016-05-28,2016-06-02,2016-06-02,Standard,Cash,50
OD9004,2017-12-29,2017-12-29,2017-12-29,2017-12-29,Same Day,Cash,100
OD9005,2017-12-29,2017-12-29,2017-12-29,2017-12-29,Same Day,Credit Card,150
OD9006,2016-09-06,2016-09-08,2016-09-10,2016-09-10,Express,Debit Card,80
OD9007,2017-12-24,2017-12-26,2017-12-31,2017-12-31,Standard,Credit Card,50
OD9008,2018-11-10,2018-11-10,2018-11-10,2018-11-10,Same Day,UPI,120
OD9009,2018-12-09,2018-12-11,2018-12-13,2018-12-13,Express,Credit Card,90
OD9010,2018-05-19,2018-05-19,2018-05-24,2018-05-26,Standard,Credit Card,30
OD9011,2017-09-01,2017-09-01,2017-09-03,2017-09-03,Express,Debit Card,90
OD9012,2016-11-08,2016-11-08,2016-11-10,2016-11-10,Express,Debit Card,80
OD9013,2015-07-25,2015-07-25,2015-07-30,2015-07-30,Standard,UPI,40
OD9014,2015-04-23,2015-04-25,2015-04-27,2015-04-27,Express,UPI,80
OD9015,2018-03-16,2018-03-16,2018-03-18,2018-03-18,Express,Debit Card,80
OD9016,2016-09-27,2016-09-29,2016-10-01,2016-10-03,Express,Credit Card,70
OD9017,2018-03-16,2018-03-18,2018-03-23,2018-03-22,Standard,Credit Card,50
OD9018,2015-11-11,2015-11-11,2015-11-11,2015-11-11,Same Day,UPI,150
OD9019,2018-12-09,2018-12-10,2018-12-15,2018-12-14,Standard,UPI,30
OD9020,2018-05-19,2018-05-19,2018-05-19,2018-05-19,Same Day,Debit Card,150
OD9021,2016-04-18,2016-04-19,2016-04-24,2016-04-23,Standard,Cash,40
OD9022,2018-12-16,2018-12-17,2018-12-19,2018-12-19,Express,UPI,90
OD9023,2016-09-27,2016-09-29,2016-10-01,2016-10-01,Express,Debit Card,90
OD9024,2018-09-24,2018-09-25,2018-09-30,2018-09-29,Standard,Debit Card,40
OD9025,2017-10-21,2017-10-22,2017-10-27,2017-10-27,Standard,Debit Card,50
OD9026,2018-11-02,2018-11-02,2018-11-07,2018-11-07,Standard,Debit Card,40
OD9027,2017-04-15,2017-04-15,2017-04-15,2017-04-15,Same Day,Credit Card,150
OD9028,2016-09-27,2016-09-28,2016-10-03,2016-10-03,Standard,UPI,50
OD9029,2015-11-19,2015-11-19,2015-11-19,2015-11-19,Same Day,UPI,120
OD9030,2016-04-12,2016-04-13,2016-04-18,2016-04-19,Standard,UPI,50
OD9031,2016-12-01,2016-12-03,2016-12-08,2016-12-07,Standard,UPI,30
OD9032,2017-09-19,2017-09-19,2017-09-19,2017-09-19,Same Day,Debit Card,150
OD9033,2018-02-26,2018-02-26,2018-02-26,2018-02-26,Same Day,Credit Card,120
OD9034,2018-10-15,2018-10-16,2018-10-18,2018-10-20,Express,UPI,90
OD9035,2015-12-27,2015-12-27,2015-12-27,2015-12-27,Same Day,Cash,100
OD9036,2015-11-11,2015-11-11,2015-11-11,2015-11-11,Same Day,UPI,100
OD9037,2018-02-26,2018-02-28,2018-03-02,2018-03-02,Express,Debit Card,90
OD9038,2018-02-26,2018-02-28,2018-03-02,2018-03-04,Express,Cash,90
OD9039,2015-07-25,2015-07-25,2015-07-27,2015-07-29,Express,UPI,80
OD9040,2018-09-02,2018-09-04,2018-09-06,2018-09-06,Express,Debit Card,90
OD9041,2018-11-02,2018-11-04,2018-11-09,2018-11-09,Standard,Credit Card,40
OD9042,2016-09-17,2016-09-17,2016-09-19,2016-09-22,Express,Cash,90
OD9043,2016-12-01,2016-12-01,2016-12-03,2016-12-03,Express,Cash,70
OD9044,2016-12-01,2016-12-03,2016-12-05,2016-12-04,Express,Credit Card,70
OD9045,2018-12-16,2018-12-18,2018-12-20,2018-12-20,Express,Cash,80
OD9046,2018-09-24,2018-09-24,2018-09-24,2018-09-24,Same Day,Cash,100
OD9047,2017-10-21,2017-10-23,2017-10-28,2017-10-28,Standard,Debit Card,50
OD9048,2018-03-13,2018-03-13,2018-03-13,2018-03-13,Same Day,UPI,150
OD9049,2018-11-02,2018-11-02,2018-11-02,2018-11-02,Same Day,Debit Card,150
OD9050,2018-03-13,2018-03-14,2018-03-16,2018-03-18,Express,UPI,90
OD9051,2018-11-02,2018-11-04,2018-11-09,2018-11-09,Standard,UPI,40
OD9052,2016-04-18,2016-04-19,2016-04-21,2016-04-21,Express,Credit Card,80
OD9053,2018-03-13,2018-03-15,2018-03-17,2018-03-17,Express,Cash,80
OD9054,2016-10-02,2016-10-02,2016-10-07,2016-10-07,Standard,UPI,50
OD9055,2017-09-08,2017-09-08,2017-09-08,2017-09-08,Same Day,Cash,120
OD9056,2016-07-04,2016-07-06,2016-07-08,2016-07-08,Express,UPI,70
OD9057,2015-03-07,2015-03-09,2015-03-14,2015-03-13,Standard,Debit Card,30
OD9058,2017-09-19,2017-09-19,2017-09-19,2017-09-19,Same Day,Cash,100
OD9059,2017-10-21,2017-10-22,2017-10-27,2017-10-27,Standard,Debit Card,40
OD9060,2015-08-03,2015-08-04,2015-08-06,2015-08-05,Express,Cash,70
OD9061,2017-09-08,2017-09-10,2017-09-12,2017-09-13,Express,Credit Card,70
OD9063,2018-09-02,2018-09-03,2018-09-05,2018-09-05,Express,Debit Card,90
OD9064,2018-11-02,2018-11-02,2018-11-02,2018-11-02,Same Day,Cash,150
OD9065,2016-03-02,2016-03-02,2016-03-04,2016-03-05,Express,Credit Card,70
OD9066,2018-12-28,2018-12-28,2018-12-28,2018-12-28,Same Day,Credit Card,120
OD9067,2018-07-01,2018-07-02,2018-07-07,2018-07-07,Standard,Credit Card,40
OD9068,2016-08-10,2016-08-10,2016-08-10,2016-08-10,Same Day,Debit Card,100
OD9069,2018-01-14,2018-01-16,2018-01-21,2018-01-21,Standard,Debit Card,50
OD9070,2017-08-23,2017-08-23,2017-08-23,2017-08-23,Same Day,Credit Card,150
OD9071,2016-11-10,2016-11-12,2016-11-14,2016-11-13,Express,UPI,70
OD9072,2017-11-05,2017-11-07,2017-11-12,2017-11-12,Standard,Debit Card,50
OD9073,2016-12-01,2016-12-01,2016-12-01,2016-12-01,Same Day,Debit Card,150
OD9074,2018-02-20,2018-02-20,2018-02-25,2018-02-25,Standard,Debit Card,50
OD9075,2017-05-30,2017-06-01,2017-06-03,2017-06-03,Express,Cash,80
OD9076,2015-09-12,2015-09-12,2015-09-12,2015-09-12,Same Day,Debit Card,120
OD9077,2017-08-11,2017-08-11,2017-08-11,2017-08-11,Same Day,UPI,120
OD9078,2015-09-07,2015-09-07,2015-09-09,2015-09-09,Express,Credit Card,90
OD9079,2018-01-14,2018-01-15,2018-01-17,2018-01-17,Express,Credit Card,80
OD9080,2017-07-28,2017-07-29,2017-08-03,2017-08-03,Standard,Debit Card,30
OD9081,2016-12-01,2016-12-01,2016-12-06,2016-12-09,Standard,Credit Card,50
OD9082,2017-10-15,2017-10-15,2017-10-15,2017-10-15,Same Day,Cash,150
OD9083,2016-06-12,2016-06-12,2016-06-12,2016-06-12,Same Day,Cash,150
OD9084,2018-01-14,2018-01-15,2018-01-17,2018-01-17,Express,Credit Card,80
OD9085,2017-12-12,2017-12-14,2017-12-19,2017-12-19,Standard,Cash,50
OD9086,2015-08-02,2015-08-03,2015-08-08,2015-08-08,Standard,Cash,30
OD9087,2015-09-07,2015-09-07,2015-09-07,2015-09-07,Same Day,UPI,120
OD9088,2018-02-20,2018-02-20,2018-02-20,2018-02-20,Same Day,UPI,120
OD9089,2017-10-15,2017-10-16,2017-10-18,2017-10-18,Express,Debit Card,80
OD9090,2017-05-30,2017-05-30,2017-05-30,2017-05-30,Same Day,UPI,120
OD9091,2017-09-05,2017-09-06,2017-09-11,2017-09-12,Standard,Credit Card,40
OD9092,2016-08-10,2016-08-10,2016-08-12,2016-08-14,Express,Debit Card,80
OD9093,2016-11-10,2016-11-11,2016-11-13,2016-11-13,Express,UPI,70
OD9094,2018-09-07,2018-09-08,2018-09-13,2018-09-13,Standard,Debit Card,30
OD9095,2015-05-17,2015-05-17,2015-05-17,2015-05-17,Same Day,UPI,100
OD9096,2018-11-11,2018-11-11,2018-11-11,2018-11-11,Same Day,Cash,150
OD9097,2015-08-08,2015-08-09,2015-08-14,2015-08-13,Standard,Debit Card,40
OD9098,2017-08-23,2017-08-23,2017-08-25,2017-08-25,Express,UPI,70
OD9099,2018-04-06,2018-04-07,2018-04-09,2018-04-08,Express,Debit Card,70
OD9100,2016-12-01,2016-12-01,2016-12-01,2016-12-01,Same Day,Credit Card,100
OD9101,2016-11-10,2016-11-12,2016-11-14,2016-11-13,Express,UPI,70
OD9102,2015-09-12,2015-09-12,2015-09-14,2015-09-14,Express,UPI,70
OD9103,2018-08-28,2018-08-28,2018-08-28,2018-08-28,Same Day,Cash,120
OD9105,2016-12-22,2016-12-24,2016-12-26,2016-12-26,Express,Debit Card,80
OD9106,2015-11-16,2015-11-16,2015-11-18,2015-11-18,Express,Credit Card,90
OD9107,2016-09-24,2016-09-26,2016-10-01,2016-10-01,Standard,UPI,40
OD9108,2018-01-21,2018-01-23,2018-01-25,2018-01-25,Express,UPI,80
OD9109,2017-10-15,2017-10-17,2017-10-22,2017-10-22,Standard,Credit Card,50
OD9110,2016-08-10,2016-08-11,2016-08-13,2016-08-13,Express,Credit Card,90
OD9111,2017-08-23,2017-08-24,2017-08-26,2017-08-25,Express,Cash,90
OD9112,2018-12-17,2018-12-17,2018-12-17,2018-12-17,Same Day,Credit Card,120
OD9113,2018-07-01,2018-07-03,2018-07-05,2018-07-05,Express,UPI,70
OD9114,2018-07-01,2018-07-01,2018-07-03,2018-07-04,Express,Credit Card,70
OD9115,2017-11-18,2017-11-19,2017-11-21,2017-11-21,Express,UPI,80
OD9116,2017-05-30,2017-05-30,2017-06-01,2017-06-01,Express,Debit Card,70
OD9117,2018-08-28,2018-08-28,2018-09-02,2018-09-02,Standard,UPI,40
OD9118,2017-12-12,2017-12-13,2017-12-15,2017-12-17,Express,Cash,90
OD9119,2017-05-30,2017-06-01,2017-06-06,2017-06-07,Standard,UPI,40
OD9120,2017-11-05,2017-11-06,2017-11-08,2017-11-08,Express,Debit Card,70
OD9121,2018-01-21,2018-01-21,2018-01-21,2018-01-21,Same Day,Debit Card,150
OD9122,2016-07-05,2016-07-07,2016-07-12,2016-07-13,Standard,Cash,40
OD9123,2015-08-02,2015-08-02,2015-08-02,2015-08-02,Same Day,Cash,120
OD9124,2018-12-28,2018-12-29,2018-12-31,2019-01-01,Express,UPI,70
OD9125,2015-11-16,2015-11-17,2015-11-19,2015-11-19,Express,Credit Card,70
OD9126,2018-05-29,2018-05-31,2018-06-02,2018-06-02,Express,Debit Card,80
OD9128,2017-11-05,2017-11-05,2017-11-07,2017-11-07,Express,Debit Card,90
OD9129,2017-08-11,2017-08-11,2017-08-11,2017-08-11,Same Day,UPI,100
OD9130,2015-11-16,2015-11-16,2015-11-21,2015-11-21,Standard,Debit Card,30
OD9131,2018-01-14,2018-01-15,2018-01-17,2018-01-17,Express,Credit Card,70
OD9132,2016-03-02,2016-03-02,2016-03-02,2016-03-02,Same Day,Credit Card,150
OD9133,2017-10-15,2017-10-16,2017-10-18,2017-10-20,Express,Cash,90
OD9134,2015-11-16,2015-11-16,2015-11-18,2015-11-18,Express,Cash,90
OD9135,2017-05-30,2017-05-30,2017-06-01,2017-06-01,Express,UPI,90
OD9136,2017-08-11,2017-08-13,2017-08-15,2017-08-15,Express,Debit Card,90
OD9137,2017-07-28,2017-07-28,2017-07-30,2017-07-30,Express,UPI,70
OD9138,2017-10-15,2017-10-17,2017-10-22,2017-10-24,Standard,UPI,30
OD9139,2017-05-30,2017-05-30,2017-05-30,2017-05-30,Same Day,Debit Card,120
OD9140,2017-02-22,2017-02-23,2017-02-25,2017-02-24,Express,UPI,90
OD9141,2015-08-08,2015-08-08,2015-08-08,2015-08-08,Same Day,UPI,150
OD9142,2016-10-15,2016-10-16,2016-10-18,2016-10-21,Express,Cash,90
OD9143,2017-07-25,2017-07-25,2017-07-25,2017-07-25,Same Day,Credit Card,120
OD9144,2018-07-16,2018-07-18,2018-07-20,2018-07-19,Express,Debit Card,90
OD9147,2017-11-18,2017-11-18,2017-11-20,2017-11-22,Express,Cash,90
OD9148,2018-11-12,2018-11-12,2018-11-17,2018-11-19,Standard,Debit Card,50
OD9149,2015-09-25,2015-09-27,2015-10-02,2015-10-04,Standard,UPI,40
OD9150,2015-07-12,2015-07-13,2015-07-18,2015-07-18,Standard,Credit Card,40
OD9151,2018-11-04,2018-11-04,2018-11-06,2018-11-05,Express,Credit Card,90
OD9152,2015-11-23,2015-11-25,2015-11-30,2015-11-30,Standard,UPI,30
OD9154,2017-04-18,2017-04-19,2017-04-24,2017-04-24,Standard,Debit Card,50
OD9155,2018-05-11,2018-05-11,2018-05-11,2018-05-11,Same Day,UPI,100
OD9156,2018-10-12,2018-10-14,2018-10-16,2018-10-16,Express,Cash,90
OD9157,2015-04-25,2015-04-25,2015-04-25,2015-04-25,Same Day,UPI,150
OD9158,2017-11-18,2017-11-20,2017-11-25,2017-11-25,Standard,Credit Card,30
OD9159,2017-04-22,2017-04-23,2017-04-25,2017-04-26,Express,Debit Card,90
OD9160,2018-05-11,2018-05-11,2018-05-11,2018-05-11,Same Day,Cash,120
OD9161,2018-10-26,2018-10-28,2018-11-02,2018-11-02,Standard,UPI,30
OD9162,2018-08-17,2018-08-19,2018-08-21,2018-08-21,Express,Credit Card,70
OD9163,2018-05-06,2018-05-08,2018-05-10,2018-05-10,Express,Cash,80
OD9164,2015-04-25,2015-04-25,2015-04-30,2015-05-02,Standard,UPI,50
OD9165,2018-08-17,2018-08-18,2018-08-20,2018-08-20,Express,Debit Card,90
OD9166,2017-03-08,2017-03-09,2017-03-14,2017-03-14,Standard,Debit Card,50
OD9167,2015-02-23,2015-02-23,2015-02-25,2015-02-26,Express,Debit Card,80
OD9168,2015-05-11,2015-05-11,2015-05-11,2015-05-11,Same Day,Credit Card,100
OD9169,2015-03-01,2015-03-03,2015-03-05,2015-03-07,Express,Debit Card,70
OD9170,2018-03-17,2018-03-19,2018-03-21,2018-03-21,Express,Credit Card,70
OD9171,2015-07-12,2015-07-13,2015-07-18,2015-07-17,Standard,Debit Card,30
OD9172,2016-12-27,2016-12-29,2016-12-31,2016-12-31,Express,Cash,90
OD9173,2017-04-18,2017-04-20,2017-04-22,2017-04-22,Express,UPI,90
OD9174,2018-11-12,2018-11-14,2018-11-16,2018-11-18,Express,Debit Card,80
OD9175,2015-07-20,2015-07-20,2015-07-20,2015-07-20,Same Day,Cash,120
OD9176,2016-08-31,2016-08-31,2016-09-02,2016-09-02,Express,UPI,80
OD9177,2018-04-15,2018-04-17,2018-04-19,2018-04-19,Express,UPI,80
OD9178,2018-04-16,2018-04-17,2018-04-19,2018-04-22,Express,Credit Card,90
OD9179,2016-06-19,2016-06-20,2016-06-22,2016-06-23,Express,Credit Card,80
OD9180,2017-10-08,2017-10-08,2017-10-13,2017-10-13,Standard,UPI,40
OD9182,2015-07-12,2015-07-12,2015-07-12,2015-07-12,Same Day,Debit Card,120
OD9183,2015-09-25,2015-09-26,2015-10-01,2015-09-30,Standard,Credit Card,50
OD9184,2017-08-23,2017-08-23,2017-08-23,2017-08-23,Same Day,Cash,100
OD9185,2017-09-05,2017-09-05,2017-09-05,2017-09-05,Same Day,Credit Card,120
OD9186,2018-09-07,2018-09-07,2018-09-07,2018-09-07,Same Day,UPI,100
OD9187,2016-09-05,2016-09-06,2016-09-11,2016-09-11,Standard,Credit Card,40
OD9188,2015-06-06,2015-06-08,2015-06-10,2015-06-09,Express,Cash,70
OD9189,2018-10-14,2018-10-14,2018-10-16,2018-10-15,Express,Credit Card,70
OD9190,2017-11-13,2017-11-13,2017-11-15,2017-11-16,Express,Credit Card,90
OD9191,2016-06-19,2016-06-19,2016-06-24,2016-06-24,Standard,Cash,50
OD9192,2015-09-25,2015-09-25,2015-09-25,2015-09-25,Same Day,Cash,120
OD9193,2017-09-05,2017-09-05,2017-09-05,2017-09-05,Same Day,Cash,100
OD9194,2018-09-10,2018-09-12,2018-09-14,2018-09-14,Express,UPI,80
OD9195,2018-06-19,2018-06-19,2018-06-24,2018-06-24,Standard,Cash,50
OD9196,2015-02-23,2015-02-24,2015-02-26,2015-02-26,Express,Credit Card,70
OD9197,2016-09-05,2016-09-05,2016-09-10,2016-09-12,Standard,Credit Card,40
OD9198,2017-07-30,2017-07-30,2017-07-30,2017-07-30,Same Day,Credit Card,100
OD9199,2018-04-11,2018-04-11,2018-04-11,2018-04-11,Same Day,Debit Card,100
OD9200,2018-08-17,2018-08-17,2018-08-17,2018-08-17,Same Day,UPI,100
OD9201,2017-07-23,2017-07-25,2017-07-27,2017-07-27,Express,Cash,90
OD9202,2016-10-24,2016-10-25,2016-10-27,2016-10-27,Express,Credit Card,90
OD9203,2015-11-22,2015-11-23,2015-11-28,2015-11-28,Standard,Credit Card,50
OD9204,2018-11-12,2018-11-12,2018-11-12,2018-11-12,Same Day,Cash,150
OD9206,2016-10-18,2016-10-20,2016-10-25,2016-10-25,Standard,Debit Card,40
OD9207,2018-03-17,2018-03-18,2018-03-20,2018-03-19,Express,Debit Card,80
OD9208,2015-07-14,2015-07-15,2015-07-17,2015-07-18,Express,Cash,80
OD9209,2018-04-30,2018-05-02,2018-05-07,2018-05-08,Standard,Debit Card,40
OD9211,2018-10-14,2018-10-15,2018-10-20,2018-10-22,Standard,Debit Card,40
OD9212,2018-09-30,2018-10-02,2018-10-04,2018-10-04,Express,UPI,80
OD9213,2017-03-08,2017-03-08,2017-03-08,2017-03-08,Same Day,Debit Card,150
OD9214,2016-10-15,2016-10-15,2016-10-15,2016-10-15,Same Day,Cash,100
OD9215,2015-07-14,2015-07-14,2015-07-14,2015-07-14,Same Day,Cash,120
OD9216,2018-11-28,2018-11-28,2018-11-30,2018-11-30,Express,Cash,80
OD9217,2016-04-24,2016-04-24,2016-04-24,2016-04-24,Same Day,UPI,120
OD9218,2017-10-04,2017-10-04,2017-10-04,2017-10-04,Same Day,Debit Card,120
OD9219,2018-04-04,2018-04-05,2018-04-10,2018-04-09,Standard,UPI,30
OD9220,2018-07-31,2018-07-31,2018-07-31,2018-07-31,Same Day,UPI,100
OD9221,2017-12-10,2017-12-10,2017-12-10,2017-12-10,Same Day,UPI,100
OD9222,2018-12-14,2018-12-15,2018-12-20,2018-12-21,Standard,Cash,40
OD9223,2016-12-27,2016-12-29,2016-12-31,2017-01-02,Express,Cash,70
OD9224,2016-12-25,2016-12-25,2016-12-30,2017-01-01,Standard,Credit Card,40
OD9225,2017-01-15,2017-01-15,2017-01-15,2017-01-15,Same Day,Cash,150
OD9226,2016-04-04,2016-04-06,2016-04-11,2016-04-10,Standard,Cash,30
OD9227,2015-09-08,2015-09-09,2015-09-11,2015-09-11,Express,UPI,80
OD9228,2016-08-11,2016-08-12,2016-08-17,2016-08-17,Standard,Cash,30
OD9229,2016-06-13,2016-06-13,2016-06-15,2016-06-15,Express,Debit Card,80
OD9230,2016-06-13,2016-06-15,2016-06-17,2016-06-17,Express,UPI,70
OD9231,2016-12-13,2016-12-15,2016-12-20,2016-12-20,Standard,UPI,50
OD9232,2018-06-21,2018-06-21,2018-06-21,2018-06-21,Same Day,Credit Card,120
OD9233,2017-01-15,2017-01-16,2017-01-18,2017-01-17,Express,Cash,90
OD9234,2015-03-02,2015-03-02,2015-03-02,2015-03-02,Same Day,UPI,100
OD9235,2018-07-03,2018-07-03,2018-07-05,2018-07-05,Express,Cash,80
OD9236,2018-02-17,2018-02-17,2018-02-19,2018-02-21,Express,Cash,80
OD9237,2015-11-14,2015-11-15,2015-11-20,2015-11-22,Standard,Cash,40
OD9238,2018-09-15,2018-09-16,2018-09-18,2018-09-17,Express,UPI,80
OD9239,2015-11-11,2015-11-12,2015-11-17,2015-11-17,Standard,Cash,40
OD9240,2016-07-23,2016-07-24,2016-07-29,2016-07-29,Standard,Credit Card,50
OD9241,2015-08-26,2015-08-26,2015-08-26,2015-08-26,Same Day,Debit Card,150
OD9242,2015-09-21,2015-09-23,2015-09-25,2015-09-25,Express,Credit Card,80
OD9243,2016-07-04,2016-07-06,2016-07-11,2016-07-11,Standard,Cash,30
OD9244,2016-04-10,2016-04-10,2016-04-10,2016-04-10,Same Day,UPI,150
OD9245,2018-07-31,2018-08-01,2018-08-06,2018-08-06,Standard,UPI,40
OD9247,2016-09-11,2016-09-11,2016-09-16,2016-09-16,Standard,Debit Card,40
OD9248,2017-11-13,2017-11-15,2017-11-20,2017-11-20,Standard,Credit Card,50
OD9249,2018-12-01,2018-12-02,2018-12-07,2018-12-09,Standard,UPI,50
OD9250,2015-05-21,2015-05-21,2015-05-23,2015-05-24,Express,UPI,80
OD9251,2016-12-13,2016-12-13,2016-12-13,2016-12-13,Same Day,Cash,120
OD9253,2015-12-31,2016-01-01,2016-01-03,2016-01-04,Express,Credit Card,70
OD9254,2018-11-30,2018-12-01,2018-12-06,2018-12-06,Standard,Debit Card,40
OD9255,2018-10-06,2018-10-07,2018-10-12,2018-10-12,Standard,Credit Card,40
OD9256,2016-11-09,2016-11-09,2016-11-11,2016-11-11,Express,Debit Card,80
OD9257,2017-10-04,2017-10-04,2017-10-04,2017-10-04,Same Day,Debit Card,100
OD9258,2018-12-14,2018-12-16,2018-12-21,2018-12-21,Standard,Cash,50
OD9259,2017-08-29,2017-08-30,2017-09-01,2017-08-31,Express,Cash,90
OD9260,2016-09-11,2016-09-11,2016-09-11,2016-09-11,Same Day,Credit Card,120
OD9261,2016-08-22,2016-08-24,2016-08-29,2016-08-29,Standard,Debit Card,40
OD9262,2016-09-11,2016-09-11,2016-09-13,2016-09-13,Express,Cash,90
OD9263,2016-07-16,2016-07-18,2016-07-20,2016-07-22,Express,Debit Card,90
OD9264,2017-09-08,2017-09-09,2017-09-14,2017-09-14,Standard,Cash,30
OD9265,2015-11-11,2015-11-11,2015-11-13,2015-11-13,Express,Cash,90
OD9266,2018-08-11,2018-08-11,2018-08-11,2018-08-11,Same Day,Debit Card,150
OD9267,2015-12-31,2015-12-31,2015-12-31,2015-12-31,Same Day,Debit Card,120
OD9268,2018-04-08,2018-04-08,2018-04-08,2018-04-08,Same Day,Cash,150
OD9269,2018-11-30,2018-11-30,2018-12-05,2018-12-05,Standard,Debit Card,40
OD9270,2015-12-22,2015-12-22,2015-12-27,2015-12-27,Standard,UPI,30
OD9271,2016-04-10,2016-04-11,2016-04-13,2016-04-15,Express,UPI,80
OD9272,2018-04-08,2018-04-09,2018-04-11,2018-04-13,Express,Credit Card,90
OD9273,2016-11-16,2016-11-16,2016-11-16,2016-11-16,Same Day,Cash,150
OD9274,2017-05-09,2017-05-09,2017-05-09,2017-05-09,Same Day,Credit Card,120
OD9275,2018-07-31,2018-07-31,2018-07-31,2018-07-31,Same Day,UPI,150
OD9276,2016-09-01,2016-09-01,2016-09-01,2016-09-01,Same Day,UPI,120
OD9277,2018-06-21,2018-06-21,2018-06-21,2018-06-21,Same Day,Debit Card,150
OD9278,2016-12-27,2016-12-28,2016-12-30,2016-12-30,Express,Debit Card,70
OD9280,2015-11-11,2015-11-12,2015-11-17,2015-11-17,Standard,UPI,30
OD9281,2015-03-02,2015-03-02,2015-03-02,2015-03-02,Same Day,UPI,120
OD9282,2018-07-17,2018-07-17,2018-07-17,2018-07-17,Same Day,Credit Card,150
OD9283,2018-04-10,2018-04-10,2018-04-10,2018-04-10,Same Day,Cash,150
OD9284,2018-09-22,2018-09-22,2018-09-24,2018-09-24,Express,UPI,80
OD9285,2018-02-17,2018-02-17,2018-02-17,2018-02-17,Same Day,Debit Card,100
OD9287,2015-05-21,2015-05-21,2015-05-26,2015-05-25,Standard,Cash,50
OD9288,2016-02-23,2016-02-23,2016-02-23,2016-02-23,Same Day,Debit Card,100
OD9289,2018-08-06,2018-08-07,2018-08-09,2018-08-09,Express,Credit Card,70
OD9290,2017-11-19,2017-11-19,2017-11-21,2017-11-23,Express,Debit Card,70
OD9291,2018-12-14,2018-12-14,2018-12-19,2018-12-19,Standard,Cash,50
OD9292,2016-09-11,2016-09-11,2016-09-16,2016-09-16,Standard,Credit Card,50
OD9293,2016-09-01,2016-09-01,2016-09-06,2016-09-06,Standard,Debit Card,50
OD9294,2018-11-26,2018-11-26,2018-12-01,2018-12-03,Standard,Debit Card,50
OD9295,2015-05-21,2015-05-21,2015-05-21,2015-05-21,Same Day,Credit Card,100
OD9296,2018-03-19,2018-03-19,2018-03-24,2018-03-24,Standard,Debit Card,50
OD9297,2018-08-06,2018-08-08,2018-08-10,2018-08-12,Express,Credit Card,80
OD9298,2018-06-21,2018-06-22,2018-06-27,2018-06-28,Standard,Credit Card,50
OD9299,2016-07-16,2016-07-16,2016-07-21,2016-07-21,Standard,UPI,30
OD9300,2017-04-08,2017-04-08,2017-04-08,2017-04-08,Same Day,UPI,100
OD9301,2018-10-21,2018-10-23,2018-10-28,2018-10-28,Standard,Cash,40
OD9302,2017-11-10,2017-11-10,2017-11-12,2017-11-15,Express,UPI,90
OD9304,2018-10-21,2018-10-21,2018-10-26,2018-10-26,Standard,UPI,50
OD9305,2018-03-10,2018-03-10,2018-03-10,2018-03-10,Same Day,Debit Card,100
OD9308,2015-08-01,2015-08-01,2015-08-03,2015-08-03,Express,Debit Card,80
OD9309,2017-07-07,2017-07-07,2017-07-07,2017-07-07,Same Day,Cash,100
OD9310,2015-06-04,2015-06-04,2015-06-06,2015-06-09,Express,Debit Card,70
OD9311,2017-05-06,2017-05-08,2017-05-13,2017-05-13,Standard,Cash,40
OD9312,2018-11-11,2018-11-13,2018-11-15,2018-11-17,Express,UPI,90
OD9313,2017-11-10,2017-11-11,2017-11-16,2017-11-15,Standard,Cash,30
OD9314,2016-08-21,2016-08-21,2016-08-21,2016-08-21,Same Day,UPI,150
OD9315,2016-12-03,2016-12-03,2016-12-05,2016-12-07,Express,UPI,90
OD9316,2017-12-23,2017-12-24,2017-12-26,2017-12-28,Express,Cash,90
OD9317,2018-06-02,2018-06-03,2018-06-08,2018-06-08,Standard,UPI,50
OD9318,2018-06-22,2018-06-22,2018-06-22,2018-06-22,Same Day,Debit Card,100
OD9319,2016-06-25,2016-06-25,2016-06-27,2016-06-27,Express,Debit Card,80
OD9320,2016-08-21,2016-08-21,2016-08-26,2016-08-26,Standard,UPI,30
OD9321,2018-05-12,2018-05-12,2018-05-14,2018-05-14,Express,Debit Card,90
OD9322,2017-05-24,2017-05-26,2017-05-31,2017-06-02,Standard,Debit Card,30
OD9323,2016-06-07,2016-06-08,2016-06-13,2016-06-14,Standard,UPI,30
OD9324,2016-04-04,2016-04-04,2016-04-06,2016-04-06,Express,Debit Card,90
OD9325,2018-07-23,2018-07-24,2018-07-26,2018-07-26,Express,Credit Card,90
OD9326,2015-03-03,2015-03-05,2015-03-07,2015-03-07,Express,Debit Card,70
OD9327,2017-11-19,2017-11-19,2017-11-24,2017-11-24,Standard,Cash,40
OD9328,2017-11-24,2017-11-24,2017-11-29,2017-11-29,Standard,Debit Card,30
OD9329,2017-06-05,2017-06-07,2017-06-12,2017-06-12,Standard,Debit Card,40
OD9330,2017-11-10,2017-11-10,2017-11-12,2017-11-11,Express,Debit Card,90
OD9331,2018-10-20,2018-10-20,2018-10-20,2018-10-20,Same Day,Credit Card,120
OD9332,2017-11-10,2017-11-11,2017-11-13,2017-11-13,Express,Cash,90
OD9333,2018-11-26,2018-11-26,2018-11-26,2018-11-26,Same Day,UPI,120
OD9334,2016-04-04,2016-04-06,2016-04-08,2016-04-08,Express,Cash,70
OD9335,2015-09-23,2015-09-25,2015-09-27,2015-09-28,Express,Debit Card,90
OD9336,2015-11-04,2015-11-05,2015-11-07,2015-11-07,Express,UPI,90
OD9337,2018-12-16,2018-12-16,2018-12-16,2018-12-16,Same Day,Debit Card,120
OD9338,2017-11-10,2017-11-11,2017-11-13,2017-11-16,Express,Credit Card,90
OD9340,2016-10-04,2016-10-05,2016-10-10,2016-10-11,Standard,Credit Card,50
OD9341,2017-07-18,2017-07-20,2017-07-25,2017-07-25,Standard,Cash,30
OD9342,2018-09-16,2018-09-16,2018-09-16,2018-09-16,Same Day,UPI,150
OD9343,2017-06-05,2017-06-05,2017-06-07,2017-06-07,Express,Cash,90
OD9344,2016-04-05,2016-04-05,2016-04-10,2016-04-10,Standard,Debit Card,30
OD9345,2015-03-03,2015-03-03,2015-03-03,2015-03-03,Same Day,Cash,100
OD9346,2018-12-01,2018-12-03,2018-12-05,2018-12-06,Express,Cash,80
OD9348,2017-04-19,2017-04-19,2017-04-24,2017-04-24,Standard,Credit Card,50
OD9349,2016-06-07,2016-06-09,2016-06-11,2016-06-11,Express,Cash,70
OD9350,2017-09-11,2017-09-11,2017-09-16,2017-09-16,Standard,Cash,30
OD9351,2015-09-26,2015-09-26,2015-09-26,2015-09-26,Same Day,Debit Card,100
OD9352,2017-06-07,2017-06-07,2017-06-09,2017-06-08,Express,UPI,70
OD9353,2016-06-25,2016-06-26,2016-07-01,2016-06-30,Standard,Debit Card,30
OD9354,2016-08-21,2016-08-23,2016-08-25,2016-08-25,Express,UPI,80
OD9355,2016-04-05,2016-04-05,2016-04-10,2016-04-09,Standard,Cash,40
OD9356,2017-11-13,2017-11-15,2017-11-20,2017-11-23,Standard,Debit Card,30
OD9357,2018-07-21,2018-07-21,2018-07-26,2018-07-26,Standard,UPI,30
OD9358,2017-07-18,2017-07-18,2017-07-18,2017-07-18,Same Day,Credit Card,120
OD9359,2017-11-22,2017-11-24,2017-11-26,2017-11-26,Express,Credit Card,70
OD9360,2016-06-26,2016-06-26,2016-06-26,2016-06-26,Same Day,Credit Card,100
OD9361,2015-09-23,2015-09-23,2015-09-23,2015-09-23,Same Day,Cash,150
OD9362,2017-07-18,2017-07-18,2017-07-18,2017-07-18,Same Day,Cash,100
OD9363,2015-12-22,2015-12-23,2015-12-25,2015-12-26,Express,Debit Card,90
OD9365,2018-03-11,2018-03-11,2018-03-13,2018-03-14,Express,Debit Card,80
OD9366,2018-12-26,2018-12-26,2018-12-26,2018-12-26,Same Day,Credit Card,100
OD9367,2016-08-21,2016-08-22,2016-08-24,2016-08-24,Express,Debit Card,80
OD9368,2015-11-24,2015-11-24,2015-11-29,2015-11-29,Standard,Cash,30
OD9369,2018-07-21,2018-07-21,2018-07-21,2018-07-21,Same Day,Debit Card,150
OD9370,2017-09-11,2017-09-12,2017-09-14,2017-09-17,Express,Cash,80
OD9371,2018-06-22,2018-06-23,2018-06-25,2018-06-26,Express,Cash,70
OD9372,2018-10-21,2018-10-23,2018-10-25,2018-10-25,Express,Debit Card,80
OD9373,2016-06-07,2016-06-08,2016-06-10,2016-06-10,Express,Cash,90
OD9374,2016-07-25,2016-07-27,2016-07-29,2016-07-28,Express,UPI,70
OD9375,2016-04-05,2016-04-06,2016-04-08,2016-04-08,Express,Debit Card,90
OD9376,2017-07-07,2017-07-09,2017-07-11,2017-07-11,Express,UPI,90
OD9377,2017-07-07,2017-07-07,2017-07-07,2017-07-07,Same Day,Credit Card,100
OD9378,2018-06-22,2018-06-22,2018-06-24,2018-06-24,Express,UPI,90
OD9379,2017-04-08,2017-04-08,2017-04-08,2017-04-08,Same Day,Cash,120
OD9380,2017-12-08,2017-12-08,2017-12-08,2017-12-08,Same Day,Debit Card,100
OD9381,2017-11-10,2017-11-10,2017-11-12,2017-11-12,Express,Cash,70
OD9382,2015-04-23,2015-04-24,2015-04-29,2015-04-29,Standard,Credit Card,30
OD9383,2017-01-31,2017-02-01,2017-02-06,2017-02-07,Standard,Credit Card,40
OD9384,2018-11-24,2018-11-25,2018-11-27,2018-11-27,Express,Cash,90
OD9385,2017-08-04,2017-08-05,2017-08-10,2017-08-09,Standard,UPI,50
OD9386,2017-05-23,2017-05-23,2017-05-25,2017-05-25,Express,Cash,90
OD9387,2015-01-06,2015-01-07,2015-01-09,2015-01-09,Express,Credit Card,80
OD9388,2018-03-30,2018-03-30,2018-03-30,2018-03-30,Same Day,Cash,150
OD9389,2018-09-24,2018-09-25,2018-09-27,2018-09-28,Express,Cash,70
OD9390,2017-03-13,2017-03-13,2017-03-15,2017-03-17,Express,Cash,80
OD9391,2018-06-11,2018-06-11,2018-06-13,2018-06-13,Express,UPI,70
OD9392,2018-11-04,2018-11-06,2018-11-11,2018-11-13,Standard,Cash,30
OD9393,2015-01-06,2015-01-06,2015-01-06,2015-01-06,Same Day,Debit Card,120
OD9394,2018-05-25,2018-05-27,2018-06-01,2018-06-01,Standard,Cash,50
OD9395,2016-06-28,2016-06-28,2016-06-28,2016-06-28,Same Day,Cash,120
OD9396,2015-01-06,2015-01-06,2015-01-11,2015-01-13,Standard,Credit Card,40
OD9397,2018-05-27,2018-05-27,2018-05-27,2018-05-27,Same Day,UPI,120
OD9398,2017-12-20,2017-12-21,2017-12-23,2017-12-22,Express,Cash,90
OD9399,2015-09-10,2015-09-12,2015-09-17,2015-09-18,Standard,Credit Card,40
OD9400,2018-03-26,2018-03-27,2018-04-01,2018-04-02,Standard,UPI,50
OD9401,2017-08-04,2017-08-05,2017-08-10,2017-08-09,Standard,UPI,40
OD9403,2017-03-15,2017-03-16,2017-03-21,2017-03-22,Standard,Debit Card,40
OD9404,2015-01-26,2015-01-26,2015-01-26,2015-01-26,Same Day,Cash,100
OD9405,2017-08-04,2017-08-05,2017-08-07,2017-08-07,Express,Credit Card,90
OD9406,2018-09-24,2018-09-25,2018-09-27,2018-09-26,Express,Debit Card,70
OD9407,2017-05-15,2017-05-15,2017-05-20,2017-05-20,Standard,Credit Card,30
OD9408,2018-06-12,2018-06-12,2018-06-12,2018-06-12,Same Day,Cash,100
OD9409,2018-08-17,2018-08-19,2018-08-21,2018-08-21,Express,Cash,70
OD9410,2016-06-09,2016-06-09,2016-06-09,2016-06-09,Same Day,Credit Card,100
OD9411,2017-11-01,2017-11-01,2017-11-01,2017-11-01,Same Day,Credit Card,150
OD9412,2017-08-08,2017-08-08,2017-08-13,2017-08-13,Standard,UPI,40
OD9413,2017-12-15,2017-12-15,2017-12-17,2017-12-16,Express,UPI,80
OD9414,2015-01-26,2015-01-27,2015-01-29,2015-01-29,Express,Debit Card,70
OD9415,2018-09-24,2018-09-25,2018-09-27,2018-09-27,Express,Credit Card,70
OD9416,2017-05-15,2017-05-15,2017-05-17,2017-05-18,Express,Credit Card,70
OD9417,2017-03-13,2017-03-15,2017-03-20,2017-03-22,Standard,UPI,50
OD9419,2017-04-08,2017-04-08,2017-04-13,2017-04-13,Standard,Credit Card,50
OD9420,2017-09-14,2017-09-16,2017-09-18,2017-09-20,Express,Debit Card,90
OD9421,2017-03-11,2017-03-13,2017-03-18,2017-03-17,Standard,UPI,50
OD9422,2018-09-19,2018-09-19,2018-09-19,2018-09-19,Same Day,Cash,150
OD9423,2016-06-28,2016-06-30,2016-07-02,2016-07-02,Express,Credit Card,80
OD9424,2018-09-24,2018-09-24,2018-09-24,2018-09-24,Same Day,UPI,100
OD9425,2016-07-24,2016-07-26,2016-07-31,2016-08-01,Standard,Debit Card,30
OD9426,2017-04-08,2017-04-08,2017-04-10,2017-04-10,Express,Credit Card,90
OD9427,2018-01-06,2018-01-08,2018-01-10,2018-01-10,Express,Credit Card,80
OD9428,2018-09-11,2018-09-11,2018-09-16,2018-09-16,Standard,Debit Card,40
OD9429,2017-05-15,2017-05-15,2017-05-15,2017-05-15,Same Day,UPI,100
OD9430,2017-01-31,2017-02-02,2017-02-04,2017-02-04,Express,Cash,90
OD9431,2015-01-26,2015-01-28,2015-01-30,2015-01-31,Express,Debit Card,80
OD9432,2016-07-24,2016-07-24,2016-07-29,2016-07-29,Standard,UPI,40
OD9433,2017-05-25,2017-05-26,2017-05-31,2017-06-03,Standard,Debit Card,40
OD9434,2018-11-24,2018-11-24,2018-11-29,2018-12-01,Standard,Cash,50
OD9435,2017-03-15,2017-03-17,2017-03-19,2017-03-19,Express,UPI,80
OD9436,2015-08-12,2015-08-12,2015-08-12,2015-08-12,Same Day,Cash,150
OD9437,2018-04-23,2018-04-23,2018-04-23,2018-04-23,Same Day,Credit Card,100
OD9438,2017-11-25,2017-11-25,2017-11-25,2017-11-25,Same Day,Cash,120
OD9439,2016-09-22,2016-09-22,2016-09-22,2016-09-22,Same Day,Credit Card,100
OD9440,2018-12-28,2018-12-28,2018-12-28,2018-12-28,Same Day,Credit Card,120
OD9441,2017-11-24,2017-11-24,2017-11-24,2017-11-24,Same Day,Debit Card,150
OD9442,2018-04-07,2018-04-09,2018-04-14,2018-04-14,Standard,Debit Card,40
OD9443,2016-09-22,2016-09-24,2016-09-26,2016-09-25,Express,Debit Card,90
OD9444,2018-04-30,2018-04-30,2018-04-30,2018-04-30,Same Day,Debit Card,120
OD9445,2016-12-20,2016-12-21,2016-12-26,2016-12-28,Standard,Cash,30
OD9446,2018-03-17,2018-03-17,2018-03-17,2018-03-17,Same Day,Credit Card,120
OD9447,2015-10-24,2015-10-26,2015-10-31,2015-11-01,Standard,UPI,30
OD9448,2015-10-27,2015-10-27,2015-10-27,2015-10-27,Same Day,UPI,150
OD9450,2015-10-03,2015-10-03,2015-10-03,2015-10-03,Same Day,Cash,150
OD9451,2015-08-12,2015-08-12,2015-08-12,2015-08-12,Same Day,Cash,120
OD9452,2017-08-21,2017-08-21,2017-08-21,2017-08-21,Same Day,Debit Card,100
OD9453,2017-11-11,2017-11-11,2017-11-16,2017-11-19,Standard,Cash,40
OD9454,2018-04-30,2018-04-30,2018-04-30,2018-04-30,Same Day,Credit Card,150
OD9455,2015-03-18,2015-03-20,2015-03-25,2015-03-24,Standard,Debit Card,30
OD9456,2015-10-03,2015-10-03,2015-10-08,2015-10-08,Standard,UPI,40
OD9457,2015-03-18,2015-03-18,2015-03-20,2015-03-20,Express,Debit Card,90
OD9458,2018-10-07,2018-10-08,2018-10-10,2018-10-09,Express,Debit Card,90
OD9459,2018-04-30,2018-05-02,2018-05-04,2018-05-03,Express,Credit Card,70
OD9460,2015-10-27,2015-10-28,2015-11-02,2015-11-03,Standard,UPI,50
OD9461,2017-02-21,2017-02-21,2017-02-21,2017-02-21,Same Day,UPI,100
OD9462,2018-10-21,2018-10-21,2018-10-26,2018-10-26,Standard,UPI,30
OD9463,2017-08-21,2017-08-21,2017-08-21,2017-08-21,Same Day,UPI,120
OD9464,2016-09-22,2016-09-22,2016-09-27,2016-09-27,Standard,Credit Card,50
OD9465,2017-11-24,2017-11-24,2017-11-29,2017-11-29,Standard,Debit Card,30
OD9466,2015-03-18,2015-03-20,2015-03-22,2015-03-22,Express,UPI,80
OD9467,2017-05-05,2017-05-06,2017-05-11,2017-05-11,Standard,UPI,30
OD9468,2018-10-07,2018-10-07,2018-10-07,2018-10-07,Same Day,Credit Card,100
OD9469,2016-09-22,2016-09-22,2016-09-24,2016-09-27,Express,Credit Card,90
OD9470,2015-08-12,2015-08-14,2015-08-19,2015-08-22,Standard,Credit Card,30
OD9471,2016-01-24,2016-01-24,2016-01-24,2016-01-24,Same Day,Cash,150
OD9472,2015-08-12,2015-08-13,2015-08-15,2015-08-15,Express,UPI,80
OD9473,2015-03-14,2015-03-14,2015-03-14,2015-03-14,Same Day,Debit Card,120
OD9474,2015-08-12,2015-08-14,2015-08-16,2015-08-17,Express,UPI,70
OD9475,2018-01-21,2018-01-23,2018-01-25,2018-01-25,Express,Debit Card,70
OD9476,2017-11-11,2017-11-11,2017-11-11,2017-11-11,Same Day,Cash,120
OD9478,2015-12-21,2015-12-21,2015-12-21,2015-12-21,Same Day,Cash,100
OD9479,2016-09-22,2016-09-22,2016-09-22,2016-09-22,Same Day,Debit Card,100
OD9480,2018-09-24,2018-09-25,2018-09-30,2018-09-29,Standard,Cash,30
OD9482,2017-02-21,2017-02-21,2017-02-21,2017-02-21,Same Day,Debit Card,100
OD9483,2017-08-09,2017-08-09,2017-08-14,2017-08-14,Standard,Debit Card,40
OD9484,2018-10-19,2018-10-19,2018-10-19,2018-10-19,Same Day,Cash,100
OD9485,2018-12-02,2018-12-03,2018-12-05,2018-12-08,Express,Credit Card,90
OD9486,2016-10-02,2016-10-04,2016-10-06,2016-10-07,Express,Cash,70
OD9487,2017-08-09,2017-08-09,2017-08-14,2017-08-15,Standard,Debit Card,30
OD9488,2018-10-07,2018-10-07,2018-10-12,2018-10-14,Standard,UPI,30
OD9489,2018-01-21,2018-01-21,2018-01-21,2018-01-21,Same Day,Credit Card,150
OD9490,2017-10-21,2017-10-21,2017-10-23,2017-10-25,Express,Credit Card,70
OD9491,2017-11-18,2017-11-18,2017-11-18,2017-11-18,Same Day,Cash,100
OD9493,2018-11-21,2018-11-21,2018-11-23,2018-11-26,Express,Credit Card,90
OD9494,2017-01-07,2017-01-09,2017-01-11,2017-01-11,Express,Debit Card,70
OD9495,2017-03-04,2017-03-04,2017-03-09,2017-03-09,Standard,Debit Card,30
OD9496,2018-05-22,2018-05-24,2018-05-26,2018-05-25,Express,Cash,90
OD9497,2018-09-01,2018-09-01,2018-09-01,2018-09-01,Same Day,Debit Card,120
OD9498,2018-04-24,2018-04-25,2018-04-30,2018-04-29,Standard,Debit Card,30
OD9499,2015-10-01,2015-10-03,2015-10-05,2015-10-05,Express,Debit Card,90
OD9500,2015-07-09,2015-07-09,2015-07-14,2015-07-14,Standard,Credit Card,50
OD9501,2017-06-07,2017-06-09,2017-06-11,2017-06-12,Express,Cash,70
OD9502,2017-05-05,2017-05-05,2017-05-10,2017-05-10,Standard,Credit Card,50
OD9503,2015-12-24,2015-12-25,2015-12-27,2015-12-27,Express,Credit Card,80
OD9505,2015-12-24,2015-12-24,2015-12-26,2015-12-26,Express,UPI,70
OD9506,2016-12-10,2016-12-11,2016-12-16,2016-12-18,Standard,Credit Card,40
OD9507,2018-11-21,2018-11-21,2018-11-21,2018-11-21,Same Day,Debit Card,100
OD9508,2018-12-18,2018-12-20,2018-12-22,2018-12-23,Express,Cash,90
OD9509,2015-07-09,2015-07-11,2015-07-16,2015-07-16,Standard,Debit Card,50
OD9510,2016-11-28,2016-11-28,2016-11-28,2016-11-28,Same Day,Debit Card,150
OD9511,2018-08-28,2018-08-28,2018-08-30,2018-08-31,Express,Debit Card,90
OD9513,2016-09-26,2016-09-26,2016-09-26,2016-09-26,Same Day,Credit Card,120
OD9514,2018-11-21,2018-11-23,2018-11-25,2018-11-28,Express,Debit Card,80
OD9515,2016-11-09,2016-11-09,2016-11-09,2016-11-09,Same Day,UPI,150
OD9516,2015-09-08,2015-09-08,2015-09-10,2015-09-10,Express,Credit Card,80
OD9518,2015-05-06,2015-05-06,2015-05-08,2015-05-08,Express,Debit Card,70
OD9519,2015-04-26,2015-04-26,2015-04-26,2015-04-26,Same Day,Cash,120
OD9520,2016-01-23,2016-01-24,2016-01-29,2016-01-29,Standard,UPI,30
OD9521,2018-03-27,2018-03-27,2018-03-27,2018-03-27,Same Day,UPI,100
OD9522,2018-03-27,2018-03-27,2018-04-01,2018-03-31,Standard,Cash,50
OD9523,2017-09-16,2017-09-18,2017-09-20,2017-09-19,Express,Cash,90
OD9524,2017-10-03,2017-10-04,2017-10-06,2017-10-07,Express,Cash,90
OD9525,2017-10-03,2017-10-04,2017-10-09,2017-10-09,Standard,Cash,30
OD9527,2016-06-01,2016-06-03,2016-06-05,2016-06-04,Express,UPI,80
OD9528,2016-12-25,2016-12-25,2016-12-25,2016-12-25,Same Day,Cash,120
OD9529,2015-02-20,2015-02-20,2015-02-25,2015-02-25,Standard,Debit Card,30
OD9530,2017-11-07,2017-11-07,2017-11-09,2017-11-10,Express,Debit Card,70
OD9531,2015-11-26,2015-11-27,2015-12-02,2015-12-05,Standard,Credit Card,50
OD9532,2018-10-05,2018-10-05,2018-10-10,2018-10-10,Standard,Cash,40
OD9534,2018-10-06,2018-10-07,2018-10-12,2018-10-12,Standard,Credit Card,30
OD9537,2018-07-08,2018-07-09,2018-07-11,2018-07-11,Express,UPI,70
OD9538,2018-11-21,2018-11-22,2018-11-27,2018-11-29,Standard,Credit Card,30
OD9539,2018-08-18,2018-08-19,2018-08-21,2018-08-22,Express,Cash,80
OD9540,2015-09-26,2015-09-26,2015-09-26,2015-09-26,Same Day,Debit Card,120
OD9541,2018-06-16,2018-06-18,2018-06-20,2018-06-20,Express,Debit Card,70
OD9542,2018-04-16,2018-04-16,2018-04-18,2018-04-20,Express,Cash,90
OD9543,2015-04-25,2015-04-26,2015-04-28,2015-04-28,Express,Cash,70
OD9544,2018-05-22,2018-05-24,2018-05-26,2018-05-29,Express,Credit Card,70
OD9546,2018-07-08,2018-07-08,2018-07-08,2018-07-08,Same Day,Cash,150
OD9547,2015-12-27,2015-12-27,2015-12-27,2015-12-27,Same Day,UPI,150
OD9548,2018-10-02,2018-10-02,2018-10-02,2018-10-02,Same Day,Credit Card,120
OD9549,2015-11-01,2015-11-02,2015-11-04,2015-11-04,Express,UPI,90
OD9550,2018-03-27,2018-03-27,2018-03-27,2018-03-27,Same Day,Cash,150
OD9551,2016-11-27,2016-11-28,2016-11-30,2016-11-30,Express,Debit Card,70
OD9553,2016-01-23,2016-01-24,2016-01-26,2016-01-25,Express,Credit Card,70
OD9554,2018-06-16,2018-06-18,2018-06-20,2018-06-20,Express,UPI,80
OD9555,2018-04-26,2018-04-26,2018-04-28,2018-04-28,Express,Debit Card,70
OD9556,2015-12-27,2015-12-29,2016-01-03,2016-01-03,Standard,UPI,40
OD9557,2016-09-26,2016-09-26,2016-09-26,2016-09-26,Same Day,Debit Card,100
OD9558,2017-12-17,2017-12-17,2017-12-22,2017-12-22,Standard,Credit Card,50
OD9559,2017-11-24,2017-11-25,2017-11-30,2017-12-02,Standard,Credit Card,50
OD9560,2015-09-20,2015-09-20,2015-09-20,2015-09-20,Same Day,Cash,120
OD9561,2016-08-25,2016-08-25,2016-08-25,2016-08-25,Same Day,UPI,100
OD9562,2018-10-06,2018-10-06,2018-10-06,2018-10-06,Same Day,Cash,120
OD9563,2018-11-16,2018-11-17,2018-11-19,2018-11-19,Express,Credit Card,70
OD9564,2016-08-01,2016-08-01,2016-08-06,2016-08-05,Standard,Credit Card,30
OD9565,2018-07-08,2018-07-09,2018-07-14,2018-07-15,Standard,Credit Card,40
OD9566,2018-03-06,2018-03-08,2018-03-10,2018-03-10,Express,Debit Card,80
OD9567,2017-09-17,2017-09-17,2017-09-17,2017-09-17,Same Day,UPI,120
OD9568,2015-02-04,2015-02-05,2015-02-10,2015-02-10,Standard,Credit Card,50
OD9569,2018-04-08,2018-04-08,2018-04-08,2018-04-08,Same Day,Debit Card,120
OD9570,2018-04-30,2018-05-01,2018-05-03,2018-05-02,Express,UPI,80
OD9571,2018-06-16,2018-06-16,2018-06-21,2018-06-24,Standard,Cash,50
OD9572,2015-07-09,2015-07-11,2015-07-13,2015-07-13,Express,Cash,70
OD9573,2018-03-21,2018-03-21,2018-03-21,2018-03-21,Same Day,Cash,100
OD9574,2016-10-19,2016-10-19,2016-10-19,2016-10-19,Same Day,Cash,120
OD9576,2018-01-15,2018-01-15,2018-01-17,2018-01-17,Express,Credit Card,70
OD9577,2015-04-26,2015-04-26,2015-04-26,2015-04-26,Same Day,Cash,120
OD9578,2016-09-19,2016-09-19,2016-09-19,2016-09-19,Same Day,Credit Card,150
OD9579,2016-12-01,2016-12-02,2016-12-07,2016-12-07,Standard,Credit Card,30
OD9580,2018-12-14,2018-12-14,2018-12-16,2018-12-17,Express,Credit Card,70
OD9581,2015-02-02,2015-02-02,2015-02-02,2015-02-02,Same Day,UPI,150
OD9582,2017-10-23,2017-10-24,2017-10-26,2017-10-28,Express,UPI,90
OD9584,2017-01-31,2017-01-31,2017-01-31,2017-01-31,Same Day,UPI,100
OD9585,2015-11-01,2015-11-03,2015-11-08,2015-11-07,Standard,Debit Card,30
OD9586,2018-02-06,2018-02-06,2018-02-06,2018-02-06,Same Day,Debit Card,100
OD9587,2018-04-08,2018-04-08,2018-04-08,2018-04-08,Same Day,UPI,120
OD9588,2015-07-09,2015-07-09,2015-07-11,2015-07-11,Express,Credit Card,80
OD9589,2016-12-06,2016-12-07,2016-12-12,2016-12-12,Standard,Credit Card,40
OD9590,2017-09-26,2017-09-28,2017-09-30,2017-09-30,Express,Credit Card,90
OD9591,2018-06-06,2018-06-06,2018-06-06,2018-06-06,Same Day,Debit Card,120
OD9592,2017-07-22,2017-07-22,2017-07-22,2017-07-22,Same Day,Credit Card,100
OD9593,2017-07-15,2017-07-15,2017-07-15,2017-07-15,Same Day,Debit Card,100
OD9594,2017-08-08,2017-08-08,2017-08-08,2017-08-08,Same Day,Cash,100
OD9595,2016-01-05,2016-01-06,2016-01-11,2016-01-11,Standard,Credit Card,50
OD9596,2017-09-26,2017-09-26,2017-09-26,2017-09-26,Same Day,Credit Card,120
OD9597,2015-05-06,2015-05-06,2015-05-06,2015-05-06,Same Day,Debit Card,150
OD9598,2015-07-22,2015-07-24,2015-07-26,2015-07-27,Express,Cash,90
OD9599,2018-03-06,2018-03-07,2018-03-09,2018-03-12,Express,Credit Card,70
OD9600,2016-11-20,2016-11-22,2016-11-27,2016-11-27,Standard,UPI,40
OD9602,2017-11-04,2017-11-04,2017-11-04,2017-11-04,Same Day,Credit Card,120
OD9603,2017-05-30,2017-06-01,2017-06-06,2017-06-06,Standard,Credit Card,50
OD9604,2018-12-07,2018-12-07,2018-12-07,2018-12-07,Same Day,UPI,150
OD9605,2016-11-20,2016-11-22,2016-11-27,2016-11-30,Standard,Debit Card,40
OD9606,2017-12-06,2017-12-08,2017-12-10,2017-12-10,Express,UPI,80
OD9607,2018-01-30,2018-02-01,2018-02-03,2018-02-03,Express,Debit Card,80
OD9608,2017-12-06,2017-12-06,2017-12-06,2017-12-06,Same Day,Cash,120
OD9609,2018-03-21,2018-03-22,2018-03-27,2018-03-29,Standard,Credit Card,30
OD9610,2017-06-06,2017-06-06,2017-06-06,2017-06-06,Same Day,Cash,150
OD9611,2017-12-27,2017-12-27,2017-12-29,2017-12-29,Express,UPI,80
OD9612,2018-03-06,2018-03-07,2018-03-09,2018-03-10,Express,UPI,80
OD9613,2015-03-18,2015-03-18,2015-03-18,2015-03-18,Same Day,UPI,100
OD9614,2018-10-02,2018-10-02,2018-10-02,2018-10-02,Same Day,Cash,150
OD9615,2015-12-07,2015-12-09,2015-12-14,2015-12-14,Standard,Credit Card,30
OD9616,2015-05-21,2015-05-22,2015-05-24,2015-05-23,Express,Debit Card,70
OD9617,2015-08-09,2015-08-10,2015-08-12,2015-08-14,Express,UPI,70
OD9618,2018-05-13,2018-05-13,2018-05-13,2018-05-13,Same Day,Credit Card,120
OD9620,2017-10-15,2017-10-16,2017-10-18,2017-10-18,Express,Cash,90
OD9621,2017-10-15,2017-10-17,2017-10-19,2017-10-19,Express,Debit Card,90
OD9623,2018-06-03,2018-06-03,2018-06-03,2018-06-03,Same Day,UPI,120
OD9624,2017-10-09,2017-10-11,2017-10-16,2017-10-16,Standard,Credit Card,40
OD9625,2017-06-07,2017-06-08,2017-06-10,2017-06-12,Express,Cash,80
OD9626,2017-11-04,2017-11-05,2017-11-10,2017-11-11,Standard,UPI,30
OD9627,2016-08-27,2016-08-28,2016-09-02,2016-09-05,Standard,Cash,50
OD9628,2018-10-27,2018-10-28,2018-11-02,2018-11-02,Standard,Credit Card,40
OD9629,2017-12-15,2017-12-15,2017-12-15,2017-12-15,Same Day,Credit Card,100
OD9630,2015-09-25,2015-09-25,2015-09-25,2015-09-25,Same Day,Credit Card,120
OD9631,2018-06-25,2018-06-25,2018-06-27,2018-06-27,Express,Debit Card,80
OD9632,2017-11-04,2017-11-05,2017-11-07,2017-11-09,Express,Credit Card,80
OD9634,2015-07-19,2015-07-21,2015-07-23,2015-07-23,Express,UPI,80
OD9635,2016-09-06,2016-09-06,2016-09-06,2016-09-06,Same Day,UPI,100
OD9636,2018-02-20,2018-02-21,2018-02-26,2018-02-26,Standard,Debit Card,30
OD9637,2016-04-27,2016-04-27,2016-04-27,2016-04-27,Same Day,Credit Card,100
OD9638,2018-08-31,2018-08-31,2018-08-31,2018-08-31,Same Day,Credit Card,100
OD9639,2016-08-07,2016-08-09,2016-08-14,2016-08-14,Standard,UPI,50
OD9640,2015-09-20,2015-09-20,2015-09-22,2015-09-22,Express,Debit Card,80
OD9641,2015-12-27,2015-12-29,2015-12-31,2015-12-31,Express,UPI,70
OD9642,2015-02-04,2015-02-04,2015-02-04,2015-02-04,Same Day,Credit Card,100
OD9643,2018-08-31,2018-08-31,2018-08-31,2018-08-31,Same Day,UPI,120
OD9644,2018-07-08,2018-07-08,2018-07-13,2018-07-13,Standard,UPI,50
OD9645,2018-06-25,2018-06-25,2018-06-25,2018-06-25,Same Day,Cash,150
OD9646,2016-06-18,2016-06-19,2016-06-24,2016-06-24,Standard,Credit Card,40
OD9647,2017-04-24,2017-04-24,2017-04-24,2017-04-24,Same Day,Debit Card,150
OD9648,2017-04-28,2017-04-28,2017-04-28,2017-04-28,Same Day,Credit Card,100
OD9649,2017-12-06,2017-12-06,2017-12-06,2017-12-06,Same Day,Credit Card,100
OD9650,2016-12-11,2016-12-12,2016-12-17,2016-12-17,Standard,UPI,30
OD9651,2018-10-05,2018-10-06,2018-10-08,2018-10-08,Express,UPI,80
OD9652,2017-10-27,2017-10-27,2017-10-27,2017-10-27,Same Day,Credit Card,100
OD9653,2018-04-17,2018-04-18,2018-04-20,2018-04-19,Express,Credit Card,90
OD9654,2016-04-27,2016-04-29,2016-05-04,2016-05-03,Standard,Debit Card,50
OD9655,2018-09-03,2018-09-05,2018-09-07,2018-09-07,Express,UPI,70
OD9656,2018-04-30,2018-05-02,2018-05-04,2018-05-04,Express,Cash,70
OD9657,2017-08-08,2017-08-10,2017-08-12,2017-08-11,Express,UPI,90
OD9658,2018-10-02,2018-10-04,2018-10-06,2018-10-05,Express,Debit Card,70
OD9659,2018-10-05,2018-10-06,2018-10-11,2018-10-11,Standard,Cash,50
OD9660,2017-11-05,2017-11-05,2017-11-10,2017-11-10,Standard,Credit Card,50
OD9661,2017-10-15,2017-10-15,2017-10-15,2017-10-15,Same Day,Cash,100
OD9662,2018-08-28,2018-08-29,2018-09-03,2018-09-03,Standard,Debit Card,40
OD9663,2018-02-20,2018-02-20,2018-02-20,2018-02-20,Same Day,Debit Card,120
OD9664,2015-07-05,2015-07-05,2015-07-05,2015-07-05,Same Day,Credit Card,100
OD9665,2015-07-09,2015-07-09,2015-07-09,2015-07-09,Same Day,Cash,100
OD9666,2016-01-05,2016-01-05,2016-01-05,2016-01-05,Same Day,UPI,150
OD9667,2015-07-09,2015-07-09,2015-07-09,2015-07-09,Same Day,Credit Card,150
OD9668,2018-03-21,2018-03-21,2018-03-21,2018-03-21,Same Day,Cash,100
OD9669,2018-06-25,2018-06-25,2018-06-25,2018-06-25,Same Day,Debit Card,150
OD9670,2017-03-13,2017-03-14,2017-03-16,2017-03-18,Express,Cash,70
OD9671,2015-05-06,2015-05-06,2015-05-11,2015-05-11,Standard,UPI,50
OD9672,2015-04-08,2015-04-09,2015-04-14,2015-04-14,Standard,Credit Card,50
OD9673,2018-03-06,2018-03-06,2018-03-08,2018-03-11,Express,Debit Card,70
OD9674,2016-11-20,2016-11-20,2016-11-25,2016-11-25,Standard,Cash,40
OD9675,2017-09-24,2017-09-24,2017-09-24,2017-09-24,Same Day,UPI,120
OD9676,2017-12-06,2017-12-06,2017-12-06,2017-12-06,Same Day,UPI,150
OD9677,2018-12-14,2018-12-14,2018-12-14,2018-12-14,Same Day,Credit Card,100
OD9678,2016-06-18,2016-06-20,2016-06-25,2016-06-27,Standard,Credit Card,30
OD9679,2018-01-23,2018-01-23,2018-01-23,2018-01-23,Same Day,Debit Card,150
OD9680,2017-04-24,2017-04-25,2017-04-27,2017-04-29,Express,Credit Card,70
OD9681,2018-04-17,2018-04-17,2018-04-17,2018-04-17,Same Day,Credit Card,120
OD9682,2018-04-17,2018-04-18,2018-04-23,2018-04-24,Standard,Debit Card,40
OD9683,2018-04-17,2018-04-17,2018-04-17,2018-04-17,Same Day,Credit Card,100
OD9684,2016-06-18,2016-06-18,2016-06-18,2016-06-18,Same Day,Debit Card,100
OD9685,2017-08-20,2017-08-20,2017-08-20,2017-08-20,Same Day,Debit Card,120
OD9686,2018-07-23,2018-07-23,2018-07-25,2018-07-25,Express,Cash,80
OD9687,2016-09-24,2016-09-24,2016-09-24,2016-09-24,Same Day,Debit Card,100
OD9688,2016-12-20,2016-12-20,2016-12-22,2016-12-22,Express,Credit Card,80
OD9689,2018-06-13,2018-06-13,2018-06-18,2018-06-18,Standard,Debit Card,40
OD9690,2015-09-07,2015-09-07,2015-09-07,2015-09-07,Same Day,Credit Card,150
OD9691,2015-09-07,2015-09-07,2015-09-07,2015-09-07,Same Day,Debit Card,150
OD9693,2015-03-30,2015-03-30,2015-04-01,2015-04-01,Express,UPI,90
OD9694,2015-03-14,2015-03-16,2015-03-18,2015-03-20,Express,Credit Card,90
OD9695,2018-04-04,2018-04-04,2018-04-09,2018-04-11,Standard,UPI,40
OD9696,2018-10-22,2018-10-24,2018-10-29,2018-10-29,Standard,Credit Card,40
OD9697,2018-04-04,2018-04-04,2018-04-04,2018-04-04,Same Day,UPI,150
OD9698,2017-11-26,2017-11-26,2017-12-01,2017-12-01,Standard,UPI,40
OD9699,2016-03-07,2016-03-07,2016-03-07,2016-03-07,Same Day,Debit Card,150
OD9700,2015-12-31,2016-01-02,2016-01-04,2016-01-07,Express,UPI,80
OD9701,2016-03-07,2016-03-09,2016-03-14,2016-03-14,Standard,Credit Card,40
OD9702,2018-08-27,2018-08-27,2018-09-01,2018-09-01,Standard,Cash,30
OD9704,2018-10-22,2018-10-23,2018-10-28,2018-10-27,Standard,Cash,50
OD9705,2018-10-01,2018-10-02,2018-10-07,2018-10-08,Standard,Cash,30
OD9706,2016-11-01,2016-11-01,2016-11-01,2016-11-01,Same Day,Credit Card,100
OD9707,2015-04-06,2015-04-06,2015-04-06,2015-04-06,Same Day,Debit Card,120
OD9708,2018-10-22,2018-10-22,2018-10-27,2018-10-27,Standard,UPI,50
OD9709,2017-11-24,2017-11-25,2017-11-30,2017-11-30,Standard,Debit Card,40
OD9710,2018-02-17,2018-02-17,2018-02-19,2018-02-18,Express,Debit Card,80
OD9711,2018-04-20,2018-04-20,2018-04-25,2018-04-25,Standard,Cash,30
OD9712,2015-10-13,2015-10-13,2015-10-13,2015-10-13,Same Day,Credit Card,150
OD9713,2017-04-04,2017-04-05,2017-04-07,2017-04-07,Express,Debit Card,70
OD9714,2018-04-02,2018-04-03,2018-04-08,2018-04-07,Standard,Cash,50
OD9715,2018-09-08,2018-09-08,2018-09-08,2018-09-08,Same Day,Cash,150
OD9716,2018-10-12,2018-10-12,2018-10-12,2018-10-12,Same Day,UPI,120
OD9717,2017-06-14,2017-06-14,2017-06-14,2017-06-14,Same Day,Debit Card,100
OD9718,2018-05-09,2018-05-10,2018-05-12,2018-05-12,Express,Cash,80
OD9719,2017-03-10,2017-03-10,2017-03-15,2017-03-15,Standard,Cash,50
OD9720,2017-07-19,2017-07-19,2017-07-19,2017-07-19,Same Day,UPI,100
OD9721,2015-12-16,2015-12-16,2015-12-18,2015-12-18,Express,UPI,90
OD9722,2018-11-03,2018-11-03,2018-11-03,2018-11-03,Same Day,Cash,100
OD9723,2017-07-01,2017-07-01,2017-07-06,2017-07-06,Standard,Credit Card,50
OD9724,2018-09-28,2018-09-29,2018-10-04,2018-10-04,Standard,Debit Card,30
OD9725,2018-10-05,2018-10-05,2018-10-05,2018-10-05,Same Day,Credit Card,100
OD9726,2018-06-08,2018-06-09,2018-06-14,2018-06-13,Standard,UPI,40
OD9727,2017-07-19,2017-07-21,2017-07-23,2017-07-23,Express,UPI,70
OD9728,2017-12-18,2017-12-20,2017-12-25,2017-12-25,Standard,Cash,40
OD9729,2017-03-10,2017-03-11,2017-03-16,2017-03-16,Standard,Cash,40
OD9730,2018-09-04,2018-09-04,2018-09-06,2018-09-05,Express,Cash,70
OD9731,2017-11-12,2017-11-13,2017-11-15,2017-11-14,Express,Credit Card,90
OD9732,2017-12-18,2017-12-18,2017-12-23,2017-12-24,Standard,Credit Card,50
OD9733,2018-12-05,2018-12-05,2018-12-05,2018-12-05,Same Day,UPI,100
OD9734,2015-12-16,2015-12-17,2015-12-22,2015-12-22,Standard,Debit Card,50
OD9735,2018-01-30,2018-01-31,2018-02-02,2018-02-05,Express,UPI,80
OD9736,2017-10-06,2017-10-07,2017-10-12,2017-10-12,Standard,Credit Card,40
OD9737,2018-12-24,2018-12-25,2018-12-30,2018-12-30,Standard,Cash,40
OD9738,2017-03-10,2017-03-10,2017-03-15,2017-03-15,Standard,Credit Card,30
OD9739,2017-10-06,2017-10-08,2017-10-10,2017-10-12,Express,UPI,70
OD9740,2018-10-21,2018-10-21,2018-10-21,2018-10-21,Same Day,UPI,120
OD9741,2018-03-13,2018-03-13,2018-03-15,2018-03-16,Express,Debit Card,80
OD9742,2018-03-13,2018-03-13,2018-03-15,2018-03-16,Express,Credit Card,90
OD9743,2018-03-13,2018-03-13,2018-03-13,2018-03-13,Same Day,Cash,120
OD9744,2017-07-01,2017-07-02,2017-07-07,2017-07-10,Standard,Cash,30
OD9745,2016-12-10,2016-12-10,2016-12-10,2016-12-10,Same Day,UPI,150
OD9746,2018-09-29,2018-09-30,2018-10-02,2018-10-04,Express,Cash,90
OD9747,2015-04-07,2015-04-08,2015-04-13,2015-04-13,Standard,UPI,40
OD9748,2017-02-05,2017-02-06,2017-02-11,2017-02-11,Standard,Credit Card,30
OD9749,2017-02-05,2017-02-06,2017-02-08,2017-02-09,Express,Credit Card,70
OD9750,2016-05-16,2016-05-16,2016-05-16,2016-05-16,Same Day,UPI,120
OD9751,2018-11-06,2018-11-06,2018-11-06,2018-11-06,Same Day,Cash,150
OD9752,2018-07-03,2018-07-03,2018-07-03,2018-07-03,Same Day,Cash,150
OD9753,2018-07-03,2018-07-03,2018-07-05,2018-07-04,Express,Cash,70
OD9754,2018-07-03,2018-07-05,2018-07-07,2018-07-07,Express,UPI,70
OD9755,2018-11-12,2018-11-14,2018-11-16,2018-11-16,Express,UPI,70
OD9756,2018-11-12,2018-11-12,2018-11-14,2018-11-14,Express,UPI,90
OD9757,2017-09-12,2017-09-12,2017-09-12,2017-09-12,Same Day,Cash,120
OD9758,2017-07-04,2017-07-04,2017-07-09,2017-07-09,Standard,UPI,50
OD9759,2017-07-04,2017-07-04,2017-07-04,2017-07-04,Same Day,Cash,120
OD9760,2018-11-12,2018-11-12,2018-11-12,2018-11-12,Same Day,Cash,100
OD9761,2018-07-03,2018-07-05,2018-07-07,2018-07-06,Express,Credit Card,70
OD9762,2015-12-31,2016-01-01,2016-01-03,2016-01-03,Express,Debit Card,90
OD9763,2016-12-06,2016-12-08,2016-12-13,2016-12-14,Standard,UPI,40
OD9764,2016-10-30,2016-11-01,2016-11-03,2016-11-02,Express,Cash,80
OD9765,2017-04-09,2017-04-09,2017-04-11,2017-04-13,Express,Cash,80
OD9766,2017-06-13,2017-06-13,2017-06-18,2017-06-19,Standard,UPI,30
OD9767,2017-10-17,2017-10-19,2017-10-24,2017-10-25,Standard,UPI,40
OD9768,2016-11-16,2016-11-18,2016-11-23,2016-11-24,Standard,Cash,30
OD9769,2018-05-18,2018-05-19,2018-05-21,2018-05-21,Express,Debit Card,90
OD9771,2018-10-27,2018-10-28,2018-10-30,2018-10-30,Express,UPI,70
OD9772,2016-05-13,2016-05-13,2016-05-13,2016-05-13,Same Day,UPI,120
OD9773,2018-06-30,2018-06-30,2018-07-02,2018-07-02,Express,UPI,70
OD9774,2017-04-24,2017-04-24,2017-04-24,2017-04-24,Same Day,Cash,150
OD9775,2015-10-20,2015-10-20,2015-10-20,2015-10-20,Same Day,Debit Card,100
OD9776,2017-09-02,2017-09-02,2017-09-02,2017-09-02,Same Day,Debit Card,120
OD9777,2016-12-08,2016-12-08,2016-12-08,2016-12-08,Same Day,Cash,120
OD9780,2018-09-17,2018-09-17,2018-09-22,2018-09-25,Standard,Debit Card,30
OD9781,2017-06-30,2017-06-30,2017-07-02,2017-07-02,Express,Debit Card,90
OD9782,2016-12-21,2016-12-23,2016-12-25,2016-12-25,Express,Debit Card,70
OD9783,2017-03-29,2017-03-30,2017-04-01,2017-04-03,Express,Credit Card,90
OD9784,2016-12-21,2016-12-23,2016-12-28,2016-12-28,Standard,Cash,30
OD9785,2016-11-27,2016-11-27,2016-11-27,2016-11-27,Same Day,Cash,120
OD9786,2016-08-02,2016-08-02,2016-08-02,2016-08-02,Same Day,Credit Card,120
OD9787,2016-10-01,2016-10-01,2016-10-01,2016-10-01,Same Day,UPI,150
OD9788,2016-09-25,2016-09-27,2016-09-29,2016-09-30,Express,Cash,70
OD9789,2018-10-03,2018-10-05,2018-10-10,2018-10-11,Standard,Credit Card,40
OD9790,2017-04-04,2017-04-04,2017-04-09,2017-04-09,Standard,UPI,30
OD9791,2016-08-02,2016-08-02,2016-08-02,2016-08-02,Same Day,Cash,150
OD9792,2016-09-25,2016-09-25,2016-09-25,2016-09-25,Same Day,Cash,100
OD9793,2018-11-13,2018-11-14,2018-11-16,2018-11-17,Express,Cash,70
OD9794,2016-12-19,2016-12-21,2016-12-23,2016-12-23,Express,Cash,90
OD9795,2016-06-20,2016-06-20,2016-06-20,2016-06-20,Same Day,UPI,150
OD9796,2017-01-11,2017-01-12,2017-01-17,2017-01-16,Standard,Credit Card,40
OD9797,2017-05-10,2017-05-10,2017-05-10,2017-05-10,Same Day,Credit Card,150
OD9798,2018-03-16,2018-03-17,2018-03-22,2018-03-21,Standard,UPI,40
OD9800,2018-12-25,2018-12-26,2018-12-31,2019-01-01,Standard,Debit Card,50
OD9801,2018-12-10,2018-12-11,2018-12-13,2018-12-13,Express,UPI,90
OD9802,2018-12-10,2018-12-11,2018-12-16,2018-12-18,Standard,Cash,30
OD9803,2018-03-31,2018-03-31,2018-04-02,2018-04-05,Express,UPI,90
OD9804,2017-04-17,2017-04-17,2017-04-19,2017-04-21,Express,Cash,90
OD9805,2015-03-16,2015-03-16,2015-03-21,2015-03-21,Standard,Credit Card,40
OD9806,2018-11-30,2018-12-02,2018-12-07,2018-12-10,Standard,Cash,40
OD9807,2017-02-08,2017-02-08,2017-02-08,2017-02-08,Same Day,Credit Card,100
OD9808,2016-05-26,2016-05-26,2016-05-26,2016-05-26,Same Day,UPI,150
OD9809,2017-12-24,2017-12-24,2017-12-26,2017-12-27,Express,UPI,70
OD9810,2017-06-16,2017-06-16,2017-06-16,2017-06-16,Same Day,Debit Card,150
OD9811,2018-05-19,2018-05-19,2018-05-21,2018-05-22,Express,Cash,90
OD9812,2018-09-30,2018-10-01,2018-10-06,2018-10-06,Standard,Credit Card,50
OD9813,2018-11-07,2018-11-07,2018-11-09,2018-11-11,Express,Debit Card,70
OD9814,2018-01-28,2018-01-29,2018-02-03,2018-02-03,Standard,Debit Card,50
OD9815,2016-11-08,2016-11-10,2016-11-12,2016-11-13,Express,Cash,90
OD9816,2018-03-13,2018-03-13,2018-03-13,2018-03-13,Same Day,UPI,100
OD9817,2017-12-22,2017-12-23,2017-12-25,2017-12-25,Express,Debit Card,80
OD9818,2015-10-31,2015-11-02,2015-11-04,2015-11-05,Express,Credit Card,80
OD9819,2018-03-16,2018-03-18,2018-03-20,2018-03-23,Express,Credit Card,90
OD9820,2018-11-07,2018-11-07,2018-11-07,2018-11-07,Same Day,Debit Card,100
OD9821,2018-02-26,2018-02-27,2018-03-01,2018-02-28,Express,UPI,90
OD9822,2018-03-13,2018-03-13,2018-03-13,2018-03-13,Same Day,Cash,100
OD9823,2015-11-11,2015-11-12,2015-11-14,2015-11-14,Express,Cash,70
OD9824,2015-08-08,2015-08-10,2015-08-15,2015-08-17,Standard,Cash,40
OD9825,2016-11-10,2016-11-10,2016-11-10,2016-11-10,Same Day,Cash,100
OD9826,2018-01-21,2018-01-21,2018-01-21,2018-01-21,Same Day,Credit Card,120
OD9827,2017-10-15,2017-10-16,2017-10-18,2017-10-18,Express,Cash,90
OD9828,2017-05-30,2017-05-30,2017-06-01,2017-06-01,Express,Cash,80
OD9829,2015-08-02,2015-08-04,2015-08-09,2015-08-09,Standard,Credit Card,30
OD9830,2017-08-23,2017-08-23,2017-08-25,2017-08-25,Express,Debit Card,70
OD9831,2018-11-26,2018-11-27,2018-12-02,2018-12-02,Standard,Credit Card,30
OD9832,2015-11-16,2015-11-17,2015-11-19,2015-11-21,Express,Cash,70
OD9833,2016-08-29,2016-08-29,2016-08-31,2016-08-31,Express,Cash,70
OD9834,2015-08-08,2015-08-10,2015-08-12,2015-08-12,Express,Credit Card,70
OD9835,2016-06-29,2016-06-29,2016-06-29,2016-06-29,Same Day,Credit Card,100
OD9836,2017-08-26,2017-08-28,2017-09-02,2017-09-03,Standard,Cash,50
OD9838,2018-01-14,2018-01-14,2018-01-14,2018-01-14,Same Day,Credit Card,100
OD9839,2018-01-14,2018-01-14,2018-01-14,2018-01-14,Same Day,Cash,120
OD9840,2018-11-26,2018-11-26,2018-11-26,2018-11-26,Same Day,Cash,120
OD9841,2015-09-12,2015-09-12,2015-09-17,2015-09-16,Standard,Cash,40
OD9842,2018-01-21,2018-01-23,2018-01-25,2018-01-27,Express,Credit Card,90
OD9843,2016-08-29,2016-08-29,2016-08-31,2016-08-31,Express,Debit Card,70
OD9844,2017-12-12,2017-12-13,2017-12-18,2017-12-18,Standard,Debit Card,40
OD9845,2018-01-21,2018-01-21,2018-01-21,2018-01-21,Same Day,Credit Card,120
OD9846,2018-02-17,2018-02-19,2018-02-24,2018-02-24,Standard,Debit Card,30
OD9847,2017-05-28,2017-05-28,2017-05-28,2017-05-28,Same Day,Debit Card,150
OD9848,2018-11-12,2018-11-12,2018-11-14,2018-11-16,Express,Cash,80
OD9849,2016-12-19,2016-12-20,2016-12-25,2016-12-25,Standard,UPI,30
OD9850,2018-11-12,2018-11-12,2018-11-14,2018-11-13,Express,Cash,70
OD9851,2018-12-14,2018-12-14,2018-12-16,2018-12-16,Express,Credit Card,90
OD9852,2018-10-12,2018-10-12,2018-10-17,2018-10-17,Standard,Cash,50
OD9853,2016-10-18,2016-10-19,2016-10-24,2016-10-24,Standard,Credit Card,30
OD9854,2018-12-14,2018-12-15,2018-12-17,2018-12-17,Express,UPI,80
OD9856,2015-07-14,2015-07-14,2015-07-14,2015-07-14,Same Day,Debit Card,100
OD9857,2017-03-08,2017-03-08,2017-03-08,2017-03-08,Same Day,Credit Card,150
OD9858,2018-05-06,2018-05-08,2018-05-10,2018-05-13,Express,Credit Card,80
OD9859,2017-08-23,2017-08-25,2017-08-27,2017-08-28,Express,Credit Card,70
OD9860,2018-10-12,2018-10-12,2018-10-12,2018-10-12,Same Day,Credit Card,100
OD9861,2018-04-10,2018-04-11,2018-04-13,2018-04-14,Express,Cash,90
OD9862,2015-03-03,2015-03-05,2015-03-07,2015-03-07,Express,UPI,80
OD9863,2018-09-15,2018-09-15,2018-09-20,2018-09-23,Standard,Cash,30
OD9864,2016-06-13,2016-06-13,2016-06-18,2016-06-18,Standard,Debit Card,30
OD9865,2018-12-14,2018-12-16,2018-12-21,2018-12-21,Standard,Debit Card,30
OD9866,2016-11-09,2016-11-09,2016-11-09,2016-11-09,Same Day,UPI,100
OD9867,2016-09-21,2016-09-22,2016-09-27,2016-09-26,Standard,Debit Card,40
OD9868,2016-08-11,2016-08-12,2016-08-17,2016-08-16,Standard,Credit Card,30
OD9869,2018-07-17,2018-07-17,2018-07-17,2018-07-17,Same Day,UPI,120
OD9870,2015-08-26,2015-08-28,2015-08-30,2015-08-30,Express,Cash,80
OD9871,2018-03-07,2018-03-07,2018-03-07,2018-03-07,Same Day,Debit Card,120
OD9872,2017-01-15,2017-01-17,2017-01-22,2017-01-22,Standard,Credit Card,40
OD9873,2018-06-17,2018-06-17,2018-06-17,2018-06-17,Same Day,UPI,120
OD9874,2018-11-30,2018-12-01,2018-12-06,2018-12-06,Standard,Credit Card,30
OD9875,2015-03-01,2015-03-01,2015-03-03,2015-03-03,Express,Debit Card,70
OD9876,2018-03-11,2018-03-11,2018-03-16,2018-03-16,Standard,Cash,30
OD9877,2018-10-06,2018-10-06,2018-10-06,2018-10-06,Same Day,Debit Card,120
OD9879,2018-11-16,2018-11-17,2018-11-19,2018-11-18,Express,UPI,80
OD9880,2017-11-13,2017-11-15,2017-11-20,2017-11-20,Standard,UPI,30
OD9881,2017-08-29,2017-08-29,2017-09-03,2017-09-03,Standard,UPI,30
OD9882,2017-03-09,2017-03-10,2017-03-12,2017-03-12,Express,Debit Card,90
OD9883,2018-06-17,2018-06-17,2018-06-17,2018-06-17,Same Day,Cash,120
OD9884,2018-08-06,2018-08-06,2018-08-06,2018-08-06,Same Day,UPI,100
OD9885,2017-12-02,2017-12-03,2017-12-08,2017-12-09,Standard,UPI,50
OD9886,2017-04-06,2017-04-06,2017-04-06,2017-04-06,Same Day,Cash,100
OD9887,2016-09-07,2016-09-09,2016-09-11,2016-09-10,Express,Debit Card,80
OD9888,2018-01-28,2018-01-30,2018-02-04,2018-02-04,Standard,UPI,40
OD9889,2017-10-04,2017-10-04,2017-10-04,2017-10-04,Same Day,Cash,120
OD9890,2018-07-03,2018-07-03,2018-07-03,2018-07-03,Same Day,Cash,150
OD9891,2017-11-03,2017-11-05,2017-11-07,2017-11-06,Express,Credit Card,70
OD9892,2015-09-26,2015-09-26,2015-09-26,2015-09-26,Same Day,UPI,150
OD9893,2016-12-03,2016-12-03,2016-12-05,2016-12-05,Express,Cash,90
OD9894,2016-11-14,2016-11-16,2016-11-21,2016-11-21,Standard,Cash,50
OD9895,2017-01-22,2017-01-22,2017-01-22,2017-01-22,Same Day,Credit Card,150
OD9896,2017-03-15,2017-03-16,2017-03-18,2017-03-20,Express,UPI,90
OD9897,2016-08-21,2016-08-21,2016-08-21,2016-08-21,Same Day,Cash,120
OD9898,2017-11-10,2017-11-10,2017-11-10,2017-11-10,Same Day,Debit Card,100
OD9899,2018-06-02,2018-06-03,2018-06-05,2018-06-07,Express,Credit Card,90
OD9900,2017-07-07,2017-07-09,2017-07-11,2017-07-11,Express,Debit Card,80
OD9902,2016-04-05,2016-04-05,2016-04-10,2016-04-09,Standard,Cash,50
OD9903,2018-09-24,2018-09-24,2018-09-24,2018-09-24,Same Day,Cash,120
OD9904,2018-03-10,2018-03-10,2018-03-10,2018-03-10,Same Day,UPI,150
OD9905,2017-03-06,2017-03-06,2017-03-06,2017-03-06,Same Day,UPI,120
OD9907,2018-03-11,2018-03-12,2018-03-17,2018-03-19,Standard,UPI,50
OD9908,2017-12-23,2017-12-23,2017-12-23,2017-12-23,Same Day,Credit Card,100
OD9909,2016-04-05,2016-04-05,2016-04-05,2016-04-05,Same Day,Cash,150
OD9910,2018-07-21,2018-07-23,2018-07-25,2018-07-25,Express,Debit Card,80
OD9911,2017-11-10,2017-11-10,2017-11-10,2017-11-10,Same Day,Debit Card,150
OD9912,2018-12-01,2018-12-03,2018-12-05,2018-12-07,Express,Debit Card,80
OD9913,2016-11-27,2016-11-27,2016-12-02,2016-12-02,Standard,UPI,30
OD9914,2018-08-26,2018-08-26,2018-08-28,2018-08-28,Express,Credit Card,80
OD9915,2018-09-24,2018-09-24,2018-09-24,2018-09-24,Same Day,Cash,100
OD9916,2015-01-06,2015-01-06,2015-01-06,2015-01-06,Same Day,UPI,100
OD9917,2015-01-26,2015-01-26,2015-01-26,2015-01-26,Same Day,Cash,120
OD9918,2017-11-01,2017-11-01,2017-11-06,2017-11-07,Standard,Credit Card,40
OD9919,2015-11-05,2015-11-06,2015-11-11,2015-11-11,Standard,Credit Card,50
OD9921,2018-05-27,2018-05-27,2018-05-29,2018-05-29,Express,Cash,80
OD9922,2016-05-30,2016-05-30,2016-05-30,2016-05-30,Same Day,Debit Card,120
OD9923,2015-01-06,2015-01-08,2015-01-13,2015-01-14,Standard,Credit Card,50
OD9924,2018-05-01,2018-05-01,2018-05-01,2018-05-01,Same Day,UPI,120
OD9925,2018-08-17,2018-08-17,2018-08-19,2018-08-18,Express,Credit Card,70
OD9926,2015-01-26,2015-01-28,2015-01-30,2015-01-30,Express,UPI,80
OD9927,2016-07-24,2016-07-24,2016-07-29,2016-07-29,Standard,UPI,40
OD9929,2018-07-31,2018-08-01,2018-08-03,2018-08-02,Express,UPI,90
OD9930,2018-04-23,2018-04-23,2018-04-23,2018-04-23,Same Day,Credit Card,120
OD9931,2018-04-07,2018-04-09,2018-04-11,2018-04-10,Express,Credit Card,90
OD9932,2018-10-07,2018-10-07,2018-10-09,2018-10-09,Express,UPI,80
OD9933,2018-11-09,2018-11-09,2018-11-11,2018-11-11,Express,Cash,80
OD9934,2017-09-26,2017-09-26,2017-10-01,2017-10-04,Standard,UPI,40
OD9936,2017-10-24,2017-10-24,2017-10-24,2017-10-24,Same Day,Credit Card,100
OD9937,2018-11-09,2018-11-11,2018-11-13,2018-11-12,Express,Credit Card,80
OD9938,2018-09-24,2018-09-24,2018-09-29,2018-09-29,Standard,UPI,50
OD9939,2015-08-12,2015-08-14,2015-08-19,2015-08-19,Standard,Debit Card,30
OD9940,2015-11-02,2015-11-02,2015-11-02,2015-11-02,Same Day,Debit Card,100
OD9941,2015-03-18,2015-03-18,2015-03-18,2015-03-18,Same Day,UPI,100
OD9942,2015-03-18,2015-03-19,2015-03-24,2015-03-24,Standard,Credit Card,40
OD9943,2018-05-07,2018-05-07,2018-05-07,2018-05-07,Same Day,UPI,100
OD9944,2015-11-21,2015-11-21,2015-11-21,2015-11-21,Same Day,UPI,120
OD9945,2017-06-06,2017-06-06,2017-06-11,2017-06-11,Standard,UPI,40
OD9946,2016-11-20,2016-11-21,2016-11-23,2016-11-23,Express,Cash,90
OD9947,2018-09-03,2018-09-03,2018-09-05,2018-09-05,Express,Cash,90
OD9948,2016-11-03,2016-11-05,2016-11-07,2016-11-07,Express,Debit Card,80
OD9949,2016-10-19,2016-10-21,2016-10-26,2016-10-26,Standard,UPI,30
OD9950,2015-12-24,2015-12-26,2015-12-31,2015-12-30,Standard,UPI,40
OD9951,2016-11-27,2016-11-28,2016-11-30,2016-11-30,Express,Cash,90
OD9952,2018-11-06,2018-11-06,2018-11-08,2018-11-08,Express,Cash,90
OD9953,2015-04-08,2015-04-08,2015-04-13,2015-04-12,Standard,Cash,40
OD9955,2017-10-24,2017-10-25,2017-10-27,2017-10-28,Express,Credit Card,80
OD9956,2018-10-01,2018-10-02,2018-10-04,2018-10-06,Express,Debit Card,70
OD9957,2015-10-11,2015-10-11,2015-10-16,2015-10-16,Standard,Credit Card,40
OD9959,2018-02-20,2018-02-22,2018-02-27,2018-02-28,Standard,UPI,50
OD9961,2017-11-18,2017-11-20,2017-11-22,2017-11-22,Express,Cash,90
OD9962,2017-01-31,2017-01-31,2017-02-02,2017-02-03,Express,Debit Card,80
OD9963,2018-05-30,2018-05-30,2018-05-30,2018-05-30,Same Day,UPI,150
OD9964,2018-01-23,2018-01-23,2018-01-28,2018-01-28,Standard,Debit Card,30
OD9965,2018-05-30,2018-05-31,2018-06-05,2018-06-08,Standard,Credit Card,40
OD9966,2018-07-17,2018-07-17,2018-07-17,2018-07-17,Same Day,Cash,100
OD9967,2017-12-06,2017-12-06,2017-12-06,2017-12-06,Same Day,UPI,100
OD9968,2017-11-24,2017-11-24,2017-11-24,2017-11-24,Same Day,UPI,100
OD9969,2018-03-06,2018-03-07,2018-03-12,2018-03-11,Standard,Credit Card,30
OD9970,2015-08-09,2015-08-09,2015-08-09,2015-08-09,Same Day,Debit Card,120
OD9971,2017-09-17,2017-09-17,2017-09-22,2017-09-22,Standard,Debit Card,30
OD9972,2018-10-02,2018-10-03,2018-10-05,2018-10-07,Express,Credit Card,70
OD9973,2018-02-20,2018-02-22,2018-02-24,2018-02-24,Express,UPI,80
OD9975,2015-12-24,2015-12-25,2015-12-30,2015-12-30,Standard,Credit Card,30
OD9976,2018-11-21,2018-11-21,2018-11-23,2018-11-23,Express,UPI,90
OD9977,2017-06-06,2017-06-06,2017-06-08,2017-06-07,Express,UPI,70
OD9978,2015-03-28,2015-03-30,2015-04-04,2015-04-04,Standard,Credit Card,30
OD9979,2016-03-19,2016-03-19,2016-03-19,2016-03-19,Same Day,UPI,120
OD9980,2015-03-18,2015-03-20,2015-03-22,2015-03-22,Express,UPI,80
OD9981,2018-08-31,2018-08-31,2018-08-31,2018-08-31,Same Day,Debit Card,100
OD9982,2015-08-09,2015-08-11,2015-08-13,2015-08-12,Express,Credit Card,80
OD9983,2018-08-28,2018-08-30,2018-09-04,2018-09-05,Standard,Debit Card,30
OD9984,2017-12-06,2017-12-06,2017-12-11,2017-12-11,Standard,Credit Card,50
OD9985,2016-08-31,2016-08-31,2016-09-05,2016-09-07,Standard,Debit Card,50
OD9986,2016-11-13,2016-11-15,2016-11-20,2016-11-23,Standard,UPI,50
OD9987,2018-05-08,2018-05-09,2018-05-11,2018-05-11,Express,Credit Card,70
OD9988,2015-10-19,2015-10-21,2015-10-26,2015-10-29,Standard,Credit Card,40
OD9989,2016-11-03,2016-11-03,2016-11-03,2016-11-03,Same Day,UPI,150
OD9990,2015-12-24,2015-12-25,2015-12-27,2015-12-27,Express,Credit Card,90
OD9991,2015-07-12,2015-07-13,2015-07-18,2015-07-21,Standard,UPI,40
OD9992,2017-06-06,2017-06-07,2017-06-12,2017-06-12,Standard,UPI,50
OD9993,2018-10-16,2018-10-18,2018-10-20,2018-10-20,Express,Debit Card,90
OD9994,2018-04-17,2018-04-17,2018-04-19,2018-04-19,Express,Cash,80
